Measure temperature,Species,Phenotype,Measure temperature2,Target Temperature,Colony.ID,Time (minutes),Total duration (hours),Sample Volume (mL),Best avg alkalinity,Difference,Change in alkalinity_mean divided by 2,mol CaCO3h-1,umol CaCO3h-1,Frag volume (cm3),Total volume via displacement (cm3),Surface area coral (cm2),Surface area plug (cm2),Actual surface area (cm2),umol CaCO3h-1 cm-2,umol CaCO3h-1 cm-2 - blank
19.5,Montipora capitata,Susceptible,19.5,18,1,68,1.133333333,383.755,2193.3,-3.35,-1.675,-583.048001,-0.583048001,7.184801821,376.5701982,30.47991051,3.117221628,27.36268889,-0.02130814,
23.2,Montipora capitata,Susceptible,23.2,22,1,69,1.15,383.602,2192.55,12.4,6.2,2126.022354,2.126022354,7.184801821,376.4171982,30.47991051,3.117221628,27.36268889,0.077697859,
26.4,Montipora capitata,Susceptible,26.4,25,1,66,1.1,380.347,2150.95,12.15,6.075,2159.368227,2.159368227,7.184801821,373.1621982,30.47991051,3.117221628,27.36268889,0.078916522,
29.4,Montipora capitata,Susceptible,29.4,28,1,67,1.133333333,384.456,2170.45,26.65,13.325,4646.750059,4.646750059,7.184801821,377.2711982,30.47991051,3.117221628,27.36268889,0.169820666,
32.5,Montipora capitata,Susceptible,32.5,31,1,68,1.133333333,382.62,2163.25,24.6,12.3,4268.823819,4.268823819,7.184801821,375.4351982,30.47991051,3.117221628,27.36268889,0.15600893,
35.5,Montipora capitata,Susceptible,35.5,34,1,67,1.116666667,390.877,2167.7,26.65,13.325,4794.870657,4.794870657,7.184801821,383.6921982,30.47991051,3.117221628,27.36268889,0.175233899,
39.4,Montipora capitata,Susceptible,39.4,38,1,67,1.116666667,385.336,2205.25,-18.95,-9.475,-3361.153648,-3.361153648,7.184801821,378.1511982,30.47991051,3.117221628,27.36268889,-0.122837111,
19.5,Montipora capitata,Resistant,19.5,18,2,70,1.166666667,387.06,2177.3,22.2,11.1,3785.712213,3.785712213,9.4070409,377.6529591,39.72481155,3.117221628,36.60758992,0.103413315,
23.2,Montipora capitata,Resistant,23.2,22,2,69,1.15,377.333,2184,25.95,12.975,4376.505003,4.376505003,9.4070409,367.9259591,39.72481155,3.117221628,36.60758992,0.119551847,
26.4,Montipora capitata,Resistant,26.4,25,2,73,1.216666667,383,2131.15,51.1,25.55,8268.204,8.268204,9.4070409,373.5929591,39.72481155,3.117221628,36.60758992,0.225860375,
29.4,Montipora capitata,Resistant,29.4,28,2,67,1.116666667,385.616,2142.65,75.6,37.8,13418.88428,13.41888428,9.4070409,376.2089591,39.72481155,3.117221628,36.60758992,0.366560167,
32.5,Montipora capitata,Resistant,32.5,31,2,68,1.133333333,392.588,2167.8,35.6,17.8,6338.587288,6.338587288,9.4070409,383.1809591,39.72481155,3.117221628,36.60758992,0.173149538,
35.5,Montipora capitata,Resistant,35.5,34,2,70,1.166666667,381.876,2168.45,16.7,8.35,2809.669036,2.809669036,9.4070409,372.4689591,39.72481155,3.117221628,36.60758992,0.076750997,
39.4,Montipora capitata,Resistant,39.4,38,2,68,1.133333333,385.505,2201.85,-24.05,-12.025,-4204.850434,-4.204850434,9.4070409,376.0979591,39.72481155,3.117221628,36.60758992,-0.114862804,
19.5,Montipora capitata,Susceptible,19.5,18,3,69,1.15,387.514,2182.35,11.6,5.8,2009.142151,2.009142151,5.591989547,381.9220105,24.76646419,3.117221628,21.64924256,0.09280427,
23.2,Montipora capitata,Susceptible,23.2,22,3,70,1.166666667,382.47,2177.85,30.8,15.4,5189.964912,5.189964912,5.591989547,376.8780105,24.76646419,3.117221628,21.64924256,0.23972963,
26.4,Montipora capitata,Susceptible,26.4,25,3,69,1.15,385.644,2184.4,18.2,9.1,3137.063036,3.137063036,5.591989547,380.0520105,24.76646419,3.117221628,21.64924256,0.144904055,
29.4,Montipora capitata,Susceptible,29.4,28,3,69,1.15,375.471,2177.1,20.25,10.125,3398.339047,3.398339047,5.591989547,369.8790105,24.76646419,3.117221628,21.64924256,0.156972653,
32.5,Montipora capitata,Susceptible,32.5,31,3,69,1.15,384.801,2174.35,7.25,3.625,1246.922545,1.246922545,5.591989547,379.2090105,24.76646419,3.117221628,21.64924256,0.05759659,
35.5,Montipora capitata,Susceptible,35.5,34,3,70,1.166666667,380,2186.55,7,3.5,1171.92,1.17192,5.591989547,374.4080105,24.76646419,3.117221628,21.64924256,0.054132148,
39.4,Montipora capitata,Susceptible,39.4,38,3,67,1.116666667,374.692,2206.8,-27.35,-13.675,-4717.059105,-4.717059105,5.591989547,369.1000105,24.76646419,3.117221628,21.64924256,-0.217885642,
19.5,Montipora capitata,Resistant,19.5,18,4,68,1.133333333,382.69,2161.85,28.1,14.05,4877.068894,4.877068894,8.954781811,373.7352182,37.43827607,3.117221628,34.32105444,0.142101371,
23.2,Montipora capitata,Resistant,23.2,22,4,68,1.133333333,379.777,2172.5,32.45,16.225,5589.189279,5.589189279,8.954781811,370.8222182,37.43827607,3.117221628,34.32105444,0.162850162,
26.4,Montipora capitata,Resistant,26.4,25,4,66,1.1,382.973,2142.15,20.95,10.475,3749.06196,3.74906196,8.954781811,374.0182182,37.43827607,3.117221628,34.32105444,0.109235046,
29.4,Montipora capitata,Resistant,29.4,28,4,67,1.116666667,384.573,2141.8,55.3,27.65,9789.116298,9.789116298,8.954781811,375.6182182,37.43827607,3.117221628,34.32105444,0.285221898,
32.5,Montipora capitata,Resistant,32.5,31,4,68,1.133333333,381.126,2143.8,44.05,22.025,7614.124018,7.614124018,8.954781811,372.1712182,37.43827607,3.117221628,34.32105444,0.221849944,
35.5,Montipora capitata,Resistant,35.5,34,4,67,1.116666667,384.587,2167.1,27.25,13.625,4823.926402,4.823926402,8.954781811,375.6322182,37.43827607,3.117221628,34.32105444,0.140552978,
39.4,Montipora capitata,Resistant,39.4,38,4,67,1.116666667,378.471,2218.1,-31.8,-15.9,-5539.866438,-5.539866438,8.954781811,369.5162182,37.43827607,3.117221628,34.32105444,-0.161413061,
19.5,Montipora capitata,Resistant,19.5,18,12,71,1.183333333,379.353,2164.35,2.95,1.475,486.095454,0.486095454,7.524321089,371.8286789,29.03810725,3.117221628,25.92088563,0.018753042,
23.2,Montipora capitata,Resistant,23.2,22,12,74,1.233333333,384.98,2187.25,15.9,7.95,2551.043958,2.551043958,7.524321089,377.4556789,29.03810725,3.117221628,25.92088563,0.098416543,
26.4,Montipora capitata,Resistant,26.4,25,12,69,1.15,382.755,2157.2,34.55,17.275,5910.635842,5.910635842,7.524321089,375.2306789,29.03810725,3.117221628,25.92088563,0.228025999,
29.4,Montipora capitata,Resistant,29.4,28,12,66,1.1,350.28,2171.85,29.85,14.925,4885.737284,4.885737284,7.524321089,342.7556789,29.03810725,3.117221628,25.92088563,0.188486511,
32.5,Montipora capitata,Resistant,32.5,31,12,72,1.2,383.495,2165.35,21.8,10.9,3580.948478,3.580948478,7.524321089,375.9706789,29.03810725,3.117221628,25.92088563,0.138149156,
35.5,Montipora capitata,Resistant,35.5,34,12,70,1.166666667,386.55,2193.55,19.75,9.875,3363.481993,3.363481993,7.524321089,379.0256789,29.03810725,3.117221628,25.92088563,0.129759532,
39.4,Montipora capitata,Resistant,39.4,38,12,70,1.166666667,380.795,2208.6,-14.9,-7.45,-2499.734217,-2.499734217,7.524321089,373.2706789,29.03810725,3.117221628,25.92088563,-0.096437068,
19.5,Montipora capitata,Susceptible,19.5,18,19,71,1.183333333,369.9,2172.4,28.5,14.25,4579.153606,4.579153606,5.881418773,364.0185812,25.8183887,3.117221628,22.70116707,0.201714458,
23.2,Montipora capitata,Susceptible,23.2,22,19,72,1.2,380.659,2219.7,24.1,12.05,3929.479414,3.929479414,5.881418773,374.7775812,25.8183887,3.117221628,22.70116707,0.173095921,
26.4,Montipora capitata,Susceptible,26.4,25,19,70,1.166666667,369.517,2181.6,19.55,9.775,3182.713267,3.182713267,5.881418773,363.6355812,25.8183887,3.117221628,22.70116707,0.140200425,
29.4,Montipora capitata,Susceptible,29.4,28,19,71,1.183333333,371.343,2166.6,37.9,18.95,6113.226292,6.113226292,5.881418773,365.4615812,25.8183887,3.117221628,22.70116707,0.269291278,
32.5,Montipora capitata,Susceptible,32.5,31,19,71,1.183333333,388.179,2165.5,37.35,18.675,6297.652077,6.297652077,5.881418773,382.2975812,25.8183887,3.117221628,22.70116707,0.277415344,
35.5,Montipora capitata,Susceptible,35.5,34,19,72,1.2,392.101,2176.55,15.9,7.95,2670.40386,2.67040386,5.881418773,386.2195812,25.8183887,3.117221628,22.70116707,0.117632889,
39.4,Montipora capitata,Susceptible,39.4,38,19,70,1.166666667,385.852,2224.1,-25.6,-12.8,-4351.881392,-4.351881392,5.881418773,379.9705812,25.8183887,3.117221628,22.70116707,-0.191702981,
19.5,Montipora capitata,Resistant,19.5,18,20,68,1.133333333,362.121,2172.25,17.7,8.85,2906.915677,2.906915677,10.89889287,351.2221071,42.96845925,3.117221628,39.85123762,0.072944176,
23.2,Montipora capitata,Resistant,23.2,22,20,69,1.15,374.884,2178.8,26.15,13.075,4381.611593,4.381611593,10.89889287,363.9851071,42.96845925,3.117221628,39.85123762,0.109949197,
26.4,Montipora capitata,Resistant,26.4,25,20,67,1.116666667,371.519,2129.1,34,17,5814.327801,5.814327801,10.89889287,360.6201071,42.96845925,3.117221628,39.85123762,0.145900809,
29.4,Montipora capitata,Resistant,29.4,28,20,68,1.133333333,365.107,2137.15,59.95,29.975,9926.926438,9.926926438,10.89889287,354.2081071,42.96845925,3.117221628,39.85123762,0.249099577,
32.5,Montipora capitata,Resistant,32.5,31,20,69,1.15,376.708,2114.4,73.45,36.725,12366.93055,12.36693055,10.89889287,365.8091071,42.96845925,3.117221628,39.85123762,0.31032739,
35.5,Montipora capitata,Resistant,35.5,34,20,68,1.133333333,377.147,2160.9,33.45,16.725,5721.530749,5.721530749,10.89889287,366.2481071,42.96845925,3.117221628,39.85123762,0.143572222,
39.4,Montipora capitata,Resistant,39.4,38,20,68,1.133333333,378.624,2209.45,-23.15,-11.575,-3975.251328,-3.975251328,10.89889287,367.7251071,42.96845925,3.117221628,39.85123762,-0.099752268,
19.5,Porites compressa,Resistant,19.5,18,26,71,1.183333333,375.073,2155.55,11.75,5.875,1914.298634,1.914298634,8.342910523,366.7300895,27.9988947,3.117221628,24.88167307,0.07693609,
23.2,Porites compressa,Resistant,23.2,22,26,74,1.233333333,368.754,2170.45,32.7,16.35,5025.359579,5.025359579,8.342910523,360.4110895,27.9988947,3.117221628,24.88167307,0.201970324,
26.4,Porites compressa,Resistant,26.4,25,26,69,1.15,387.534,2148.95,42.8,21.4,7413.424324,7.413424324,8.342910523,379.1910895,27.9988947,3.117221628,24.88167307,0.29794718,
29.4,Porites compressa,Resistant,29.4,28,26,66,1.1,373.937,2150.9,50.8,25.4,8876.31254,8.87631254,8.342910523,365.5940895,27.9988947,3.117221628,24.88167307,0.356740984,
32.5,Porites compressa,Resistant,32.5,31,26,71,1.183333333,373.9,2148.3,38.85,19.425,6309.609896,6.309609896,8.342910523,365.5570895,27.9988947,3.117221628,24.88167307,0.253584631,
35.5,Porites compressa,Resistant,35.5,34,26,71,1.183333333,381.333,2172.8,40.5,20.25,6708.345685,6.708345685,8.342910523,372.9900895,27.9988947,3.117221628,24.88167307,0.269609912,
39.4,Porites compressa,Resistant,39.4,38,26,70,1.166666667,376.626,2206.3,-12.6,-6.3,-2090.726251,-2.090726251,8.342910523,368.2830895,27.9988947,3.117221628,24.88167307,-0.084026755,
19.5,Porites compressa,Susceptible,19.5,18,27,69,1.15,395.787,2179,20.5,10.25,3626.441408,3.626441408,7.886955258,387.9000447,26.88301901,3.117221628,23.76579738,0.152590774,
23.2,Porites compressa,Susceptible,23.2,22,27,69,1.15,383.414,2174.85,35.1,17.55,6015.065513,6.015065513,7.886955258,375.5270447,26.88301901,3.117221628,23.76579738,0.253097568,
26.4,Porites compressa,Susceptible,26.4,25,27,73,1.216666667,383.026,2127.9,54.35,27.175,8794.665233,8.794665233,7.886955258,375.1390447,26.88301901,3.117221628,23.76579738,0.37005555,
29.4,Porites compressa,Susceptible,29.4,28,27,67,1.116666667,381.352,2150.05,68.2,34.1,11971.53859,11.97153859,7.886955258,373.4650447,26.88301901,3.117221628,23.76579738,0.503729725,
32.5,Porites compressa,Susceptible,32.5,31,27,68,1.133333333,386.381,2163.3,40.1,20.05,7026.929421,7.026929421,7.886955258,378.4940447,26.88301901,3.117221628,23.76579738,0.295674044,
35.5,Porites compressa,Susceptible,35.5,34,27,70,1.166666667,382.34,2158.2,26.95,13.475,4539.675756,4.539675756,7.886955258,374.4530447,26.88301901,3.117221628,23.76579738,0.191017187,
39.4,Porites compressa,Susceptible,39.4,38,27,68,1.133333333,385.932,2194.35,-16.55,-8.275,-2896.771539,-2.896771539,7.886955258,378.0450447,26.88301901,3.117221628,23.76579738,-0.121888254,
19.5,Porites compressa,Resistant,19.5,18,28,70,1.166666667,380.156,2163.85,30.1,15.05,5041.324747,5.041324747,6.700760372,373.4552396,25.74793651,3.117221628,22.63071488,0.222764715,
23.2,Porites compressa,Resistant,23.2,22,28,70,1.166666667,379.308,2172.7,35.95,17.975,6007.686014,6.007686014,6.700760372,372.6072396,25.74793651,3.117221628,22.63071488,0.265466029,
26.4,Porites compressa,Resistant,26.4,25,28,69,1.15,385.333,2165.7,36.9,18.45,6355.179894,6.355179894,6.700760372,378.6322396,25.74793651,3.117221628,22.63071488,0.280820996,
29.4,Porites compressa,Resistant,29.4,28,28,68,1.133333333,386.166,2157.4,39.95,19.975,6996.748671,6.996748671,6.700760372,379.4652396,25.74793651,3.117221628,22.63071488,0.309170466,
32.5,Porites compressa,Resistant,32.5,31,28,68,1.133333333,385.053,2136.35,45.25,22.625,7902.136942,7.902136942,6.700760372,378.3522396,25.74793651,3.117221628,22.63071488,0.349177522,
35.5,Porites compressa,Resistant,35.5,34,28,70,1.166666667,375.028,2182.6,10.95,5.475,1809.231508,1.809231508,6.700760372,368.3272396,25.74793651,3.117221628,22.63071488,0.07994584,
39.4,Porites compressa,Resistant,39.4,38,28,67,1.116666667,378.559,2204.8,-25.35,-12.675,-4417.241117,-4.417241117,6.700760372,371.8582396,25.74793651,3.117221628,22.63071488,-0.195187874,
19.5,Porites compressa,Susceptible,19.5,18,29,71,1.183333333,374.532,2167.2,33.7,16.85,5482.452167,5.482452167,9.017203994,365.514796,27.14326638,3.117221628,24.02604475,0.228187878,
23.2,Porites compressa,Susceptible,23.2,22,29,73,1.216666667,374.118,2189.85,53.95,26.975,8526.907706,8.526907706,9.017203994,365.100796,27.14326638,3.117221628,24.02604475,0.354902681,
26.4,Porites compressa,Susceptible,26.4,25,29,70,1.166666667,378.726,2137.6,63.55,31.775,10603.68958,10.60368958,9.017203994,369.708796,27.14326638,3.117221628,24.02604475,0.441341456,
29.4,Porites compressa,Susceptible,29.4,28,29,71,1.183333333,372.495,2127.75,76.75,38.375,12418.09141,12.41809141,9.017203994,363.477796,27.14326638,3.117221628,24.02604475,0.51685958,
32.5,Porites compressa,Susceptible,32.5,31,29,71,1.183333333,372.044,2143.3,59.55,29.775,9623.478746,9.623478746,9.017203994,363.026796,27.14326638,3.117221628,24.02604475,0.400543612,
35.5,Porites compressa,Susceptible,35.5,34,29,71,1.183333333,375.632,2171.15,21.3,10.65,3475.347264,3.475347264,9.017203994,366.614796,27.14326638,3.117221628,24.02604475,0.144649163,
39.4,Porites compressa,Susceptible,39.4,38,29,71,1.183333333,371.936,2223.3,-24.8,-12.4,-4006.599363,-4.006599363,9.017203994,362.918796,27.14326638,3.117221628,24.02604475,-0.166760672,
19.5,Porites compressa,Susceptible,19.5,18,41,71,1.183333333,369.266,2154.85,46.05,23.025,7386.266569,7.386266569,13.16672412,356.0992759,44.26274305,3.117221628,41.14552142,0.179515688,
23.2,Porites compressa,Susceptible,23.2,22,41,73,1.216666667,366.805,2155.95,87.85,43.925,13613.46008,13.61346008,13.16672412,353.6382759,44.26274305,3.117221628,41.14552142,0.330861285,
26.4,Porites compressa,Susceptible,26.4,25,41,71,1.183333333,371.238,2084.75,116.4,58.2,18769.87694,18.76987694,13.16672412,358.0712759,44.26274305,3.117221628,41.14552142,0.456182746,
29.4,Porites compressa,Susceptible,29.4,28,41,71,1.183333333,357.426,2076.6,127.9,63.95,19856.95749,19.85695749,13.16672412,344.2592759,44.26274305,3.117221628,41.14552142,0.482603132,
32.5,Porites compressa,Susceptible,32.5,31,41,71,1.183333333,380.777,2094.85,108,54,17862.83901,17.86283901,13.16672412,367.6102759,44.26274305,3.117221628,41.14552142,0.434138113,
35.5,Porites compressa,Susceptible,35.5,34,41,71,1.183333333,376,2126.2,66.25,33.125,10820.06197,10.82006197,13.16672412,362.8332759,44.26274305,3.117221628,41.14552142,0.262970588,
39.4,Porites compressa,Susceptible,39.4,38,41,71,1.183333333,372.392,2221.25,-22.75,-11.375,-3679.914805,-3.679914805,13.16672412,359.2252759,44.26274305,3.117221628,41.14552142,-0.089436582,
19.5,Porites compressa,Resistant,19.5,18,42,71,1.183333333,383.505,2158.5,8.8,4.4,1465.918154,1.465918154,8.366347262,375.1386527,25.82563096,3.117221628,22.70840934,0.064553978,
23.2,Porites compressa,Resistant,23.2,22,42,74,1.233333333,382.804,2177,26.15,13.075,4171.870414,4.171870414,8.366347262,374.4376527,25.82563096,3.117221628,22.70840934,0.18371478,
26.4,Porites compressa,Resistant,26.4,25,42,69,1.15,386.915,2151.45,40.3,20.15,6969.247559,6.969247559,8.366347262,378.5486527,25.82563096,3.117221628,22.70840934,0.306901618,
29.4,Porites compressa,Resistant,29.4,28,42,65,1.083333333,382.757,2164.7,37,18.5,6719.328578,6.719328578,8.366347262,374.3906527,25.82563096,3.117221628,22.70840934,0.295896048,
32.5,Porites compressa,Resistant,32.5,31,42,71,1.183333333,390.012,2150.15,37,18.5,6268.097084,6.268097084,8.366347262,381.6456527,25.82563096,3.117221628,22.70840934,0.27602537,
35.5,Porites compressa,Resistant,35.5,34,42,70,1.166666667,389.555,2193.3,20,10,3432.536057,3.432536057,8.366347262,381.1886527,25.82563096,3.117221628,22.70840934,0.151157045,
39.4,Porites compressa,Resistant,39.4,38,42,70,1.166666667,386.885,2219.45,-25.75,-12.875,-4389.099786,-4.389099786,8.366347262,378.5186527,25.82563096,3.117221628,22.70840934,-0.193280812,
19.5,Porites compressa,Susceptible,19.5,18,43,69,1.15,383.16,2177.05,22.45,11.225,3844.694077,3.844694077,8.227855588,374.9321444,26.77330071,3.117221628,23.65607908,0.16252457,
23.2,Porites compressa,Susceptible,23.2,22,43,69,1.15,397.048,2166.35,43.6,21.8,7737.395217,7.737395217,8.227855588,388.8201444,26.77330071,3.117221628,23.65607908,0.327078515,
26.4,Porites compressa,Susceptible,26.4,25,43,73,1.216666667,387.69,2125.9,56.35,28.175,9229.326897,9.229326897,8.227855588,379.4621444,26.77330071,3.117221628,23.65607908,0.390146096,
29.4,Porites compressa,Susceptible,29.4,28,43,68,1.133333333,399.323,2141.95,76.3,38.15,13818.29054,13.81829054,8.227855588,391.0951444,26.77330071,3.117221628,23.65607908,0.584132751,
32.5,Porites compressa,Susceptible,32.5,31,43,68,1.133333333,395.535,2150.4,53,26.5,9507.498062,9.507498062,8.227855588,387.3071444,26.77330071,3.117221628,23.65607908,0.401905068,
35.5,Porites compressa,Susceptible,35.5,34,43,70,1.166666667,390.242,2166.15,19,9.5,3266.660033,3.266660033,8.227855588,382.0141444,26.77330071,3.117221628,23.65607908,0.138089665,
39.4,Porites compressa,Susceptible,39.4,38,43,67,1.116666667,399.43,2201.25,-23.45,-11.725,-4311.44742,-4.31144742,8.227855588,391.2021444,26.77330071,3.117221628,23.65607908,-0.182255369,
19.5,Porites compressa,Resistant,19.5,18,44,68,1.133333333,386.522,2164.75,25.2,12.6,4417.537201,4.417537201,6.681757764,379.8402422,23.29872243,3.117221628,20.1815008,0.218890421,
23.2,Porites compressa,Resistant,23.2,22,44,69,1.15,381.433,2180.5,24.45,12.225,4168.332992,4.168332992,6.681757764,374.7512422,23.29872243,3.117221628,20.1815008,0.20654227,
26.4,Porites compressa,Resistant,26.4,25,44,67,1.116666667,203.11,2118.05,45.05,22.525,4211.779905,4.211779905,6.681757764,196.4282422,23.29872243,3.117221628,20.1815008,0.208695079,
29.4,Porites compressa,Resistant,29.4,28,44,67,1.116666667,384.716,2130.2,66.9,33.45,11846.93302,11.84693302,6.681757764,378.0342422,23.29872243,3.117221628,20.1815008,0.587019426,
32.5,Porites compressa,Resistant,32.5,31,44,68,1.133333333,385.405,2119.9,67.95,33.975,11877.15057,11.87715057,6.681757764,378.7232422,23.29872243,3.117221628,20.1815008,0.588516716,
35.5,Porites compressa,Resistant,35.5,34,44,68,1.133333333,383.407,2167.15,27.2,13.6,4729.708752,4.729708752,6.681757764,376.7252422,23.29872243,3.117221628,20.1815008,0.234358624,
39.4,Porites compressa,Resistant,39.4,38,44,68,1.133333333,383.058,2198.1,-11.8,-5.9,-2049.991219,-2.049991219,6.681757764,376.3762422,23.29872243,3.117221628,20.1815008,-0.101577739,
19.5,Porites compressa,Susceptible,19.5,18,45,71,1.183333333,374.333,2152.45,14.85,7.425,2414.574385,2.414574385,6.745969959,367.58703,24.0071354,3.117221628,20.88991377,0.115585656,
23.2,Porites compressa,Susceptible,23.2,22,45,74,1.233333333,363.502,2165.1,38.05,19.025,5764.26735,5.76426735,6.745969959,356.75603,24.0071354,3.117221628,20.88991377,0.27593543,
26.4,Porites compressa,Susceptible,26.4,25,45,69,1.15,372.893,2138.4,53.35,26.675,8891.682223,8.891682223,6.745969959,366.14703,24.0071354,3.117221628,20.88991377,0.425644755,
29.4,Porites compressa,Susceptible,29.4,28,45,65,1.083333333,365.225,2133.8,67.9,33.95,11766.06612,11.76606612,6.745969959,358.47903,24.0071354,3.117221628,20.88991377,0.563241488,
32.5,Porites compressa,Susceptible,32.5,31,45,71,1.183333333,361.707,2135.4,51.75,25.875,8130.612969,8.130612969,6.745969959,354.96103,24.0071354,3.117221628,20.88991377,0.389212376,
35.5,Porites compressa,Susceptible,35.5,34,45,69,1.15,385.114,2187,26.3,13.15,4526.998326,4.526998326,6.745969959,378.36803,24.0071354,3.117221628,20.88991377,0.216707373,
39.4,Porites compressa,Susceptible,39.4,38,45,70,1.166666667,388.012,2211.3,-17.6,-8.8,-3008.66722,-3.00866722,6.745969959,381.26603,24.0071354,3.117221628,20.88991377,-0.144024875,
19.5,Porites compressa,Resistant,19.5,18,46,69,1.15,384.85,2166.4,33.1,16.55,5693.571296,5.693571296,8.034202633,376.8157974,28.1235077,3.117221628,25.00628607,0.227685602,
23.2,Porites compressa,Resistant,23.2,22,46,69,1.15,376.294,2167.65,42.3,21.15,7114.312528,7.114312528,8.034202633,368.2597974,28.1235077,3.117221628,25.00628607,0.284500965,
26.4,Porites compressa,Resistant,26.4,25,46,62,1.033333333,375.965,2130.95,51.3,25.65,9593.729335,9.593729335,8.034202633,367.9307974,28.1235077,3.117221628,25.00628607,0.383652707,
29.4,Porites compressa,Resistant,29.4,28,46,67,1.116666667,382.818,2128.25,90,45,15858.94986,15.85894986,8.034202633,374.7837974,28.1235077,3.117221628,25.00628607,0.63419853,
32.5,Porites compressa,Resistant,32.5,31,46,68,1.133333333,378.99,2123.1,80.3,40.15,13802.21387,13.80221387,8.034202633,370.9557974,28.1235077,3.117221628,25.00628607,0.551949771,
35.5,Porites compressa,Resistant,35.5,34,46,69,1.15,376.893,2144.8,40.35,20.175,6797.150548,6.797150548,8.034202633,368.8587974,28.1235077,3.117221628,25.00628607,0.271817675,
39.4,Porites compressa,Resistant,39.4,38,46,68,1.133333333,375.507,2187.5,-9.7,-4.85,-1651.943648,-1.651943648,8.034202633,367.4727974,28.1235077,3.117221628,25.00628607,-0.066061135,
19.5,Montipora capitata,Susceptible,19.5,18,201,72,1.2,363.083,2190.35,10.55,5.275,1640.74182,1.64074182,6.600201475,356.4827985,26.49802891,3.117221628,23.38080728,0.070174729,
23.2,Montipora capitata,Susceptible,23.2,22,201,73,1.216666667,380.362,2219.85,23.95,11.975,3848.523558,3.848523558,6.600201475,373.7617985,26.49802891,3.117221628,23.38080728,0.164601825,
26.4,Montipora capitata,Susceptible,26.4,25,201,70,1.166666667,374.614,2183.9,17.25,8.625,2847.012884,2.847012884,6.600201475,368.0137985,26.49802891,3.117221628,23.38080728,0.121767091,
29.4,Montipora capitata,Susceptible,29.4,28,201,71,1.183333333,385.42,2166.75,37.75,18.875,6319.856594,6.319856594,6.600201475,378.8197985,26.49802891,3.117221628,23.38080728,0.270301043,
32.5,Montipora capitata,Susceptible,32.5,31,201,71,1.183333333,367.719,2176.55,26.3,13.15,4200.759706,4.200759706,6.600201475,361.1187985,26.49802891,3.117221628,23.38080728,0.179667009,
35.5,Montipora capitata,Susceptible,35.5,34,201,72,1.2,377.825,2172.6,19.85,9.925,3212.425577,3.212425577,6.600201475,371.2247985,26.49802891,3.117221628,23.38080728,0.137395837,
39.4,Montipora capitata,Susceptible,39.4,38,201,71,1.183333333,384.122,2203.55,-5.05,-2.525,-842.5905426,-0.842590543,6.600201475,377.5217985,26.49802891,3.117221628,23.38080728,-0.036037701,
19.5,Montipora capitata,Resistant,19.5,18,202,70,1.166666667,377.979,2184.45,9.5,4.75,1582.004106,1.582004106,6.927371959,371.051628,26.43666269,3.117221628,23.31944106,0.067840567,
23.2,Montipora capitata,Resistant,23.2,22,202,70,1.166666667,387.318,2204.95,3.7,1.85,631.3726049,0.631372605,6.927371959,380.390628,26.43666269,3.117221628,23.31944106,0.027074946,
26.4,Montipora capitata,Resistant,26.4,25,202,69,1.15,381.775,2181,21.6,10.8,3685.755443,3.685755443,6.927371959,374.847628,26.43666269,3.117221628,23.31944106,0.158055051,
29.4,Montipora capitata,Resistant,29.4,28,202,69,1.15,384.016,2195.05,2.3,1.15,394.768448,0.394768448,6.927371959,377.088628,26.43666269,3.117221628,23.31944106,0.016928727,
32.5,Montipora capitata,Resistant,32.5,31,202,69,1.15,396.754,2179.8,1.8,0.9,319.1972181,0.319197218,6.927371959,389.826628,26.43666269,3.117221628,23.31944106,0.01368803,
35.5,Montipora capitata,Resistant,35.5,34,202,70,1.166666667,376.596,2186.95,6.6,3.3,1095.055089,1.095055089,6.927371959,369.668628,26.43666269,3.117221628,23.31944106,0.046958891,
39.4,Montipora capitata,Resistant,39.4,38,202,67,1.116666667,378.103,2214.8,-35.35,-17.675,-6152.322716,-6.152322716,6.927371959,371.175628,26.43666269,3.117221628,23.31944106,-0.263828052,
19.5,Montipora capitata,Susceptible,19.5,18,203,75,1.25,366.065,2179.1,21.8,10.9,3281.46523,3.28146523,7.222716176,358.8422838,28.55658368,3.117221628,25.43936205,0.128991648,
23.2,Montipora capitata,Susceptible,23.2,22,203,73,1.216666667,376.331,2219.15,24.65,12.325,3919.02855,3.91902855,7.222716176,369.1082838,28.55658368,3.117221628,25.43936205,0.154053728,
26.4,Montipora capitata,Susceptible,26.4,25,203,69,1.15,376.704,2167.3,33.85,16.925,5699.334979,5.699334979,7.222716176,369.4812838,28.55658368,3.117221628,25.43936205,0.224036081,
29.4,Montipora capitata,Susceptible,29.4,28,203,71,1.183333333,377.006,2164.75,39.75,19.875,6509.406836,6.509406836,7.222716176,369.7832838,28.55658368,3.117221628,25.43936205,0.255879327,
32.5,Montipora capitata,Susceptible,32.5,31,203,71,1.183333333,380.456,2169,33.85,16.925,5593.957097,5.593957097,7.222716176,373.2332838,28.55658368,3.117221628,25.43936205,0.219893765,
35.5,Montipora capitata,Susceptible,35.5,34,203,72,1.2,380.878,2176.5,15.95,7.975,2602.126756,2.602126756,7.222716176,373.6552838,28.55658368,3.117221628,25.43936205,0.102287422,
39.4,Montipora capitata,Susceptible,39.4,38,203,71,1.183333333,384.823,2224.75,-26.25,-13.125,-4387.795206,-4.387795206,7.222716176,377.6002838,28.55658368,3.117221628,25.43936205,-0.172480552,
19.5,Montipora capitata,Resistant,19.5,18,204,69,1.15,390.8,2185.15,14.35,7.175,2506.523235,2.506523235,7.228941468,383.5710585,27.00849511,3.117221628,23.89127348,0.104913756,
23.2,Montipora capitata,Resistant,23.2,22,204,69,1.15,391.65,2194.8,15.15,7.575,2652.015404,2.652015404,7.228941468,384.4210585,27.00849511,3.117221628,23.89127348,0.111003518,
26.4,Montipora capitata,Resistant,26.4,25,204,62,1.033333333,385.189,2145.25,37,18.5,7089.217163,7.089217163,7.228941468,377.9600585,27.00849511,3.117221628,23.89127348,0.296728308,
29.4,Montipora capitata,Resistant,29.4,28,204,68,1.133333333,379.311,2166.45,51.8,25.9,8911.086386,8.911086386,7.228941468,372.0820585,27.00849511,3.117221628,23.89127348,0.372984989,
32.5,Montipora capitata,Resistant,32.5,31,204,68,1.133333333,379.19,2179.45,23.95,11.975,4118.772933,4.118772933,7.228941468,371.9610585,27.00849511,3.117221628,23.89127348,0.172396542,
35.5,Montipora capitata,Resistant,35.5,34,204,70,1.166666667,383.608,2171.55,13.6,6.8,2298.491454,2.298491454,7.228941468,376.3790585,27.00849511,3.117221628,23.89127348,0.096206318,
39.4,Montipora capitata,Resistant,39.4,38,204,67,1.116666667,385.344,2187.9,-10.1,-5.05,-1791.470007,-1.791470007,7.228941468,378.1150585,27.00849511,3.117221628,23.89127348,-0.074984283,
19.5,Montipora capitata,Susceptible,19.5,18,205,69,1.15,356.117,2180.25,19.25,9.625,3063.999701,3.063999701,7.481643449,348.6353566,30.51059638,3.117221628,27.39337475,0.111851852,
23.2,Montipora capitata,Susceptible,23.2,22,205,69,1.15,367.42,2185.75,24.2,12.1,3974.142518,3.974142518,7.481643449,359.9383566,30.51059638,3.117221628,27.39337475,0.145076777,
26.4,Montipora capitata,Susceptible,26.4,25,205,73,1.216666667,375.838,2145.25,37,18.5,5874.811302,5.874811302,7.481643449,368.3563566,30.51059638,3.117221628,27.39337475,0.214461028,
29.4,Montipora capitata,Susceptible,29.4,28,205,67,1.116666667,371.164,2168.95,49.3,24.65,8422.719397,8.422719397,7.481643449,363.6823566,30.51059638,3.117221628,27.39337475,0.307472864,
32.5,Montipora capitata,Susceptible,32.5,31,205,68,1.133333333,382.542,2165.4,38,19,6592.773833,6.592773833,7.481643449,375.0603566,30.51059638,3.117221628,27.39337475,0.240670377,
35.5,Montipora capitata,Susceptible,35.5,34,205,70,1.166666667,381.69,2161.8,23.35,11.675,3926.575895,3.926575895,7.481643449,374.2083566,30.51059638,3.117221628,27.39337475,0.143340349,
39.4,Montipora capitata,Susceptible,39.4,38,205,68,1.133333333,380.671,2199.7,-21.9,-10.95,-3780.936334,-3.780936334,7.481643449,373.1893566,30.51059638,3.117221628,27.39337475,-0.138023751,
19.5,Montipora capitata,Resistant,19.5,18,206,70,1.166666667,363.638,2148.15,19.15,9.575,3067.993027,3.067993027,16.51521818,347.1227818,60.8656735,3.117221628,57.74845187,0.053126845,
23.2,Montipora capitata,Resistant,23.2,22,206,75,1.25,370.832,2148.45,54.7,27.35,8340.990676,8.340990676,16.51521818,354.3167818,60.8656735,3.117221628,57.74845187,0.144436611,
26.4,Montipora capitata,Resistant,26.4,25,206,69,1.15,367.294,2091.9,99.85,49.925,16391.8202,16.3918202,16.51521818,350.7787818,60.8656735,3.117221628,57.74845187,0.283848652,
29.4,Montipora capitata,Resistant,29.4,28,206,65,1.083333333,366.965,2047.05,154.65,77.325,26926.23189,26.92623189,16.51521818,350.4497818,60.8656735,3.117221628,57.74845187,0.466267597,
32.5,Montipora capitata,Resistant,32.5,31,206,71,1.183333333,357.404,2049,138.15,69.075,21446.98849,21.44698849,16.51521818,340.8887818,60.8656735,3.117221628,57.74845187,0.37138638,
35.5,Montipora capitata,Resistant,35.5,34,206,70,1.166666667,377.826,2153.9,59.4,29.7,9887.68483,9.88768483,16.51521818,361.3107818,60.8656735,3.117221628,57.74845187,0.171219912,
39.4,Montipora capitata,Resistant,39.4,38,206,70,1.166666667,373.712,2223.8,-30.1,-15.05,-4955.869574,-4.955869574,16.51521818,357.1967818,60.8656735,3.117221628,57.74845187,-0.085818224,
19.5,Montipora capitata,Susceptible,19.5,18,209,70,1.166666667,371.04,2163.4,3.9,1.95,637.5315291,0.637531529,6.776864662,364.2631353,29.75018821,3.117221628,26.63296658,0.023937684,
23.2,Montipora capitata,Susceptible,23.2,22,209,74,1.233333333,359.586,2188.4,14.75,7.375,2210.433453,2.210433453,6.776864662,352.8091353,29.75018821,3.117221628,26.63296658,0.082996141,
26.4,Montipora capitata,Susceptible,26.4,25,209,69,1.15,359.262,2158.05,33.7,16.85,5411.360445,5.411360445,6.776864662,352.4851353,29.75018821,3.117221628,26.63296658,0.20318279,
29.4,Montipora capitata,Susceptible,29.4,28,209,65,1.083333333,369.135,2163.2,38.5,19.25,6742.90386,6.74290386,6.776864662,362.3581353,29.75018821,3.117221628,26.63296658,0.25317885,
32.5,Montipora capitata,Susceptible,32.5,31,209,71,1.183333333,358.7,2158.6,28.55,14.275,4448.294273,4.448294273,6.776864662,351.9231353,29.75018821,3.117221628,26.63296658,0.16702211,
35.5,Montipora capitata,Susceptible,35.5,34,209,70,1.166666667,390.538,2181.55,31.75,15.875,5462.901335,5.462901335,6.776864662,383.7611353,29.75018821,3.117221628,26.63296658,0.205118019,
39.4,Montipora capitata,Susceptible,39.4,38,209,70,1.166666667,378.098,2204.5,-10.8,-5.4,-1799.055101,-1.799055101,6.776864662,371.3211353,29.75018821,3.117221628,26.63296658,-0.067549933,
19.5,Montipora capitata,Resistant,19.5,18,210,68,1.133333333,373.47,2164.45,25.5,12.75,4319.18055,4.31918055,9.683613649,363.7863864,37.02685717,3.117221628,33.90963554,0.127373252,
23.2,Montipora capitata,Resistant,23.2,22,210,69,1.15,379.088,2185.15,19.8,9.9,3354.829907,3.354829907,9.683613649,369.4043864,37.02685717,3.117221628,33.90963554,0.098934414,
26.4,Montipora capitata,Resistant,26.4,25,210,67,1.116666667,377.6,2131.6,31.5,15.75,5474.974567,5.474974567,9.683613649,367.9163864,37.02685717,3.117221628,33.90963554,0.161457783,
29.4,Montipora capitata,Resistant,29.4,28,210,68,1.133333333,376.488,2124.7,72.4,36.2,12362.1828,12.3621828,9.683613649,366.8043864,37.02685717,3.117221628,33.90963554,0.364562538,
32.5,Montipora capitata,Resistant,32.5,31,210,69,1.15,372.365,2123.65,64.2,32.1,10684.86797,10.68486797,9.683613649,362.6813864,37.02685717,3.117221628,33.90963554,0.315098284,
35.5,Montipora capitata,Resistant,35.5,34,210,68,1.133333333,374.81,2166.65,27.7,13.85,4708.649839,4.708649839,9.683613649,365.1263864,37.02685717,3.117221628,33.90963554,0.138858757,
39.4,Montipora capitata,Resistant,39.4,38,210,68,1.133333333,371.972,2217.1,-30.8,-15.4,-5195.967464,-5.195967464,9.683613649,362.2883864,37.02685717,3.117221628,33.90963554,-0.153229823,
19.5,Montipora capitata,Susceptible,19.5,18,211,69,1.15,382.072,2167.2,32.3,16.15,5515.857181,5.515857181,10.21080951,371.8611905,40.76997352,3.117221628,37.65275189,0.146492803,
23.2,Montipora capitata,Susceptible,23.2,22,211,69,1.15,379.025,2176.8,33.15,16.575,5615.865111,5.615865111,10.21080951,368.8141905,40.76997352,3.117221628,37.65275189,0.149148862,
26.4,Montipora capitata,Susceptible,26.4,25,211,63,1.05,378.815,2133.4,48.85,24.425,9058.693289,9.058693289,10.21080951,368.6041905,40.76997352,3.117221628,37.65275189,0.240585159,
29.4,Montipora capitata,Susceptible,29.4,28,211,67,1.116666667,383.919,2135.2,83.05,41.525,14676.37531,14.67637531,10.21080951,373.7081905,40.76997352,3.117221628,37.65275189,0.389782275,
32.5,Montipora capitata,Susceptible,32.5,31,211,68,1.133333333,376.684,2143.2,60.2,30.1,10284.40383,10.28440383,10.21080951,366.4731905,40.76997352,3.117221628,37.65275189,0.273138172,
35.5,Montipora capitata,Susceptible,35.5,34,211,69,1.15,380.296,2150.15,35,17.5,5949.152209,5.949152209,10.21080951,370.0851905,40.76997352,3.117221628,37.65275189,0.158000462,
39.4,Montipora capitata,Susceptible,39.4,38,211,68,1.133333333,376.43,2187.6,-9.8,-4.9,-1673.076349,-1.673076349,10.21080951,366.2191905,40.76997352,3.117221628,37.65275189,-0.044434371,
19.5,Montipora capitata,Resistant,19.5,18,212,72,1.2,374.626,2182.3,18.6,9.3,2984.645342,2.984645342,10.02446269,364.6015373,40.7697899,3.117221628,37.65256827,0.079268041,
23.2,Montipora capitata,Resistant,23.2,22,212,73,1.216666667,376.918,2209.3,34.5,17.25,5493.605666,5.493605666,10.02446269,366.8935373,40.7697899,3.117221628,37.65256827,0.145902548,
26.4,Montipora capitata,Resistant,26.4,25,212,70,1.166666667,372.75,2165.95,35.2,17.6,5780.6496,5.7806496,10.02446269,362.7255373,40.7697899,3.117221628,37.65256827,0.153526037,
29.4,Montipora capitata,Resistant,29.4,28,212,71,1.183333333,374.551,2166.6,37.9,18.95,6166.037924,6.166037924,10.02446269,364.5265373,40.7697899,3.117221628,37.65256827,0.163761417,
32.5,Montipora capitata,Resistant,32.5,31,212,71,1.183333333,401.949,2190.85,12,6,2095.116703,2.095116703,10.02446269,391.9245373,40.7697899,3.117221628,37.65256827,0.055643394,
35.5,Montipora capitata,Resistant,35.5,34,212,72,1.2,400.222,2179,13.45,6.725,2305.712294,2.305712294,10.02446269,390.1975373,40.7697899,3.117221628,37.65256827,0.061236521,
39.4,Montipora capitata,Resistant,39.4,38,212,71,1.183333333,392.965,2222.65,-24.15,-12.075,-4122.180711,-4.122180711,10.02446269,382.9405373,40.7697899,3.117221628,37.65256827,-0.109479403,
19.5,Montipora capitata,Susceptible,19.5,18,213,68,1.133333333,375.719,2180.7,9.25,4.625,1576.196458,1.576196458,6.658688346,369.0603117,26.53385073,3.117221628,23.4166291,0.067310989,
23.2,Montipora capitata,Susceptible,23.2,22,213,69,1.15,382.763,2201.35,3.6,1.8,615.8823089,0.615882309,6.658688346,376.1043117,26.53385073,3.117221628,23.4166291,0.026301066,
26.4,Montipora capitata,Susceptible,26.4,25,213,67,1.116666667,378.715,2161.8,1.3,0.65,226.618534,0.226618534,6.658688346,372.0563117,26.53385073,3.117221628,23.4166291,0.009677675,
29.4,Montipora capitata,Susceptible,29.4,28,213,68,1.116666667,377.943,2174.85,22.25,11.125,3870.756823,3.870756823,6.658688346,371.2843117,26.53385073,3.117221628,23.4166291,0.165299489,
32.5,Montipora capitata,Susceptible,32.5,31,213,69,1.15,379.608,2170.35,17.5,8.75,2969.194748,2.969194748,6.658688346,372.9493117,26.53385073,3.117221628,23.4166291,0.126798556,
35.5,Montipora capitata,Susceptible,35.5,34,213,68,1.133333333,378.495,2190.55,3.8,1.9,652.3027359,0.652302736,6.658688346,371.8363117,26.53385073,3.117221628,23.4166291,0.027856389,
39.4,Montipora capitata,Susceptible,39.4,38,213,68,1.133333333,375.333,2191.55,-5.25,-2.625,-893.6789122,-0.893678912,6.658688346,368.6743117,26.53385073,3.117221628,23.4166291,-0.038164285,
19.5,Montipora capitata,Resistant,19.5,18,214,69,1.15,381.819,2184.4,9.55,4.775,1629.7695,1.6297695,6.324130678,375.4948693,28.06110074,3.117221628,24.94387911,0.065337452,
23.2,Montipora capitata,Resistant,23.2,22,214,70,1.166666667,383.22,2197.7,10.95,5.475,1848.751822,1.848751822,6.324130678,376.8958693,28.06110074,3.117221628,24.94387911,0.074116452,
26.4,Montipora capitata,Resistant,26.4,25,214,69,1.15,376.184,2174.4,28.2,14.1,4741.488559,4.741488559,6.324130678,369.8598693,28.06110074,3.117221628,24.94387911,0.190086255,
29.4,Montipora capitata,Resistant,29.4,28,214,69,1.15,383.692,2187.3,10.05,5.025,1723.511099,1.723511099,6.324130678,377.3678693,28.06110074,3.117221628,24.94387911,0.069095552,
32.5,Montipora capitata,Resistant,32.5,31,214,69,1.15,381.484,2163.9,17.7,8.85,3017.969683,3.017969683,6.324130678,375.1598693,28.06110074,3.117221628,24.94387911,0.120990391,
35.5,Montipora capitata,Resistant,35.5,34,214,70,1.166666667,383.273,2183.1,10.45,5.225,1764.577941,1.764577941,6.324130678,376.9488693,28.06110074,3.117221628,24.94387911,0.070741922,
39.4,Montipora capitata,Resistant,39.4,38,214,67,1.116666667,371.128,2215.35,-35.9,-17.95,-6132.784955,-6.132784955,6.324130678,364.8038693,28.06110074,3.117221628,24.94387911,-0.245863321,
19.5,Montipora capitata,Susceptible,19.5,18,219,71,1.183333333,389.471,2167.65,26.3,13.15,4449.250878,4.449250878,6.508254003,382.962746,27.44427242,3.117221628,24.32705079,0.182893147,
23.2,Montipora capitata,Susceptible,23.2,22,219,70,1.166666667,385.248,2196.85,11.8,5.9,2002.805288,2.002805288,6.508254003,378.739746,27.44427242,3.117221628,24.32705079,0.082328323,
26.4,Montipora capitata,Susceptible,26.4,25,219,68,1.133333333,385.757,2189.25,13.35,6.675,2335.61114,2.33561114,6.508254003,379.248746,27.44427242,3.117221628,24.32705079,0.096008808,
29.4,Montipora capitata,Susceptible,29.4,28,219,69,1.15,382.84,2160.2,37.15,18.575,6356.841812,6.356841812,6.508254003,376.331746,27.44427242,3.117221628,24.32705079,0.261307541,
32.5,Montipora capitata,Susceptible,32.5,31,219,69,1.15,380.355,2170,11.6,5.8,1972.024915,1.972024915,6.508254003,373.846746,27.44427242,3.117221628,24.32705079,0.081063049,
35.5,Montipora capitata,Susceptible,35.5,34,219,70,1.166666667,369.119,2183.3,10.25,5.125,1666.888673,1.666888673,6.508254003,362.610746,27.44427242,3.117221628,24.32705079,0.068519965,
39.4,Montipora capitata,Susceptible,39.4,38,219,67,1.116666667,388.044,2218.8,-39.35,-19.675,-7028.542513,-7.028542513,6.508254003,381.535746,27.44427242,3.117221628,24.32705079,-0.288918808,
19.5,Montipora capitata,Resistant,19.5,18,220,70,1.166666667,374.973,2170.95,23,11.5,3799.654977,3.799654977,8.964338274,366.0086617,32.21667059,3.117221628,29.09944896,0.130574809,
23.2,Montipora capitata,Resistant,23.2,22,220,70,1.166666667,369.874,2194.2,14.45,7.225,2354.712994,2.354712994,8.964338274,360.9096617,32.21667059,3.117221628,29.09944896,0.080919505,
26.4,Montipora capitata,Resistant,26.4,25,220,69,1.15,372.686,2166.55,36.05,18.025,6005.008499,6.005008499,8.964338274,363.7216617,32.21667059,3.117221628,29.09944896,0.206361588,
29.4,Montipora capitata,Resistant,29.4,28,220,70,1.166666667,367.734,2142.85,54.5,27.25,8829.713607,8.829713607,8.964338274,358.7696617,32.21667059,3.117221628,29.09944896,0.30343233,
32.5,Montipora capitata,Resistant,32.5,31,220,70,1.166666667,378.208,2140.45,41.15,20.575,6856.727339,6.856727339,8.964338274,369.2436617,32.21667059,3.117221628,29.09944896,0.235630831,
35.5,Montipora capitata,Resistant,35.5,34,220,70,1.166666667,376.277,2186.8,6.75,3.375,1118.994044,1.118994044,8.964338274,367.3126617,32.21667059,3.117221628,29.09944896,0.038454132,
39.4,Montipora capitata,Resistant,39.4,38,220,67,1.116666667,375.283,2222.05,-42.6,-21.3,-7358.817923,-7.358817923,8.964338274,366.3186617,32.21667059,3.117221628,29.09944896,-0.25288513,
19.5,Montipora capitata,Susceptible,19.5,18,221,71,1.183333333,373.362,2159.55,7.75,3.875,1256.862699,1.256862699,7.826007582,365.5359924,29.18820217,3.117221628,26.07098054,0.048209261,
23.2,Montipora capitata,Susceptible,23.2,22,221,75,1.25,381.817,2174.25,28.9,14.45,4537.391047,4.537391047,7.826007582,373.9909924,29.18820217,3.117221628,26.07098054,0.174039908,
26.4,Montipora capitata,Susceptible,26.4,25,221,69,1.15,364.775,2145.35,46.4,23.2,7564.989426,7.564989426,7.826007582,356.9489924,29.18820217,3.117221628,26.07098054,0.290168964,
29.4,Montipora capitata,Susceptible,29.4,28,221,66,1.1,374.697,2146.1,55.6,27.8,9734.764313,9.734764313,7.826007582,366.8709924,29.18820217,3.117221628,26.07098054,0.373394637,
32.5,Montipora capitata,Susceptible,32.5,31,221,72,1.2,374,2142.35,44.8,22.4,7176.810667,7.176810667,7.826007582,366.1739924,29.18820217,3.117221628,26.07098054,0.27527966,
35.5,Montipora capitata,Susceptible,35.5,34,221,70,1.166666667,387.937,2191.35,21.95,10.975,3751.561384,3.751561384,7.826007582,380.1109924,29.18820217,3.117221628,26.07098054,0.143897978,
39.4,Montipora capitata,Susceptible,39.4,38,221,70,1.166666667,382.8,2201,-7.3,-3.65,-1231.150423,-1.231150423,7.826007582,374.9739924,29.18820217,3.117221628,26.07098054,-0.04722302,
19.5,Porites compressa,Susceptible,19.5,18,225,71,1.183333333,383.56,2158.7,8.6,4.3,1432.807288,1.432807288,8.130630289,375.4293697,29.62863953,3.117221628,26.5114179,0.054044914,
23.2,Porites compressa,Susceptible,23.2,22,225,75,1.25,385.323,2180.95,22.2,11.1,3517.474951,3.517474951,8.130630289,377.1923697,29.62863953,3.117221628,26.5114179,0.132677738,
26.4,Porites compressa,Susceptible,26.4,25,225,69,1.15,376.669,2162.75,29,14.5,4882.285317,4.882285317,8.130630289,368.5383697,29.62863953,3.117221628,26.5114179,0.184157835,
29.4,Porites compressa,Susceptible,29.4,28,225,65,1.083333333,384.587,2172.95,28.75,14.375,5246.062516,5.246062516,8.130630289,376.4563697,29.62863953,3.117221628,26.5114179,0.197879364,
32.5,Porites compressa,Susceptible,32.5,31,225,71,1.183333333,363.15,2165.7,21.45,10.725,3383.524813,3.383524813,8.130630289,355.0193697,29.62863953,3.117221628,26.5114179,0.127625192,
35.5,Porites compressa,Susceptible,35.5,34,225,70,1.166666667,399.605,2191.05,22.25,11.125,3917.213642,3.917213642,8.130630289,391.4743697,29.62863953,3.117221628,26.5114179,0.14775572,
39.4,Porites compressa,Susceptible,39.4,38,225,69,1.15,391.825,2215.55,-21.85,-10.925,-3826.56295,-3.82656295,8.130630289,383.6943697,29.62863953,3.117221628,26.5114179,-0.144336412,
19.5,Porites compressa,Resistant,19.5,18,226,70,1.166666667,377.861,2156.2,11.1,5.55,1847.869842,1.847869842,7.071568106,370.7894319,25.17102805,3.117221628,22.05380642,0.083789157,
23.2,Porites compressa,Resistant,23.2,22,226,75,1.25,394.951,2166.95,36.2,18.1,5879.019413,5.879019413,7.071568106,387.8794319,25.17102805,3.117221628,22.05380642,0.266576177,
26.4,Porites compressa,Resistant,26.4,25,226,69,1.15,380.873,2144.65,47.1,23.55,8018.005918,8.018005918,7.071568106,373.8014319,25.17102805,3.117221628,22.05380642,0.363565625,
29.4,Porites compressa,Resistant,29.4,28,226,65,1.083333333,378.08,2158.35,43.35,21.675,7776.31454,7.77631454,7.071568106,371.0084319,25.17102805,3.117221628,22.05380642,0.352606457,
32.5,Porites compressa,Resistant,32.5,31,226,71,1.183333333,374.004,2141.7,45.45,22.725,7383.565897,7.383565897,7.071568106,366.9324319,25.17102805,3.117221628,22.05380642,0.334797801,
35.5,Porites compressa,Resistant,35.5,34,226,70,1.166666667,388.315,2174.05,39.25,19.625,6714.909401,6.714909401,7.071568106,381.2434319,25.17102805,3.117221628,22.05380642,0.304478477,
39.4,Porites compressa,Resistant,39.4,38,226,70,1.166666667,387.625,2212.4,-18.7,-9.35,-3193.52055,-3.19352055,7.071568106,380.5534319,25.17102805,3.117221628,22.05380642,-0.144805867,
19.5,Porites compressa,Susceptible,19.5,18,233,71,1.183333333,371.427,2166.35,34.55,17.275,5574.135773,5.574135773,7.484001814,363.9429982,25.8859526,3.117221628,22.76873097,0.244815391,
23.2,Porites compressa,Susceptible,23.2,22,233,73,1.216666667,379.948,2204.45,39.35,19.675,6316.265962,6.316265962,7.484001814,372.4639982,25.8859526,3.117221628,22.76873097,0.277409662,
26.4,Porites compressa,Susceptible,26.4,25,233,70,1.166666667,377.518,2163.7,37.45,18.725,6228.820489,6.228820489,7.484001814,370.0339982,25.8859526,3.117221628,22.76873097,0.273569067,
29.4,Porites compressa,Susceptible,29.4,28,233,71,1.183333333,378.96,2151.45,53.05,26.525,8732.423317,8.732423317,7.484001814,371.4759982,25.8859526,3.117221628,22.76873097,0.38352701,
32.5,Porites compressa,Susceptible,32.5,31,233,71,1.183333333,206.015,2166,36.85,18.425,3297.557335,3.297557335,7.484001814,198.5309982,25.8859526,3.117221628,22.76873097,0.144828332,
35.5,Porites compressa,Susceptible,35.5,34,233,72,1.2,375.084,2161.3,31.15,15.575,5004.589527,5.004589527,7.484001814,367.5999982,25.8859526,3.117221628,22.76873097,0.219800986,
39.4,Porites compressa,Susceptible,39.4,38,233,71,1.183333333,366.45,2202.15,-3.65,-1.825,-580.9832493,-0.580983249,7.484001814,358.9659982,25.8859526,3.117221628,22.76873097,-0.025516716,
19.5,Porites compressa,Resistant,19.5,18,234,69,1.15,385.251,2176.7,17.25,8.625,2970.28521,2.97028521,10.18362333,375.0673767,28.18958415,3.117221628,25.07236252,0.118468501,
23.2,Porites compressa,Resistant,23.2,22,234,69,1.15,397.606,2179.3,29.35,14.675,5215.864657,5.215864657,10.18362333,387.4223767,28.18958415,3.117221628,25.07236252,0.208032436,
26.4,Porites compressa,Resistant,26.4,25,234,69,1.15,387.462,2165.3,37.3,18.65,6459.56431,6.45956431,10.18362333,377.2783767,28.18958415,3.117221628,25.07236252,0.257636842,
29.4,Porites compressa,Resistant,29.4,28,234,70,1.166666667,398.06,2132.5,64.85,32.425,11372.99501,11.37299501,10.18362333,387.8763767,28.18958415,3.117221628,25.07236252,0.453606835,
32.5,Porites compressa,Resistant,32.5,31,234,70,1.166666667,394.355,2115.65,65.95,32.975,11458.25494,11.45825494,10.18362333,384.1713767,28.18958415,3.117221628,25.07236252,0.457007389,
35.5,Porites compressa,Resistant,35.5,34,234,70,1.166666667,392.98,2168.7,24.85,12.425,4302.423636,4.302423636,10.18362333,382.7963767,28.18958415,3.117221628,25.07236252,0.171600248,
39.4,Porites compressa,Resistant,39.4,38,234,66,1.1,394.14,2209.7,-30.25,-15.125,-5571.1689,-5.5711689,10.18362333,383.9563767,28.18958415,3.117221628,25.07236252,-0.222203588,
19.5,Porites compressa,Susceptible,19.5,18,235,69,1.15,379.437,2160.25,39.25,19.625,6656.479788,6.656479788,10.35576511,369.0812349,33.81178627,3.117221628,30.69456464,0.216861841,
23.2,Porites compressa,Susceptible,23.2,22,235,69,1.15,380.835,2136.9,73.05,36.525,12434.32898,12.43432898,10.35576511,370.4792349,33.81178627,3.117221628,30.69456464,0.405098724,
26.4,Porites compressa,Susceptible,26.4,25,235,73,1.216666667,389.284,2061.15,121.1,60.55,19916.00408,19.91600408,10.35576511,378.9282349,33.81178627,3.117221628,30.69456464,0.648844651,
29.4,Porites compressa,Susceptible,29.4,28,235,67,1.116666667,371.777,2070.8,147.45,73.725,25232.88232,25.23288232,10.35576511,361.4212349,33.81178627,3.117221628,30.69456464,0.822063535,
32.5,Porites compressa,Susceptible,32.5,31,235,68,1.133333333,374.998,2061,142.4,71.2,24218.34142,24.21834142,10.35576511,364.6422349,33.81178627,3.117221628,30.69456464,0.789010748,
35.5,Porites compressa,Susceptible,35.5,34,235,70,1.166666667,375.697,2108.95,76.2,38.1,12612.72794,12.61272794,10.35576511,365.3412349,33.81178627,3.117221628,30.69456464,0.410910794,
39.4,Porites compressa,Susceptible,39.4,38,235,68,1.133333333,386.078,2206.55,-28.75,-14.375,-5034.059687,-5.034059687,10.35576511,375.7222349,33.81178627,3.117221628,30.69456464,-0.164004922,
19.5,Porites compressa,Resistant,19.5,18,236,70,1.166666667,380.151,2166.1,27.85,13.925,4664.420186,4.664420186,12.48218124,367.6688188,37.2258348,3.117221628,34.10861317,0.136751974,
23.2,Porites compressa,Resistant,23.2,22,236,70,1.166666667,380.387,2144.45,64.2,32.1,10759.12674,10.75912674,12.48218124,367.9048188,37.2258348,3.117221628,34.10861317,0.315437238,
26.4,Porites compressa,Resistant,26.4,25,236,69,1.15,379.474,2111.25,91.35,45.675,15493.72543,15.49372543,12.48218124,366.9918188,37.2258348,3.117221628,34.10861317,0.454246713,
29.4,Porites compressa,Resistant,29.4,28,236,69,1.15,380.99,2099.05,98.3,49.15,16739.11038,16.73911038,12.48218124,368.5078188,37.2258348,3.117221628,34.10861317,0.490759044,
32.5,Porites compressa,Resistant,32.5,31,236,69,1.15,380.213,2089.75,91.85,45.925,15608.86776,15.60886776,12.48218124,367.7308188,37.2258348,3.117221628,34.10861317,0.457622469,
35.5,Porites compressa,Resistant,35.5,34,236,70,1.166666667,368.145,2151.5,42.05,21.025,6820.264788,6.820264788,12.48218124,355.6628188,37.2258348,3.117221628,34.10861317,0.199957259,
39.4,Porites compressa,Resistant,39.4,38,236,66,1.1,376.36,2202.8,-23.35,-11.675,-4106.395531,-4.106395531,12.48218124,363.8778188,37.2258348,3.117221628,34.10861317,-0.120391747,
19.5,Porites compressa,Susceptible,19.5,18,237,71,1.183333333,388.538,2168.8,-1.5,-0.75,-253.1516603,-0.25315166,5.700081463,382.8379185,21.01271367,3.117221628,17.89549204,-0.014146113,
23.2,Porites compressa,Susceptible,23.2,22,237,74,1.233333333,377.719,2181.95,21.2,10.6,3337.239243,3.337239243,5.700081463,372.0189185,21.01271367,3.117221628,17.89549204,0.186484911,
26.4,Porites compressa,Susceptible,26.4,25,237,69,1.15,365.113,2151,40.75,20.375,6649.977688,6.649977688,5.700081463,359.4129185,21.01271367,3.117221628,17.89549204,0.371600718,
29.4,Porites compressa,Susceptible,29.4,28,237,66,1.1,361.513,2158.85,42.85,21.425,7238.44334,7.23844334,5.700081463,355.8129185,21.01271367,3.117221628,17.89549204,0.404484175,
32.5,Porites compressa,Susceptible,32.5,31,237,72,1.2,377.481,2145,42.15,21.075,6815.136344,6.815136344,5.700081463,371.7809185,21.01271367,3.117221628,17.89549204,0.380829783,
35.5,Porites compressa,Susceptible,35.5,34,237,70,1.166666667,394,2183.9,29.4,14.7,5103.4032,5.1034032,5.700081463,388.2999185,21.01271367,3.117221628,17.89549204,0.285178144,
39.4,Porites compressa,Susceptible,39.4,38,237,69,1.15,383.479,2212.45,-18.75,-9.375,-3213.72075,-3.21372075,5.700081463,377.7789185,21.01271367,3.117221628,17.89549204,-0.179582698,
19.5,Porites compressa,Resistant,19.5,18,238,70,1.166666667,392.955,2176.3,23.2,11.6,4016.494101,4.016494101,9.972482845,382.9825172,31.40361337,3.117221628,28.28639174,0.141993865,
23.2,Porites compressa,Resistant,23.2,22,238,69,1.15,369.055,2183.5,26.45,13.225,4362.96821,4.36296821,9.972482845,359.0825172,31.40361337,3.117221628,28.28639174,0.154242657,
26.4,Porites compressa,Resistant,26.4,25,238,62,1.033333333,376.146,2132.5,49.75,24.875,9308.339457,9.308339457,9.972482845,366.1735172,31.40361337,3.117221628,28.28639174,0.329074827,
29.4,Porites compressa,Resistant,29.4,28,238,67,1.116666667,385.929,2139.15,79.1,39.55,14051.52513,14.05152513,9.972482845,375.9565172,31.40361337,3.117221628,28.28639174,0.496759193,
32.5,Porites compressa,Resistant,32.5,31,238,68,1.133333333,385.02,2146.05,57.35,28.675,10014.33623,10.01433623,9.972482845,375.0475172,31.40361337,3.117221628,28.28639174,0.354033711,
35.5,Porites compressa,Resistant,35.5,34,238,70,1.166666667,387.755,2162.4,22.75,11.375,3886.468365,3.886468365,9.972482845,377.7825172,31.40361337,3.117221628,28.28639174,0.137397106,
39.4,Porites compressa,Resistant,39.4,38,238,68,1.133333333,382.577,2204.5,-26.7,-13.35,-4632.714911,-4.632714911,9.972482845,372.6045172,31.40361337,3.117221628,28.28639174,-0.163778928,
19.5,Porites compressa,Susceptible,19.5,18,239,67,1.116666667,387.355,2165.75,24.2,12.1,4314.834066,4.314834066,9.441604095,377.9133959,30.49041108,3.117221628,27.37318945,0.157629935,
23.2,Porites compressa,Susceptible,23.2,22,239,69,1.15,397.421,2165.2,39.75,19.875,7060.788836,7.060788836,9.441604095,387.9793959,30.49041108,3.117221628,27.37318945,0.257945419,
26.4,Porites compressa,Susceptible,26.4,25,239,67,1.116666667,390.148,2119.7,43.4,21.7,7793.969127,7.793969127,9.441604095,380.7063959,30.49041108,3.117221628,27.37318945,0.284730033,
29.4,Porites compressa,Susceptible,29.4,28,239,68,1.116666667,390.761,2131.75,65.35,32.675,11754.28918,11.75428918,9.441604095,381.3193959,30.49041108,3.117221628,27.37318945,0.429408827,
32.5,Porites compressa,Susceptible,32.5,31,239,68,1.133333333,399.319,2113.55,74.3,37.15,13455.9463,13.4559463,9.441604095,389.8773959,30.49041108,3.117221628,27.37318945,0.491573929,
35.5,Porites compressa,Susceptible,35.5,34,239,68,1.133333333,388.087,2149.85,44.5,22.25,7832.394663,7.832394663,9.441604095,378.6453959,30.49041108,3.117221628,27.37318945,0.286133798,
39.4,Porites compressa,Susceptible,39.4,38,239,68,1.133333333,393.818,2202.05,-15.75,-7.875,-2813.076723,-2.813076723,9.441604095,384.3763959,30.49041108,3.117221628,27.37318945,-0.10276759,
19.5,Porites compressa,Resistant,19.5,18,240,72,1.2,366.346,2171.45,29.45,14.725,4621.241088,4.621241088,9.777598636,356.5684014,32.41491007,3.117221628,29.29768844,0.157733983,
23.2,Porites compressa,Resistant,23.2,22,240,73,1.216666667,387.241,2192.55,51.25,25.625,8384.298117,8.384298117,9.777598636,377.4634014,32.41491007,3.117221628,29.29768844,0.286176097,
26.4,Porites compressa,Resistant,26.4,25,240,70,1.166666667,383.773,2147.8,53.35,26.675,9020.386996,9.020386996,9.777598636,373.9954014,32.41491007,3.117221628,29.29768844,0.307887327,
29.4,Porites compressa,Resistant,29.4,28,240,71,1.183333333,384.731,2107.25,97.25,48.625,16251.85025,16.25185025,9.777598636,374.9534014,32.41491007,3.117221628,29.29768844,0.55471442,
32.5,Porites compressa,Resistant,32.5,31,240,70,1.166666667,387.275,2130.05,72.8,36.4,12421.30344,12.42130344,9.777598636,377.4974014,32.41491007,3.117221628,29.29768844,0.423968719,
35.5,Porites compressa,Resistant,35.5,34,240,72,1.2,374.495,2151.15,41.3,20.65,6624.878966,6.624878966,9.777598636,364.7174014,32.41491007,3.117221628,29.29768844,0.226122924,
39.4,Porites compressa,Resistant,39.4,38,240,71,1.183333333,371.58,2223.55,-25.05,-12.525,-4043.114878,-4.043114878,9.777598636,361.8024014,32.41491007,3.117221628,29.29768844,-0.138001156,
19.5,Porites compressa,Susceptible,19.5,18,241,70,1.166666667,377.621,2148.15,45.8,22.9,7619.701273,7.619701273,12.97418783,364.6468122,45.20408786,3.117221628,42.08686623,0.18104701,
23.2,Porites compressa,Susceptible,23.2,22,241,70,1.166666667,375.588,2131.1,77.55,38.775,12832.45765,12.83245765,12.97418783,362.6138122,45.20408786,3.117221628,42.08686623,0.30490409,
26.4,Porites compressa,Susceptible,26.4,25,241,69,1.15,378.521,2083.8,118.8,59.4,20098.87263,20.09887263,12.97418783,365.5468122,45.20408786,3.117221628,42.08686623,0.477556882,
29.4,Porites compressa,Susceptible,29.4,28,241,69,1.15,376.87,2077.05,120.3,60.15,20263.87387,20.26387387,12.97418783,363.8958122,45.20408786,3.117221628,42.08686623,0.481477375,
32.5,Porites compressa,Susceptible,32.5,31,241,69,1.15,374.781,2090.95,90.65,45.325,15184.85512,15.18485512,12.97418783,361.8068122,45.20408786,3.117221628,42.08686623,0.360797951,
35.5,Porites compressa,Susceptible,35.5,34,241,70,1.166666667,370.763,2161.1,32.45,16.225,5300.629119,5.300629119,12.97418783,357.7888122,45.20408786,3.117221628,42.08686623,0.12594497,
39.4,Porites compressa,Susceptible,39.4,38,241,67,1.116666667,376.247,2216.3,-36.85,-18.425,-6381.901614,-6.381901614,12.97418783,363.2728122,45.20408786,3.117221628,42.08686623,-0.151636417,
19.5,Porites compressa,Resistant,19.5,18,242,69,1.15,379.037,2164.7,29.25,14.625,4955.33198,4.95533198,8.939223988,370.097776,29.02036032,3.117221628,25.90313869,0.191302376,
23.2,Porites compressa,Resistant,23.2,22,242,70,1.166666667,380.818,2153.5,55.15,27.575,9252.930795,9.252930795,8.939223988,371.878776,29.02036032,3.117221628,25.90313869,0.357212726,
26.4,Porites compressa,Resistant,26.4,25,242,69,1.15,376.393,2138.15,64.45,32.225,10842.50768,10.84250768,8.939223988,367.453776,29.02036032,3.117221628,25.90313869,0.418578915,
29.4,Porites compressa,Resistant,29.4,28,242,69,1.15,374.561,2218.1,-20.75,-10.375,-3473.808996,-3.473808996,8.939223988,365.621776,29.02036032,3.117221628,25.90313869,-0.134107648,
32.5,Porites compressa,Resistant,32.5,31,242,69,1.15,382.731,2111.9,69.7,34.85,11923.16892,11.92316892,8.939223988,373.791776,29.02036032,3.117221628,25.90313869,0.460298231,
35.5,Porites compressa,Resistant,35.5,34,242,70,1.166666667,374.082,2173.45,20.1,10.05,3312.677807,3.312677807,8.939223988,365.142776,29.02036032,3.117221628,25.90313869,0.12788712,
39.4,Porites compressa,Resistant,39.4,38,242,67,1.116666667,381.454,2212.75,-33.3,-16.65,-5846.904139,-5.846904139,8.939223988,372.514776,29.02036032,3.117221628,25.90313869,-0.22572184,
19.5,Porites compressa,Susceptible,19.5,18,243,72,1.2,374.878,2165.45,35.45,17.725,5692.303751,5.692303751,9.01960392,365.8583961,29.0101922,3.117221628,25.89297057,0.219839734,
23.2,Porites compressa,Susceptible,23.2,22,243,73,1.216666667,368.051,2195.55,48.25,24.125,7502.3415,7.5023415,9.01960392,359.0313961,29.0101922,3.117221628,25.89297057,0.289744333,
26.4,Porites compressa,Susceptible,26.4,25,243,69,1.15,385.388,2161.15,40,20,6890.0672,6.8900672,9.01960392,376.3683961,29.0101922,3.117221628,25.89297057,0.266097981,
29.4,Porites compressa,Susceptible,29.4,28,243,71,1.183333333,376.32,2139.4,65.1,32.55,10641.29074,10.64129074,9.01960392,367.3003961,29.0101922,3.117221628,25.89297057,0.410972187,
32.5,Porites compressa,Susceptible,32.5,31,243,71,1.183333333,357,2163.3,39.55,19.775,6132.968366,6.132968366,9.01960392,347.9803961,29.0101922,3.117221628,25.89297057,0.23685843,
35.5,Porites compressa,Susceptible,35.5,34,243,72,1.2,370.238,2166.25,26.2,13.1,4154.934249,4.154934249,9.01960392,361.2183961,29.0101922,3.117221628,25.89297057,0.160465723,
39.4,Porites compressa,Susceptible,39.4,38,243,71,1.183333333,369.746,2240.05,-41.55,-20.775,-6673.144562,-6.673144562,9.01960392,360.7263961,29.0101922,3.117221628,25.89297057,-0.257720316,
19.5,Porites compressa,Resistant,19.5,18,244,68,1.133333333,378.919,2155,34.95,17.475,6006.189346,6.006189346,8.961022376,369.9579776,30.62789442,3.117221628,27.51067279,0.218322154,
23.2,Porites compressa,Resistant,23.2,22,244,69,1.15,380.489,2169.65,35.3,17.65,6003.190012,6.003190012,8.961022376,371.5279776,30.62789442,3.117221628,27.51067279,0.21821313,
26.4,Porites compressa,Resistant,26.4,25,244,67,1.116666667,388.201,2115.05,48.05,24.025,8585.97478,8.58597478,8.961022376,379.2399776,30.62789442,3.117221628,27.51067279,0.31209614,
29.4,Porites compressa,Resistant,29.4,28,244,68,1.133333333,384.436,2116.65,80.45,40.225,14026.7015,14.0267015,8.961022376,375.4749776,30.62789442,3.117221628,27.51067279,0.509863994,
32.5,Porites compressa,Resistant,32.5,31,244,69,1.15,388.26,2106.35,81.5,40.75,14143.13014,14.14313014,8.961022376,379.2989776,30.62789442,3.117221628,27.51067279,0.51409612,
35.5,Porites compressa,Resistant,35.5,34,244,68,1.133333333,386.516,2150.05,44.3,22.15,7765.629373,7.765629373,8.961022376,377.5549776,30.62789442,3.117221628,27.51067279,0.282276971,
39.4,Porites compressa,Resistant,39.4,38,244,68,1.133333333,376.493,2221.85,-35.55,-17.775,-6070.185566,-6.070185566,8.961022376,367.5319776,30.62789442,3.117221628,27.51067279,-0.220648387,
19.5,Montipora capitata,Susceptible,19.5,18,247,69,1.15,381.177,2183.55,15.95,7.975,2717.39426,2.71739426,7.897505496,373.2794945,29.51786929,3.117221628,26.40064766,0.102929076,
23.2,Montipora capitata,Susceptible,23.2,22,247,69,1.15,382.467,2197.15,12.8,6.4,2188.110336,2.188110336,7.897505496,374.5694945,29.51786929,3.117221628,26.40064766,0.082880934,
26.4,Montipora capitata,Susceptible,26.4,25,247,73,1.216666667,380.723,2147.25,35,17.5,5629.485016,5.629485016,7.897505496,372.8254945,29.51786929,3.117221628,26.40064766,0.213232838,
29.4,Montipora capitata,Susceptible,29.4,28,247,67,1.116666667,381.779,2163.15,55.1,27.55,9682.849944,9.682849944,7.897505496,373.8814945,29.51786929,3.117221628,26.40064766,0.366765621,
32.5,Montipora capitata,Susceptible,32.5,31,247,68,1.133333333,382.383,2163.05,40.35,20.175,6997.57516,6.99757516,7.897505496,374.4854945,29.51786929,3.117221628,26.40064766,0.265053163,
35.5,Montipora capitata,Susceptible,35.5,34,247,70,1.166666667,382.949,2175.05,10.1,5.05,1704.035519,1.704035519,7.897505496,375.0514945,29.51786929,3.117221628,26.40064766,0.064545216,
39.4,Montipora capitata,Susceptible,39.4,38,247,68,1.133333333,382.125,2205.3,-27.5,-13.75,-4765.885478,-4.765885478,7.897505496,374.2274945,29.51786929,3.117221628,26.40064766,-0.180521536,
19.5,Porites compressa,Resistant,19.5,18,248,68,1.133333333,367.69,2157.1,32.85,16.425,5478.007836,5.478007836,11.99345143,355.6965486,34.12219527,3.117221628,31.00497364,0.176681583,
23.2,Porites compressa,Resistant,23.2,22,248,69,1.15,367.617,2171.65,33.3,16.65,5471.483561,5.471483561,11.99345143,355.6235486,34.12219527,3.117221628,31.00497364,0.176471157,
26.4,Porites compressa,Resistant,26.4,25,248,67,1.116666667,368.308,2095.4,67.7,33.85,11477.29086,11.47729086,11.99345143,356.3145486,34.12219527,3.117221628,31.00497364,0.370175798,
29.4,Porites compressa,Resistant,29.4,28,248,68,1.133333333,368.722,2103.8,93.3,46.65,15602.21116,15.60221116,11.99345143,356.7285486,34.12219527,3.117221628,31.00497364,0.503216398,
32.5,Porites compressa,Resistant,32.5,31,248,69,1.15,372.34,2104.9,82.95,41.475,13804.52169,13.80452169,11.99345143,360.3465486,34.12219527,3.117221628,31.00497364,0.445235718,
35.5,Porites compressa,Resistant,35.5,34,248,68,1.133333333,371.9,2155.8,38.55,19.275,6502.135526,6.502135526,11.99345143,359.9065486,34.12219527,3.117221628,31.00497364,0.209712661,
39.4,Porites compressa,Resistant,39.4,38,248,68,1.133333333,371.122,2215.2,-28.9,-14.45,-4864.296054,-4.864296054,11.99345143,359.1285486,34.12219527,3.117221628,31.00497364,-0.156887605,
