"","ColonyID","Run.x","Interval","Temperature","N_points","O2_start","O2_end","DeltaT_min","DeltaT_max","O2_min","O2_max","Slope","Avg_Blank_Slope","Blank_Corrected_Slope","X","weight1.g","weight2.g","delta.mass.g","surface.area.cm2","Date","Project","Run.y","Chamber","Measured_Temperature","Chamber_Volume_mL","Surface_Area_cm2","Notes","Species","Phenotype","Chamber_Volume_L","Slope_norm"
"1","19",1,1,18,102,180.871,190.081,Inf,-Inf,180.726,190.081,0.193327761214255,-0.052976276224463,0.246304037438718,6,4.3032,4.9166,0.6134,21.2456193588884,2023-09-22,"CAREER",1,7,19.5,364.0185812,22.70116707,NA,"Montipora capitata","Susceptible",0.3640185812,0.253207717048071
"2","19",1,2,22,102,172.205,181.332,Inf,-Inf,172.132,181.332,0.183125526832587,-0.0749550795075065,0.258080606340094,6,4.3032,4.9166,0.6134,21.2456193588884,2023-09-22,"CAREER",2,7,23.2,374.7775812,22.70116707,NA,"Montipora capitata","Susceptible",0.3747775812,0.273156052826404
"3","19",1,3,25,107,165.084,174.247,Inf,-Inf,164.161,174.247,0.203814290408622,-0.0802697818267523,0.284084072235374,6,4.3032,4.9166,0.6134,21.2456193588884,2023-09-22,"CAREER",3,7,26.4,363.6355812,22.70116707,NA,"Montipora capitata","Susceptible",0.3636355812,0.291739416880086
"4","19",1,4,28,107,145.205,158.733,Inf,-Inf,145.205,158.733,0.254977375390296,-0.0890318152316722,0.344009190621968,6,4.3032,4.9166,0.6134,21.2456193588884,2023-09-22,"CAREER",4,7,29.4,365.4615812,22.70116707,NA,"Montipora capitata","Susceptible",0.3654615812,0.355053361245802
"5","19",1,5,31,114,141.555,153.432,Inf,-Inf,141.215,153.432,0.187814698665695,-0.132287764443046,0.320102463108741,6,4.3032,4.9166,0.6134,21.2456193588884,2023-09-22,"CAREER",5,7,32.5,382.2975812,22.70116707,NA,"Montipora capitata","Susceptible",0.3822975812,0.345598954726928
"6","19",1,6,34,108,131.155,130.317,Inf,-Inf,128.966,131.155,0.0391431416578673,-0.136575681995632,0.1757188236535,6,4.3032,4.9166,0.6134,21.2456193588884,2023-09-22,"CAREER",6,7,35.5,386.2195812,22.70116707,NA,"Montipora capitata","Susceptible",0.3862195812,0.191661300150382
"7","19",1,7,38,109,112.174,92.359,Inf,-Inf,92.359,112.174,-0.289364150392274,-0.134444378129151,-0.154919772263122,6,4.3032,4.9166,0.6134,21.2456193588884,2023-09-22,"CAREER",7,7,39.4,379.9705812,22.70116707,NA,"Montipora capitata","Susceptible",0.3799705812,-0.166241204584784
"8","201",1,1,18,102,177.309,195.091,Inf,-Inf,177.154,195.091,0.396711720983419,-0.052976276224463,0.449687997207882,8,2.5343,2.8677,0.3334,11.5475863942834,2023-09-22,"CAREER",1,3,19.5,356.4827985,23.38080728,NA,"Montipora capitata","Susceptible",0.3564827985,0.832932685097996
"9","201",1,2,22,102,168.488,184.151,Inf,-Inf,168.373,184.151,0.31697503974978,-0.0749550795075065,0.391930119257287,8,2.5343,2.8677,0.3334,11.5475863942834,2023-09-22,"CAREER",2,3,23.2,373.7617985,23.38080728,NA,"Montipora capitata","Susceptible",0.3737617985,0.761138308516705
"10","201",1,3,25,107,160.58,178.207,Inf,-Inf,159.467,178.207,0.379424707469973,-0.0802697818267523,0.459694489296725,8,2.5343,2.8677,0.3334,11.5475863942834,2023-09-22,"CAREER",3,3,26.4,368.0137985,23.38080728,NA,"Montipora capitata","Susceptible",0.3680137985,0.879009220001269
"11","201",1,4,28,107,140.835,164.321,Inf,-Inf,140.731,164.321,0.4518338326635,-0.0890318152316722,0.540865647895172,8,2.5343,2.8677,0.3334,11.5475863942834,2023-09-22,"CAREER",4,3,29.4,378.8197985,23.38080728,NA,"Montipora capitata","Susceptible",0.3788197985,1.06458930250213
"12","201",1,5,31,114,135.76,159.174,Inf,-Inf,135.479,159.174,0.4102064172687,-0.132287764443046,0.542494181711746,8,2.5343,2.8677,0.3334,11.5475863942834,2023-09-22,"CAREER",5,3,32.5,361.1187985,23.38080728,NA,"Montipora capitata","Susceptible",0.3611187985,1.01790022817219
"13","201",1,6,34,108,125.695,132.629,Inf,-Inf,124.151,132.752,0.185113896759966,-0.136575681995632,0.321689578755598,8,2.5343,2.8677,0.3334,11.5475863942834,2023-09-22,"CAREER",6,3,35.5,371.2247985,23.38080728,NA,"Montipora capitata","Susceptible",0.3712247985,0.620488879540481
"14","201",1,7,38,109,102.831,86.049,Inf,-Inf,86.049,102.831,-0.305219862490446,-0.134444378129151,-0.170775484361295,8,2.5343,2.8677,0.3334,11.5475863942834,2023-09-22,"CAREER",7,3,39.4,377.5217985,23.38080728,NA,"Montipora capitata","Susceptible",0.3775217985,-0.334986719100199
"15","203",1,1,18,102,268.986,294.129,Inf,-Inf,268.918,294.129,0.569472556856265,-0.052976276224463,0.622448833080728,10,6.0365,6.9954,0.9589,33.2122993205708,2023-09-22,"CAREER",1,1,19.5,358.8422838,25.43936205,NA,"Montipora capitata","Susceptible",0.3588422838,0.40351490028814
"16","203",1,2,22,102,252.8,281.093,Inf,-Inf,252.713,281.093,0.654601228211824,-0.0749550795075065,0.72955630771933,10,6.0365,6.9954,0.9589,33.2122993205708,2023-09-22,"CAREER",2,1,23.2,369.1082838,25.43936205,NA,"Montipora capitata","Susceptible",0.3691082838,0.486479916512661
"17","203",1,3,25,106,238.873,276.104,Inf,-Inf,237.643,276.104,0.843720716020409,-0.0802697818267523,0.923990497847161,10,6.0365,6.9954,0.9589,33.2122993205708,2023-09-22,"CAREER",3,1,26.4,369.4812838,25.43936205,NA,"Montipora capitata","Susceptible",0.3694812838,0.616754399450058
"18","203",1,4,28,107,210.737,255.91,Inf,-Inf,210.65,255.91,0.902141238053874,-0.0890318152316722,0.991173053285546,10,6.0365,6.9954,0.9589,33.2122993205708,2023-09-22,"CAREER",4,1,29.4,369.7832838,25.43936205,NA,"Montipora capitata","Susceptible",0.3697832838,0.662138847275153
"19","203",1,5,31,114,206.322,252.727,Inf,-Inf,205.933,252.727,0.752452413250698,-0.132287764443046,0.884740177693744,10,6.0365,6.9954,0.9589,33.2122993205708,2023-09-22,"CAREER",5,1,32.5,373.2332838,25.43936205,NA,"Montipora capitata","Susceptible",0.3732332838,0.596552160348451
"20","203",1,6,34,108,195.394,213.296,Inf,-Inf,192.693,213.296,0.430094371482173,-0.136575681995632,0.566670053477805,10,6.0365,6.9954,0.9589,33.2122993205708,2023-09-22,"CAREER",6,1,35.5,373.6552838,25.43936205,NA,"Montipora capitata","Susceptible",0.3736552838,0.382519603854223
"21","203",1,7,38,109,173.231,145.662,Inf,-Inf,145.662,173.231,-0.456966734129248,-0.134444378129151,-0.322522356000097,10,6.0365,6.9954,0.9589,33.2122993205708,2023-09-22,"CAREER",7,1,39.4,377.6002838,25.43936205,NA,"Montipora capitata","Susceptible",0.3776002838,-0.220011024196782
"22","212",1,1,18,102,229.887,257.137,Inf,-Inf,229.645,257.137,0.639049202300549,-0.052976276224463,0.692025478525012,NA,NA,NA,NA,NA,2023-09-22,"CAREER",1,5,19.5,364.6015373,37.65256827,NA,"Montipora capitata","Resistant",0.3646015373,NA
"23","212",1,2,22,102,214.035,251.548,Inf,-Inf,213.551,251.548,0.831682396948982,-0.0749550795075065,0.906637476456489,NA,NA,NA,NA,NA,2023-09-22,"CAREER",2,5,23.2,366.8935373,37.65256827,NA,"Montipora capitata","Resistant",0.3668935373,NA
"24","212",1,3,25,107,208.24,248.71,Inf,-Inf,200.815,364.456,0.989249798561659,-0.0802697818267523,1.06951958038841,NA,NA,NA,NA,NA,2023-09-22,"CAREER",3,5,26.4,362.7255373,37.65256827,NA,"Montipora capitata","Resistant",0.3627255373,NA
"25","212",1,4,28,107,184.461,243.548,Inf,-Inf,184.043,243.548,1.34607524699122,-0.0890318152316722,1.43510706222289,NA,NA,NA,NA,NA,2023-09-22,"CAREER",4,5,29.4,364.5265373,37.65256827,NA,"Montipora capitata","Resistant",0.3645265373,NA
"26","212",1,5,31,114,179.551,240.921,Inf,-Inf,178.594,240.921,1.34583781320069,-0.132287764443046,1.47812557764373,NA,NA,NA,NA,NA,2023-09-22,"CAREER",5,5,32.5,391.9245373,37.65256827,NA,"Montipora capitata","Resistant",0.3919245373,NA
"27","212",1,6,34,108,171.448,195.439,Inf,-Inf,168.104,195.439,0.649322657855028,-0.136575681995632,0.78589833985066,NA,NA,NA,NA,NA,2023-09-22,"CAREER",6,5,35.5,390.1975373,37.65256827,NA,"Montipora capitata","Resistant",0.3901975373,NA
"28","212",1,7,38,109,153.199,103.909,Inf,-Inf,103.909,153.199,-0.83299034677769,-0.134444378129151,-0.698545968648538,NA,NA,NA,NA,NA,2023-09-22,"CAREER",7,5,39.4,382.9405373,37.65256827,NA,"Montipora capitata","Resistant",0.3829405373,NA
"29","233",1,1,18,102,234.326,264.895,Inf,-Inf,233.993,264.895,0.703356781756837,-0.052976276224463,0.7563330579813,30,1.3446,1.4923,0.1477,5.11571238882919,2023-09-22,"CAREER",1,6,19.5,363.9429982,22.76873097,NA,"Porites compressa","Susceptible",0.3639429982,3.22843154389084
"30","233",1,2,22,102,218.883,269.639,Inf,-Inf,218.883,269.639,1.05499673319147,-0.0749550795075065,1.12995181269898,30,1.3446,1.4923,0.1477,5.11571238882919,2023-09-22,"CAREER",2,6,23.2,372.4639982,22.76873097,NA,"Porites compressa","Susceptible",0.3724639982,4.93616143296346
"31","233",1,3,25,107,207.138,256.702,Inf,-Inf,206.168,256.702,1.02172846573168,-0.0802697818267523,1.10199824755843,30,1.3446,1.4923,0.1477,5.11571238882919,2023-09-22,"CAREER",3,6,26.4,370.0339982,22.76873097,NA,"Porites compressa","Susceptible",0.3700339982,4.78263967822591
"32","233",1,4,28,107,185.123,234.354,Inf,-Inf,184.776,234.354,1.00813259177465,-0.0890318152316722,1.09716440700632,30,1.3446,1.4923,0.1477,5.11571238882919,2023-09-22,"CAREER",4,6,29.4,371.4759982,22.76873097,NA,"Porites compressa","Susceptible",0.3714759982,4.78021685705592
"33","233",1,5,31,114,180.601,221.224,Inf,-Inf,179.848,221.224,0.858900900942934,-0.132287764443046,0.99118866538598,30,1.3446,1.4923,0.1477,5.11571238882919,2023-09-22,"CAREER",5,6,32.5,198.5309982,22.76873097,NA,"Porites compressa","Susceptible",0.1985309982,2.30796800351758
"34","233",1,6,34,108,170.503,202.829,Inf,-Inf,167.725,202.829,0.790085001155769,-0.136575681995632,0.926660683151401,30,1.3446,1.4923,0.1477,5.11571238882919,2023-09-22,"CAREER",6,6,35.5,367.5999982,22.76873097,NA,"Porites compressa","Susceptible",0.3675999982,3.99522615308434
"35","233",1,7,38,109,153.388,141.678,Inf,-Inf,141.678,153.388,-0.241877000338566,-0.134444378129151,-0.107432622209415,30,1.3446,1.4923,0.1477,5.11571238882919,2023-09-22,"CAREER",7,6,39.4,358.9659982,22.76873097,NA,"Porites compressa","Susceptible",0.3589659982,-0.452308365359126
"36","240",1,1,18,102,235.179,295.337,Inf,-Inf,235.179,295.337,1.25783934170443,-0.052976276224463,1.31081561792889,37,3.2409,3.6371,0.3962,13.7227166449162,2023-09-22,"CAREER",1,4,19.5,356.5684014,29.29768844,NA,"Porites compressa","Resistant",0.3565684014,2.04359869044535
"37","240",1,2,22,102,224.151,297.081,Inf,-Inf,224.151,297.081,1.46595119385753,-0.0749550795075065,1.54090627336504,37,3.2409,3.6371,0.3962,13.7227166449162,2023-09-22,"CAREER",2,4,23.2,377.4634014,29.29768844,NA,"Porites compressa","Resistant",0.3774634014,2.54309290893262
"38","240",1,3,25,107,208.944,292.983,Inf,-Inf,208.562,292.983,1.66446750126394,-0.0802697818267523,1.74473728309069,37,3.2409,3.6371,0.3962,13.7227166449162,2023-09-22,"CAREER",3,4,26.4,373.9954014,29.29768844,NA,"Porites compressa","Resistant",0.3739954014,2.85303735730251
"39","240",1,4,28,107,188.066,289.547,Inf,-Inf,188.066,289.547,2.00259770061136,-0.0890318152316722,2.09162951584303,37,3.2409,3.6371,0.3962,13.7227166449162,2023-09-22,"CAREER",4,4,29.4,374.9534014,29.29768844,NA,"Porites compressa","Resistant",0.3749534014,3.42904523234263
"40","240",1,5,31,114,182.349,286.746,Inf,-Inf,182.349,286.746,2.24136074363346,-0.132287764443046,2.3736485080765,37,3.2409,3.6371,0.3962,13.7227166449162,2023-09-22,"CAREER",5,4,32.5,377.4974014,29.29768844,NA,"Porites compressa","Resistant",0.3774974014,3.91779339392461
"41","240",1,6,34,108,170.509,242.52,Inf,-Inf,170.258,242.52,1.52397751518522,-0.136575681995632,1.66055319718085,37,3.2409,3.6371,0.3962,13.7227166449162,2023-09-22,"CAREER",6,4,35.5,364.7174014,29.29768844,NA,"Porites compressa","Resistant",0.3647174014,2.64801494908064
"42","240",1,7,38,109,153.41,145.527,Inf,-Inf,145.527,153.41,-0.187975061353564,-0.134444378129151,-0.0535306832244125,37,3.2409,3.6371,0.3962,13.7227166449162,2023-09-22,"CAREER",7,4,39.4,361.8024014,29.29768844,NA,"Porites compressa","Resistant",0.3618024014,-0.0846808845813346
"43","243",1,1,18,102,231.083,271.059,Inf,-Inf,231.025,271.059,0.867076613609794,-0.052976276224463,0.920052889834257,40,2.286,2.5232,0.2372,8.21561935430118,2023-09-22,"CAREER",1,2,19.5,365.8583961,25.90313869,NA,"Porites compressa","Susceptible",0.3658583961,2.45831064039527
"44","243",1,2,22,102,218.532,273.461,Inf,-Inf,218.532,273.461,1.13093202005313,-0.0749550795075065,1.20588709956063,40,2.286,2.5232,0.2372,8.21561935430118,2023-09-22,"CAREER",2,2,23.2,359.0313961,25.90313869,NA,"Porites compressa","Susceptible",0.3590313961,3.16191374178674
"45","243",1,3,25,107,208.078,257.22,Inf,-Inf,207.099,257.22,0.941179831932772,-0.0802697818267523,1.02144961375952,40,2.286,2.5232,0.2372,8.21561935430118,2023-09-22,"CAREER",3,2,26.4,376.3683961,25.90313869,NA,"Porites compressa","Susceptible",0.3763683961,2.8076375224933
"46","243",1,4,28,107,184.062,242.532,Inf,-Inf,184.062,242.532,1.11981922043011,-0.0890318152316722,1.20885103566178,40,2.286,2.5232,0.2372,8.21561935430118,2023-09-22,"CAREER",4,2,29.4,367.3003961,25.90313869,NA,"Porites compressa","Susceptible",0.3673003961,3.24268770309089
"47","243",1,5,31,114,181.133,235.042,Inf,-Inf,181.133,235.042,0.980554598138161,-0.132287764443046,1.11284236258121,40,2.286,2.5232,0.2372,8.21561935430118,2023-09-22,"CAREER",5,2,32.5,347.9803961,25.90313869,NA,"Porites compressa","Susceptible",0.3479803961,2.82813000038857
"48","243",1,6,34,108,170.393,210.421,Inf,-Inf,169.914,210.421,0.822669235744043,-0.136575681995632,0.959244917739676,40,2.286,2.5232,0.2372,8.21561935430118,2023-09-22,"CAREER",6,2,35.5,361.2183961,25.90313869,NA,"Porites compressa","Susceptible",0.3612183961,2.5305231100192
"49","243",1,7,38,109,154.27,135.704,Inf,-Inf,135.704,154.27,-0.267201214574896,-0.134444378129151,-0.132756836445745,40,2.286,2.5232,0.2372,8.21561935430118,2023-09-22,"CAREER",7,2,39.4,360.7263961,25.90313869,NA,"Porites compressa","Susceptible",0.3607263961,-0.349740364811127
"50","29",1,1,18,102,223.964,262.922,Inf,-Inf,223.964,262.922,0.821346386478544,-0.052976276224463,0.874322662703007,23,4.0736,4.5164,0.4428,15.3367464168826,2023-09-22,"CAREER",1,8,19.5,365.514796,24.02604475,NA,"Porites compressa","Susceptible",0.365514796,1.25024380403503
"51","29",1,2,22,102,212.53,262.203,Inf,-Inf,212.53,262.203,1.01028776159434,-0.0749550795075065,1.08524284110185,23,4.0736,4.5164,0.4428,15.3367464168826,2023-09-22,"CAREER",2,8,23.2,365.100796,24.02604475,NA,"Porites compressa","Susceptible",0.365100796,1.55009288555528
"52","29",1,3,25,107,200.816,259.929,Inf,-Inf,200.248,259.929,1.2498179058536,-0.0802697818267523,1.33008768768035,23,4.0736,4.5164,0.4428,15.3367464168826,2023-09-22,"CAREER",3,8,26.4,369.708796,24.02604475,NA,"Porites compressa","Susceptible",0.369708796,1.92379180389427
"53","29",1,4,28,107,179.058,240.852,Inf,-Inf,179.058,240.852,1.17797861166465,-0.0890318152316722,1.26701042689632,23,4.0736,4.5164,0.4428,15.3367464168826,2023-09-22,"CAREER",4,8,29.4,363.477796,24.02604475,NA,"Porites compressa","Susceptible",0.363477796,1.80167349042302
"54","29",1,5,31,114,175.466,228.712,Inf,-Inf,175.466,228.712,1.15797317173838,-0.132287764443046,1.29026093618143,23,4.0736,4.5164,0.4428,15.3367464168826,2023-09-22,"CAREER",5,8,32.5,363.026796,24.02604475,NA,"Porites compressa","Susceptible",0.363026796,1.83245890986484
"55","29",1,6,34,108,165.633,193.792,Inf,-Inf,165.228,193.792,0.576631953139566,-0.136575681995632,0.713207635135198,23,4.0736,4.5164,0.4428,15.3367464168826,2023-09-22,"CAREER",6,8,35.5,366.614796,24.02604475,NA,"Porites compressa","Susceptible",0.366614796,1.02292545453932
"56","29",1,7,38,109,148.177,124.324,Inf,-Inf,124.324,148.177,-0.470075605419987,-0.134444378129151,-0.335631227290836,23,4.0736,4.5164,0.4428,15.3367464168826,2023-09-22,"CAREER",7,8,39.4,362.918796,24.02604475,NA,"Porites compressa","Susceptible",0.362918796,-0.476529549087315
"57","41",1,1,18,101,227.876,289.602,Inf,-Inf,227.876,289.602,1.33754448253101,-0.052976276224463,1.39052075875547,24,2.4033,2.728,0.3247,11.2462546557403,2023-09-22,"CAREER",1,9,19.5,356.0992759,41.14552142,NA,"Porites compressa","Susceptible",0.3560992759,2.64175114546603
"58","41",1,2,22,102,214.647,318.74,Inf,-Inf,214.647,318.74,2.26548705440901,-0.0749550795075065,2.34044213391651,24,2.4033,2.728,0.3247,11.2462546557403,2023-09-22,"CAREER",2,9,23.2,353.6382759,41.14552142,NA,"Porites compressa","Susceptible",0.3536382759,4.41570965490895
"59","41",1,3,25,107,199.883,307.774,Inf,-Inf,199.449,307.774,2.23062071678322,-0.0802697818267523,2.31089049860997,24,2.4033,2.728,0.3247,11.2462546557403,2023-09-22,"CAREER",3,9,26.4,358.0712759,41.14552142,NA,"Porites compressa","Susceptible",0.3580712759,4.41460842546424
"60","41",1,4,28,107,178.442,305.589,Inf,-Inf,178.442,305.589,2.65750575817282,-0.0890318152316722,2.7465375734045,24,2.4033,2.728,0.3247,11.2462546557403,2023-09-22,"CAREER",4,9,29.4,344.2592759,41.14552142,NA,"Porites compressa","Susceptible",0.3442592759,5.04445825848215
"61","41",1,5,31,114,174.065,295.123,Inf,-Inf,174.065,295.123,2.36739622231872,-0.132287764443046,2.49968398676176,24,2.4033,2.728,0.3247,11.2462546557403,2023-09-22,"CAREER",5,9,32.5,367.6102759,41.14552142,NA,"Porites compressa","Susceptible",0.3676102759,4.90248290563441
"62","41",1,6,34,108,160.973,230.766,Inf,-Inf,160.973,230.766,1.42683910784362,-0.136575681995632,1.56341478983926,24,2.4033,2.728,0.3247,11.2462546557403,2023-09-22,"CAREER",6,9,35.5,362.8332759,41.14552142,NA,"Porites compressa","Susceptible",0.3628332759,3.02638839588261
"63","41",1,7,38,109,145.062,122.743,Inf,-Inf,122.743,145.062,-0.531432633727236,-0.134444378129151,-0.396988255598085,24,2.4033,2.728,0.3247,11.2462546557403,2023-09-22,"CAREER",7,9,39.4,359.2252759,41.14552142,NA,"Porites compressa","Susceptible",0.3592252759,-0.760830445397172
"64","12",2,1,18,103,216.158,235.255,Inf,-Inf,216.072,235.255,0.40090643289295,-0.052976276224463,0.453882709117413,5,1.5257,1.7165,0.1908,6.60851674873804,2023-09-23,"CAREER",8,10,19.5,371.8286789,25.92088563,NA,"Montipora capitata","Resistant",0.3718286789,1.53226463235256
"65","12",2,2,22,106,213.721,237.162,Inf,-Inf,213.514,237.162,0.522946982658874,-0.0749550795075065,0.597902062166381,5,1.5257,1.7165,0.1908,6.60851674873804,2023-09-23,"CAREER",9,10,23.2,377.4556789,25.92088563,NA,"Montipora capitata","Resistant",0.3774556789,2.04900619038743
"66","12",2,3,25,110,199.076,231.84,Inf,-Inf,198.744,231.84,0.74768071451709,-0.0802697818267523,0.827950496343843,5,1.5257,1.7165,0.1908,6.60851674873804,2023-09-23,"CAREER",10,10,26.4,375.2306789,25.92088563,NA,"Montipora capitata","Resistant",0.3752306789,2.82065496979804
"67","12",2,4,28,112,191.97,236.473,Inf,-Inf,191.936,236.473,0.95438480573545,-0.0890318152316722,1.04341662096712,5,1.5257,1.7165,0.1908,6.60851674873804,2023-09-23,"CAREER",11,10,29.4,342.7556789,25.92088563,NA,"Montipora capitata","Resistant",0.3427556789,3.24705514922172
"68","12",2,5,31,114,184.483,223.367,Inf,-Inf,183.21,223.386,0.93910479671823,-0.132287764443046,1.07139256116128,5,1.5257,1.7165,0.1908,6.60851674873804,2023-09-23,"CAREER",12,10,32.5,375.9706789,25.92088563,NA,"Montipora capitata","Resistant",0.3759706789,3.65720966356151
"69","12",2,6,34,111,165.305,185.145,Inf,-Inf,164.832,185.145,0.462130474176983,-0.136575681995632,0.598706156172615,5,1.5257,1.7165,0.1908,6.60851674873804,2023-09-23,"CAREER",13,10,35.5,379.0256789,25.92088563,NA,"Montipora capitata","Resistant",0.3790256789,2.06029597199646
"70","12",2,7,38,108,148.134,125.578,Inf,-Inf,125.578,148.134,-0.439423224569385,-0.134444378129151,-0.304978846440234,5,1.5257,1.7165,0.1908,6.60851674873804,2023-09-23,"CAREER",14,10,39.4,373.2706789,25.92088563,NA,"Montipora capitata","Resistant",0.3732706789,-1.03357227095739
"71","206",2,1,18,103,252.224,330.791,Inf,-Inf,252.224,330.791,1.68799949347514,-0.052976276224463,1.7409757696996,13,3.0603,3.7422,0.6819,23.6181738520151,2023-09-23,"CAREER",8,1,19.5,347.1227818,57.74845187,NA,"Montipora capitata","Resistant",0.3471227818,1.53525591608674
"72","206",2,2,22,106,244.758,335.191,Inf,-Inf,244.469,335.191,1.78365212521591,-0.0749550795075065,1.85860720472341,13,3.0603,3.7422,0.6819,23.6181738520151,2023-09-23,"CAREER",9,1,23.2,354.3167818,57.74845187,NA,"Montipora capitata","Resistant",0.3543167818,1.67295505791623
"73","206",2,3,25,110,229.29,359.28,Inf,-Inf,229.264,359.28,2.48767919962096,-0.0802697818267523,2.56794898144771,13,3.0603,3.7422,0.6819,23.6181738520151,2023-09-23,"CAREER",10,1,26.4,350.7787818,57.74845187,NA,"Montipora capitata","Resistant",0.3507787818,2.28836155008638
"74","206",2,4,28,112,214.254,379.673,Inf,-Inf,213.857,379.673,3.27485859258207,-0.0890318152316722,3.36389040781374,13,3.0603,3.7422,0.6819,23.6181738520151,2023-09-23,"CAREER",11,1,29.4,350.4497818,57.74845187,NA,"Montipora capitata","Resistant",0.3504497818,2.99483270841498
"75","206",2,5,31,114,204.704,346.517,Inf,-Inf,203.494,346.517,2.99768023157834,-0.132287764443046,3.12996799602139,13,3.0603,3.7422,0.6819,23.6181738520151,2023-09-23,"CAREER",12,1,32.5,340.8887818,57.74845187,NA,"Montipora capitata","Resistant",0.3408887818,2.71055074093889
"76","206",2,6,34,111,185.149,263.162,Inf,-Inf,185.149,263.162,1.54024574583274,-0.136575681995632,1.67682142782838,13,3.0603,3.7422,0.6819,23.6181738520151,2023-09-23,"CAREER",13,1,35.5,361.3107818,57.74845187,NA,"Montipora capitata","Resistant",0.3613107818,1.539120674165
"77","206",2,7,38,108,182.421,118.808,Inf,-Inf,118.808,185.003,-0.808890142393724,-0.134444378129151,-0.674445764264572,13,3.0603,3.7422,0.6819,23.6181738520151,2023-09-23,"CAREER",14,1,39.4,357.1967818,57.74845187,NA,"Montipora capitata","Resistant",0.3571967818,-0.612011389204146
"78","209",2,1,18,103,168.962,185.123,Inf,-Inf,168.962,185.274,0.363898824117527,-0.052976276224463,0.41687510034199,14,1.2837,1.5193,0.2356,8.16020202307487,2023-09-23,"CAREER",8,7,19.5,364.2631353,26.63296658,NA,"Montipora capitata","Susceptible",0.3642631353,1.11653287982095
"79","209",2,2,22,106,170.379,188.6,Inf,-Inf,170.379,188.6,0.342182726808712,-0.0749550795075065,0.417137806316218,14,1.2837,1.5193,0.2356,8.16020202307487,2023-09-23,"CAREER",9,7,23.2,352.8091353,26.63296658,NA,"Montipora capitata","Susceptible",0.3528091353,1.08210577383653
"80","209",2,3,25,110,160.284,186.384,Inf,-Inf,160.284,186.408,0.519055466707035,-0.0802697818267523,0.599325248533787,14,1.2837,1.5193,0.2356,8.16020202307487,2023-09-23,"CAREER",10,7,26.4,352.4851353,26.63296658,NA,"Montipora capitata","Susceptible",0.3524851353,1.55329420071295
"81","209",2,4,28,112,153.589,180.34,Inf,-Inf,153.589,180.34,0.463645793929436,-0.0890318152316722,0.552677609161108,14,1.2837,1.5193,0.2356,8.16020202307487,2023-09-23,"CAREER",11,7,29.4,362.3581353,26.63296658,NA,"Montipora capitata","Susceptible",0.3623581353,1.47251668998914
"82","209",2,5,31,114,145.51,170.916,Inf,-Inf,145.254,171.188,0.472144687595273,-0.132287764443046,0.604432452038318,14,1.2837,1.5193,0.2356,8.16020202307487,2023-09-23,"CAREER",12,7,32.5,351.9231353,26.63296658,NA,"Montipora capitata","Susceptible",0.3519231353,1.56403306925658
"83","209",2,6,34,111,130.025,138.408,Inf,-Inf,129.915,138.553,0.184415737619912,-0.136575681995632,0.320991419615544,14,1.2837,1.5193,0.2356,8.16020202307487,2023-09-23,"CAREER",13,7,35.5,383.7611353,26.63296658,NA,"Montipora capitata","Susceptible",0.3837611353,0.905742514204098
"84","209",2,7,38,108,110.351,91.026,Inf,-Inf,91.026,110.351,-0.395588275975542,-0.134444378129151,-0.261143897846391,14,1.2837,1.5193,0.2356,8.16020202307487,2023-09-23,"CAREER",14,7,39.4,371.3211353,26.63296658,NA,"Montipora capitata","Susceptible",0.3713211353,-0.712984176255358
"85","221",2,1,18,103,216.551,241.529,Inf,-Inf,216.513,241.529,0.526524618485115,-0.052976276224463,0.579500894709578,19,4.0376,4.5926,0.555,19.222886769128,2023-09-23,"CAREER",8,5,19.5,365.5359924,26.07098054,NA,"Montipora capitata","Susceptible",0.3655359924,0.661175724089111
"86","221",2,2,22,106,216.083,239.942,Inf,-Inf,216.083,239.942,0.43266739504684,-0.0749550795075065,0.507622474554346,19,4.0376,4.5926,0.555,19.222886769128,2023-09-23,"CAREER",9,5,23.2,373.9909924,26.07098054,NA,"Montipora capitata","Susceptible",0.3739909924,0.592563131552178
"87","221",2,3,25,110,203.137,234.905,Inf,-Inf,203.137,234.905,0.568385576923077,-0.0802697818267523,0.648655358749829,19,4.0376,4.5926,0.555,19.222886769128,2023-09-23,"CAREER",10,5,26.4,356.9489924,26.07098054,NA,"Montipora capitata","Susceptible",0.3569489924,0.722691277854669
"88","221",2,4,28,112,195.202,230.772,Inf,-Inf,194.934,230.772,0.71171104617183,-0.0890318152316722,0.800742861403503,19,4.0376,4.5926,0.555,19.222886769128,2023-09-23,"CAREER",11,5,29.4,366.8709924,26.07098054,NA,"Montipora capitata","Susceptible",0.3668709924,0.916936145174968
"89","221",2,5,31,114,187.055,223.369,Inf,-Inf,187.055,223.369,0.685219203862431,-0.132287764443046,0.817506968305477,19,4.0376,4.5926,0.555,19.222886769128,2023-09-23,"CAREER",12,5,32.5,366.1739924,26.07098054,NA,"Montipora capitata","Susceptible",0.3661739924,0.934354326676865
"90","221",2,6,34,111,172.286,177.853,Inf,-Inf,171.443,177.853,0.160933668339241,-0.136575681995632,0.297509350334874,19,4.0376,4.5926,0.555,19.222886769128,2023-09-23,"CAREER",13,5,35.5,380.1109924,26.07098054,NA,"Montipora capitata","Susceptible",0.3801109924,0.352974792274235
"91","221",2,7,38,108,156.513,132.349,Inf,-Inf,132.349,156.513,-0.420447017597521,-0.134444378129151,-0.28600263946837,19,4.0376,4.5926,0.555,19.222886769128,2023-09-23,"CAREER",14,5,39.4,374.9739924,26.07098054,NA,"Montipora capitata","Susceptible",0.3749739924,-0.334737085578507
"92","225",2,1,18,103,221.307,256.834,Inf,-Inf,221.307,256.834,0.73450644900336,-0.052976276224463,0.787482725227823,28,2.8119,3.2129,0.401,13.8889686385952,2023-09-23,"CAREER",8,4,19.5,375.4293697,26.5114179,NA,"Porites compressa","Susceptible",0.3754293697,1.27717536503195
"93","225",2,2,22,106,218.501,268.29,Inf,-Inf,218.501,268.29,0.970714170879874,-0.0749550795075065,1.04566925038738,28,2.8119,3.2129,0.401,13.8889686385952,2023-09-23,"CAREER",9,4,23.2,377.1923697,26.5114179,NA,"Porites compressa","Susceptible",0.3771923697,1.70387797426519
"94","225",2,3,25,110,203.486,264.131,Inf,-Inf,203.486,264.131,1.14715598229787,-0.0802697818267523,1.22742576412463,28,2.8119,3.2129,0.401,13.8889686385952,2023-09-23,"CAREER",10,4,26.4,368.5383697,26.5114179,NA,"Porites compressa","Susceptible",0.3685383697,1.95415585624371
"95","225",2,4,28,112,195.761,261.761,Inf,-Inf,195.761,261.761,1.17401747985204,-0.0890318152316722,1.26304929508372,28,2.8119,3.2129,0.401,13.8889686385952,2023-09-23,"CAREER",11,4,29.4,376.4563697,26.5114179,NA,"Porites compressa","Susceptible",0.3764563697,2.05407455982615
"96","225",2,5,31,114,186.858,249.54,Inf,-Inf,186.858,249.54,1.31147359256761,-0.132287764443046,1.44376135701066,28,2.8119,3.2129,0.401,13.8889686385952,2023-09-23,"CAREER",12,4,32.5,355.0193697,26.5114179,NA,"Porites compressa","Susceptible",0.3550193697,2.21426051264372
"97","225",2,6,34,111,172.108,212.87,Inf,-Inf,172.108,212.87,0.783367221575072,-0.136575681995632,0.919942903570705,28,2.8119,3.2129,0.401,13.8889686385952,2023-09-23,"CAREER",13,4,35.5,391.4743697,26.5114179,NA,"Porites compressa","Susceptible",0.3914743697,1.55577024200879
"98","225",2,7,38,108,153.549,136.523,Inf,-Inf,136.523,153.549,-0.419938479956721,-0.134444378129151,-0.28549410182757,28,2.8119,3.2129,0.401,13.8889686385952,2023-09-23,"CAREER",14,4,39.4,383.6943697,26.5114179,NA,"Porites compressa","Susceptible",0.3836943697,-0.473220794016611
"99","226",2,1,18,103,216.784,252.759,Inf,-Inf,216.784,252.759,0.772549643377501,-0.052976276224463,0.825525919601964,29,2.0865,2.4038,0.3173,10.9899494988186,2023-09-23,"CAREER",8,2,19.5,370.7894319,22.05380642,NA,"Porites compressa","Resistant",0.3707894319,1.67114300269082
"100","226",2,2,22,106,215.762,277.529,Inf,-Inf,215.762,277.529,1.28362376393734,-0.0749550795075065,1.35857884344485,29,2.0865,2.4038,0.3173,10.9899494988186,2023-09-23,"CAREER",9,2,23.2,387.8794319,22.05380642,NA,"Porites compressa","Resistant",0.3878794319,2.87698204642375
"101","226",2,3,25,110,202.124,274.932,Inf,-Inf,202.124,274.932,1.41817099176784,-0.0802697818267523,1.49844077359459,29,2.0865,2.4038,0.3173,10.9899494988186,2023-09-23,"CAREER",10,2,26.4,373.8014319,22.05380642,NA,"Porites compressa","Resistant",0.3738014319,3.05799024925754
"102","226",2,4,28,112,195.965,271.111,Inf,-Inf,195.872,271.111,1.47268181368706,-0.0890318152316722,1.56171362891873,29,2.0865,2.4038,0.3173,10.9899494988186,2023-09-23,"CAREER",11,2,29.4,371.0084319,22.05380642,NA,"Porites compressa","Resistant",0.3710084319,3.16330256806521
"103","226",2,5,31,114,185.707,250.639,Inf,-Inf,185.58,250.639,1.276023718036,-0.132287764443046,1.40831148247905,29,2.0865,2.4038,0.3173,10.9899494988186,2023-09-23,"CAREER",12,2,32.5,366.9324319,22.05380642,NA,"Porites compressa","Resistant",0.3669324319,2.82124221150032
"104","226",2,6,34,111,170.921,208.297,Inf,-Inf,170.921,208.297,0.7343800794429,-0.136575681995632,0.870955761438532,29,2.0865,2.4038,0.3173,10.9899494988186,2023-09-23,"CAREER",13,2,35.5,381.2434319,22.05380642,NA,"Porites compressa","Resistant",0.3812434319,1.81281723028626
"105","226",2,7,38,108,153.37,138.499,Inf,-Inf,138.499,153.581,-0.318719716090524,-0.134444378129151,-0.184275337961373,29,2.0865,2.4038,0.3173,10.9899494988186,2023-09-23,"CAREER",14,2,39.4,380.5534319,22.05380642,NA,"Porites compressa","Resistant",0.3805534319,-0.382858605218912
"106","237",2,1,18,103,213.04,239.116,Inf,-Inf,213.04,239.174,0.521312941998963,-0.052976276224463,0.574289218223426,34,1.4809,1.7255,0.2446,8.47192451122288,2023-09-23,"CAREER",8,9,19.5,382.8379185,17.89549204,NA,"Porites compressa","Susceptible",0.3828379185,1.55709382417464
"107","237",2,2,22,106,210.911,254.036,Inf,-Inf,210.882,254.036,0.824947784605282,-0.0749550795075065,0.899902864112789,34,1.4809,1.7255,0.2446,8.47192451122288,2023-09-23,"CAREER",9,9,23.2,372.0189185,17.89549204,NA,"Porites compressa","Susceptible",0.3720189185,2.3709906042161
"108","237",2,3,25,110,196.459,247.775,Inf,-Inf,196.459,247.775,0.95085687603059,-0.0802697818267523,1.03112665785734,34,1.4809,1.7255,0.2446,8.47192451122288,2023-09-23,"CAREER",10,9,26.4,359.4129185,17.89549204,NA,"Porites compressa","Susceptible",0.3594129185,2.62467098911978
"109","237",2,4,28,112,188.63,239.904,Inf,-Inf,188.63,239.904,0.928355596557925,-0.0890318152316722,1.0173874117896,34,1.4809,1.7255,0.2446,8.47192451122288,2023-09-23,"CAREER",11,9,29.4,355.8129185,17.89549204,NA,"Porites compressa","Susceptible",0.3558129185,2.56375927633306
"110","237",2,5,31,114,179.032,229.785,Inf,-Inf,178.888,229.785,0.962722647437288,-0.132287764443046,1.09501041188033,34,1.4809,1.7255,0.2446,8.47192451122288,2023-09-23,"CAREER",12,9,32.5,371.7809185,17.89549204,NA,"Porites compressa","Susceptible",0.3717809185,2.8831983298952
"111","237",2,6,34,111,166.137,197.394,Inf,-Inf,166.137,197.394,0.555087968490758,-0.136575681995632,0.691663650486391,34,1.4809,1.7255,0.2446,8.47192451122288,2023-09-23,"CAREER",13,9,35.5,388.2999185,17.89549204,NA,"Porites compressa","Susceptible",0.3882999185,1.90209158797977
"112","237",2,7,38,108,147.546,134.376,Inf,-Inf,134.376,147.546,-0.272382783736124,-0.134444378129151,-0.137938405606972,34,1.4809,1.7255,0.2446,8.47192451122288,2023-09-23,"CAREER",14,9,39.4,377.7789185,17.89549204,NA,"Porites compressa","Susceptible",0.3777789185,-0.369055849972118
"113","26",2,1,18,103,208.994,246.913,Inf,-Inf,208.994,247.007,0.824804321897874,-0.052976276224463,0.877780598122337,20,2.1564,2.4602,0.3038,10.5223657665965,2023-09-23,"CAREER",8,8,19.5,366.7300895,24.88167307,NA,"Porites compressa","Resistant",0.3667300895,1.83556757739409
"114","26",2,2,22,106,207.713,265.865,Inf,-Inf,207.713,265.865,1.1541575889188,-0.0749550795075065,1.22911266842631,20,2.1564,2.4602,0.3038,10.5223657665965,2023-09-23,"CAREER",9,8,23.2,360.4110895,24.88167307,NA,"Porites compressa","Resistant",0.3604110895,2.52596713954982
"115","26",2,3,25,110,195.399,259.118,Inf,-Inf,195.399,259.118,1.19966479607023,-0.0802697818267523,1.27993457789698,20,2.1564,2.4602,0.3038,10.5223657665965,2023-09-23,"CAREER",10,8,26.4,379.1910895,24.88167307,NA,"Porites compressa","Resistant",0.3791910895,2.7674752874807
"116","26",2,4,28,112,187.084,261.862,Inf,-Inf,187.084,261.862,1.37909358999168,-0.0890318152316722,1.46812540522335,20,2.1564,2.4602,0.3038,10.5223657665965,2023-09-23,"CAREER",11,8,29.4,365.5940895,24.88167307,NA,"Porites compressa","Resistant",0.3655940895,3.06055491341122
"117","26",2,5,31,114,180.078,243.168,Inf,-Inf,180.078,243.168,1.32826758178479,-0.132287764443046,1.46055534622784,20,2.1564,2.4602,0.3038,10.5223657665965,2023-09-23,"CAREER",12,8,32.5,365.5570895,24.88167307,NA,"Porites compressa","Resistant",0.3655570895,3.04446570246955
"118","26",2,6,34,111,165.569,212.617,Inf,-Inf,165.569,212.617,0.86290095880486,-0.136575681995632,0.999476640800492,20,2.1564,2.4602,0.3038,10.5223657665965,2023-09-23,"CAREER",13,8,35.5,372.9900895,24.88167307,NA,"Porites compressa","Resistant",0.3729900895,2.12572850996369
"119","26",2,7,38,108,147.626,132.415,Inf,-Inf,132.415,147.626,-0.393513717904367,-0.134444378129151,-0.259069339775216,20,2.1564,2.4602,0.3038,10.5223657665965,2023-09-23,"CAREER",14,8,39.4,368.2830895,24.88167307,NA,"Porites compressa","Resistant",0.3682830895,-0.544046038487044
"120","42",2,1,18,103,218.089,252.011,Inf,-Inf,218.019,252.011,0.709981794660409,-0.052976276224463,0.762958070884872,25,5.8857,6.5585,0.672800000000001,23.3029877806654,2023-09-23,"CAREER",8,6,19.5,375.1386527,22.70840934,NA,"Porites compressa","Resistant",0.3751386527,0.736939997923741
"121","42",2,2,22,106,215.366,258.714,Inf,-Inf,215.366,258.714,0.887460236225415,-0.0749550795075065,0.962415315732922,25,5.8857,6.5585,0.672800000000001,23.3029877806654,2023-09-23,"CAREER",9,6,23.2,374.4376527,22.70840934,NA,"Porites compressa","Resistant",0.3744376527,0.927858354827515
"122","42",2,3,25,110,200.713,254.036,Inf,-Inf,200.327,254.036,1.07629969923245,-0.0802697818267523,1.15656948105921,25,5.8857,6.5585,0.672800000000001,23.3029877806654,2023-09-23,"CAREER",10,6,26.4,378.5486527,22.70840934,NA,"Porites compressa","Resistant",0.3785486527,1.12728330700708
"123","42",2,4,28,112,193.924,236.762,Inf,-Inf,192.172,236.762,0.95887666782084,-0.0890318152316722,1.04790848305251,25,5.8857,6.5585,0.672800000000001,23.3029877806654,2023-09-23,"CAREER",11,6,29.4,374.3906527,22.70840934,NA,"Porites compressa","Resistant",0.3743906527,1.0101549499985
"124","42",2,5,31,114,183.325,234.743,Inf,-Inf,182.404,234.743,1.08373275722591,-0.132287764443046,1.21602052166896,25,5.8857,6.5585,0.672800000000001,23.3029877806654,2023-09-23,"CAREER",12,6,32.5,381.6456527,22.70840934,NA,"Porites compressa","Resistant",0.3816456527,1.19492560367903
"125","42",2,6,34,111,167.159,195.28,Inf,-Inf,167.051,195.28,0.556677574035974,-0.136575681995632,0.693253256031607,25,5.8857,6.5585,0.672800000000001,23.3029877806654,2023-09-23,"CAREER",13,6,35.5,381.1886527,22.70840934,NA,"Porites compressa","Resistant",0.3811886527,0.680411311546499
"126","42",2,7,38,108,150.574,130.016,Inf,-Inf,130.016,150.574,-0.41829572752077,-0.134444378129151,-0.283851349391619,25,5.8857,6.5585,0.672800000000001,23.3029877806654,2023-09-23,"CAREER",14,6,39.4,378.5186527,22.70840934,NA,"Porites compressa","Resistant",0.3785186527,-0.276641857301935
"127","45",2,1,18,103,165.301,190.805,Inf,-Inf,165.301,190.805,0.532433247983233,-0.052976276224463,0.585409524207696,NA,NA,NA,NA,NA,2023-09-23,"CAREER",8,3,19.5,367.58703,20.88991377,NA,"Porites compressa","Susceptible",0.36758703,NA
"128","45",2,2,22,106,166.55,204.37,Inf,-Inf,166.434,204.37,0.746039490303329,-0.0749550795075065,0.820994569810835,NA,NA,NA,NA,NA,2023-09-23,"CAREER",9,3,23.2,356.75603,20.88991377,NA,"Porites compressa","Susceptible",0.35675603,NA
"129","45",2,3,25,110,155.105,201.72,Inf,-Inf,155.105,201.72,0.866033024031834,-0.0802697818267523,0.946302805858586,NA,NA,NA,NA,NA,2023-09-23,"CAREER",10,3,26.4,366.14703,20.88991377,NA,"Porites compressa","Susceptible",0.36614703,NA
"130","45",2,4,28,112,149.273,203.068,Inf,-Inf,149.246,203.068,0.931347303007039,-0.0890318152316722,1.02037911823871,NA,NA,NA,NA,NA,2023-09-23,"CAREER",11,3,29.4,358.47903,20.88991377,NA,"Porites compressa","Susceptible",0.35847903,NA
"131","45",2,5,31,114,139.593,184.893,Inf,-Inf,139.593,184.893,0.844982491850632,-0.132287764443046,0.977270256293678,NA,NA,NA,NA,NA,2023-09-23,"CAREER",12,3,32.5,354.96103,20.88991377,NA,"Porites compressa","Susceptible",0.35496103,NA
"132","45",2,6,34,111,124.732,145.916,Inf,-Inf,124.732,145.916,0.400384671730873,-0.136575681995632,0.536960353726506,NA,NA,NA,NA,NA,2023-09-23,"CAREER",13,3,35.5,378.36803,20.88991377,NA,"Porites compressa","Susceptible",0.37836803,NA
"133","45",2,7,38,108,102.644,88.449,Inf,-Inf,88.449,102.644,-0.289514571746383,-0.134444378129151,-0.155070193617232,NA,NA,NA,NA,NA,2023-09-23,"CAREER",14,3,39.4,381.26603,20.88991377,NA,"Porites compressa","Susceptible",0.38126603,NA
"134","2",3,1,18,105,224.791,256.412,Inf,-Inf,224.688,256.412,0.667074612743594,-0.052976276224463,0.720050888968057,2,1.5416,1.9,0.3584,12.4134821946945,2023-09-24,"CAREER",15,5,19.5,377.6529591,36.60758992,NA,"Montipora capitata","Resistant",0.3776529591,1.31435810511378
"135","2",3,2,22,114,218.649,255.974,Inf,-Inf,217.56,255.974,0.727968567946638,-0.0749550795075065,0.802923647454145,2,1.5416,1.9,0.3584,12.4134821946945,2023-09-24,"CAREER",16,5,23.2,367.9259591,36.60758992,NA,"Montipora capitata","Resistant",0.3679259591,1.42788195176965
"136","2",3,3,25,111,205.574,266.828,Inf,-Inf,205.03,266.828,1.27839199589667,-0.0802697818267523,1.35866177772342,2,1.5416,1.9,0.3584,12.4134821946945,2023-09-24,"CAREER",17,5,26.4,373.5929591,36.60758992,NA,"Montipora capitata","Resistant",0.3735929591,2.45339607047263
"137","2",3,4,28,106,200.643,271.026,Inf,-Inf,200.643,271.026,1.38910732347211,-0.0890318152316722,1.47813913870378,2,1.5416,1.9,0.3584,12.4134821946945,2023-09-24,"CAREER",18,5,29.4,376.2089591,36.60758992,NA,"Montipora capitata","Resistant",0.3762089591,2.68783172064834
"138","2",3,5,31,106,187.585,223.772,Inf,-Inf,187.333,223.772,0.772291786665281,-0.132287764443046,0.904579551108327,2,1.5416,1.9,0.3584,12.4134821946945,2023-09-24,"CAREER",19,5,32.5,383.1809591,36.60758992,NA,"Montipora capitata","Resistant",0.3831809591,1.6753606500072
"139","2",3,6,34,116,166.868,178.841,Inf,-Inf,165.49,178.841,0.258102706997195,-0.136575681995632,0.394678388992828,2,1.5416,1.9,0.3584,12.4134821946945,2023-09-24,"CAREER",20,5,35.5,372.4689591,36.60758992,NA,"Montipora capitata","Resistant",0.3724689591,0.710544131397328
"140","2",3,7,38,109,156.799,120.941,Inf,-Inf,120.941,156.799,-0.624501713454003,-0.134444378129151,-0.490057335324852,2,1.5416,1.9,0.3584,12.4134821946945,2023-09-24,"CAREER",21,5,39.4,376.0979591,36.60758992,NA,"Montipora capitata","Resistant",0.3760979591,-0.890851869444504
"141","204",3,1,18,105,216.331,234.123,Inf,-Inf,216.331,234.123,0.378347134124653,-0.052976276224463,0.431323410349116,11,3.2807,3.7081,0.4274,14.8033546038294,2023-09-24,"CAREER",15,8,19.5,383.5710585,23.89127348,NA,"Montipora capitata","Resistant",0.3835710585,0.670563591122688
"142","204",3,2,22,114,213.121,229.866,Inf,-Inf,211.939,229.866,0.389660903709001,-0.0749550795075065,0.464615983216508,11,3.2807,3.7081,0.4274,14.8033546038294,2023-09-24,"CAREER",16,8,23.2,384.4210585,23.89127348,NA,"Montipora capitata","Resistant",0.3844210585,0.723923081669225
"143","204",3,3,25,111,201.798,231.777,Inf,-Inf,200.04,231.777,0.760594868362591,-0.0802697818267523,0.840864650189343,11,3.2807,3.7081,0.4274,14.8033546038294,2023-09-24,"CAREER",17,8,26.4,377.9600585,23.89127348,NA,"Montipora capitata","Resistant",0.3779600585,1.288140131267
"144","204",3,4,28,106,193.875,231.036,Inf,-Inf,193.705,231.036,0.803352718922867,-0.0890318152316722,0.892384534154539,11,3.2807,3.7081,0.4274,14.8033546038294,2023-09-24,"CAREER",18,8,29.4,372.0820585,23.89127348,NA,"Montipora capitata","Resistant",0.3720820585,1.34580417747701
"145","204",3,5,31,106,176.862,213.617,Inf,-Inf,176.848,213.617,0.784117489808699,-0.132287764443046,0.916405254251745,11,3.2807,3.7081,0.4274,14.8033546038294,2023-09-24,"CAREER",19,8,32.5,371.9610585,23.89127348,NA,"Montipora capitata","Resistant",0.3719610585,1.38158036813465
"146","204",3,6,34,116,162.051,177.803,Inf,-Inf,160.765,177.803,0.399968644517635,-0.136575681995632,0.536544326513268,11,3.2807,3.7081,0.4274,14.8033546038294,2023-09-24,"CAREER",20,8,35.5,376.3790585,23.89127348,NA,"Montipora capitata","Resistant",0.3763790585,0.818506563658242
"147","204",3,7,38,109,152.197,128.283,Inf,-Inf,128.283,152.197,-0.434627883064092,-0.134444378129151,-0.300183504934941,11,3.2807,3.7081,0.4274,14.8033546038294,2023-09-24,"CAREER",21,8,39.4,378.1150585,23.89127348,NA,"Montipora capitata","Resistant",0.3781150585,-0.460046684958213
"148","205",3,1,18,105,261.486,303.422,Inf,-Inf,261.486,303.422,0.905761940946589,-0.052976276224463,0.958738217171052,12,5.0684,5.8128,0.744400000000001,25.782913353043,2023-09-24,"CAREER",15,1,19.5,348.6353566,27.39337475,NA,"Montipora capitata","Susceptible",0.3486353566,0.777840818031594
"149","205",3,2,22,114,254.581,304.706,Inf,-Inf,253.148,304.706,1.12427840499978,-0.0749550795075065,1.19923348450729,12,5.0684,5.8128,0.744400000000001,25.782913353043,2023-09-24,"CAREER",16,1,23.2,359.9383566,27.39337475,NA,"Montipora capitata","Susceptible",0.3599383566,1.00450276588072
"150","205",3,3,25,111,238.323,309.019,Inf,-Inf,237.474,309.019,1.49435289203415,-0.0802697818267523,1.5746226738609,12,5.0684,5.8128,0.744400000000001,25.782913353043,2023-09-24,"CAREER",17,1,26.4,368.3563566,27.39337475,NA,"Montipora capitata","Susceptible",0.3683563566,1.34978292767996
"151","205",3,4,28,106,229.871,305.515,Inf,-Inf,229.681,305.515,1.53748848934328,-0.0890318152316722,1.62652030457495,12,5.0684,5.8128,0.744400000000001,25.782913353043,2023-09-24,"CAREER",18,1,29.4,363.6823566,27.39337475,NA,"Montipora capitata","Susceptible",0.3636823566,1.37657850218641
"152","205",3,5,31,106,209.802,284.11,Inf,-Inf,207.388,284.11,1.47844015752884,-0.132287764443046,1.61072792197188,12,5.0684,5.8128,0.744400000000001,25.782913353043,2023-09-24,"CAREER",19,1,32.5,375.0603566,27.39337475,NA,"Montipora capitata","Susceptible",0.3750603566,1.40586173609209
"153","205",3,6,34,116,189.128,233.887,Inf,-Inf,186.149,233.887,1.01607403045583,-0.136575681995632,1.15264971245147,12,5.0684,5.8128,0.744400000000001,25.782913353043,2023-09-24,"CAREER",20,1,35.5,374.2083566,27.39337475,NA,"Montipora capitata","Susceptible",0.3742083566,1.00376047204383
"154","205",3,7,38,109,178.749,140.584,Inf,-Inf,140.584,178.749,-0.808224964647394,-0.134444378129151,-0.673780586518242,12,5.0684,5.8128,0.744400000000001,25.782913353043,2023-09-24,"CAREER",21,1,39.4,373.1893566,27.39337475,NA,"Montipora capitata","Susceptible",0.3731893566,-0.585149723297589
"155","211",3,1,18,105,222.905,262.496,Inf,-Inf,222.905,262.496,0.814122388984968,-0.052976276224463,0.867098665209431,16,1.2066,1.4296,0.223,7.72379053966764,2023-09-24,"CAREER",15,10,19.5,371.8611905,37.65275189,NA,"Montipora capitata","Susceptible",0.3718611905,2.50478316523287
"156","211",3,2,22,114,217.813,265.025,Inf,-Inf,217.596,265.025,0.923542305125555,-0.0749550795075065,0.998497384633061,16,1.2066,1.4296,0.223,7.72379053966764,2023-09-24,"CAREER",16,10,23.2,368.8141905,37.65275189,NA,"Montipora capitata","Susceptible",0.3688141905,2.86071976762065
"157","211",3,3,25,111,205.526,260.778,Inf,-Inf,204.874,260.778,1.25303428978989,-0.0802697818267523,1.33330407161664,16,1.2066,1.4296,0.223,7.72379053966764,2023-09-24,"CAREER",17,10,26.4,368.6041905,37.65275189,NA,"Montipora capitata","Susceptible",0.3686041905,3.81777417824503
"158","211",3,4,28,106,197.475,265.669,Inf,-Inf,197.475,265.669,1.38667788787436,-0.0890318152316722,1.47570970310603,16,1.2066,1.4296,0.223,7.72379053966764,2023-09-24,"CAREER",18,10,29.4,373.7081905,37.65275189,NA,"Montipora capitata","Susceptible",0.3737081905,4.28404783909207
"159","211",3,5,31,106,182.032,245.024,Inf,-Inf,182.032,245.024,1.28073731702649,-0.132287764443046,1.41302508146953,16,1.2066,1.4296,0.223,7.72379053966764,2023-09-24,"CAREER",19,10,32.5,366.4731905,37.65275189,NA,"Montipora capitata","Susceptible",0.3664731905,4.02265551249616
"160","211",3,6,34,116,163.136,189.085,Inf,-Inf,162.603,189.085,0.512628474641006,-0.136575681995632,0.649204156636638,16,1.2066,1.4296,0.223,7.72379053966764,2023-09-24,"CAREER",20,10,35.5,370.0851905,37.65275189,NA,"Montipora capitata","Susceptible",0.3700851905,1.86639585381041
"161","211",3,7,38,109,151.53,117.281,Inf,-Inf,117.281,151.53,-0.641454770539366,-0.134444378129151,-0.507010392410215,16,1.2066,1.4296,0.223,7.72379053966764,2023-09-24,"CAREER",21,10,39.4,366.2191905,37.65275189,NA,"Montipora capitata","Susceptible",0.3662191905,-1.44237678013117
"162","235",3,1,18,105,224.243,295.533,Inf,-Inf,224.243,295.533,1.52647592800572,-0.052976276224463,1.57945220423019,32,3.4514,3.8548,0.4034,13.9720946354346,2023-09-24,"CAREER",15,2,19.5,369.0812349,30.69456464,NA,"Porites compressa","Susceptible",0.3690812349,2.50333046782147
"163","235",3,2,22,114,221.296,327.361,Inf,-Inf,220.561,327.361,2.07966083979034,-0.0749550795075065,2.15461591929785,32,3.4514,3.8548,0.4034,13.9720946354346,2023-09-24,"CAREER",16,2,23.2,370.4792349,30.69456464,NA,"Porites compressa","Susceptible",0.3704792349,3.42786308615637
"164","235",3,3,25,111,209.145,347.877,Inf,-Inf,208.446,347.877,2.83294017094017,-0.0802697818267523,2.91320995276693,32,3.4514,3.8548,0.4034,13.9720946354346,2023-09-24,"CAREER",17,2,26.4,378.9282349,30.69456464,NA,"Porites compressa","Susceptible",0.3789282349,4.74043814087327
"165","235",3,4,28,106,203.394,354.708,Inf,-Inf,203.394,354.708,3.00167091403073,-0.0890318152316722,3.0907027292624,32,3.4514,3.8548,0.4034,13.9720946354346,2023-09-24,"CAREER",18,2,29.4,361.4212349,30.69456464,NA,"Porites compressa","Susceptible",0.3614212349,4.79689964718338
"166","235",3,5,31,106,186.458,340.152,Inf,-Inf,186.458,340.152,3.15751373465809,-0.132287764443046,3.28980149910113,32,3.4514,3.8548,0.4034,13.9720946354346,2023-09-24,"CAREER",19,2,32.5,364.6422349,30.69456464,NA,"Porites compressa","Susceptible",0.3646422349,5.15141330907093
"167","235",3,6,34,116,165.928,267.819,Inf,-Inf,165.928,267.819,1.83580871742496,-0.136575681995632,1.97238439942059,32,3.4514,3.8548,0.4034,13.9720946354346,2023-09-24,"CAREER",20,2,35.5,365.3412349,30.69456464,NA,"Porites compressa","Susceptible",0.3653412349,3.09442515664467
"168","235",3,7,38,109,158.158,141.266,Inf,-Inf,141.266,158.569,-0.53530562851782,-0.134444378129151,-0.400861250388669,32,3.4514,3.8548,0.4034,13.9720946354346,2023-09-24,"CAREER",21,2,39.4,375.7222349,30.69456464,NA,"Porites compressa","Susceptible",0.3757222349,-0.646771248595202
"169","238",3,1,18,105,220.355,258.676,Inf,-Inf,220.355,258.676,0.785684254501958,-0.052976276224463,0.838660530726421,35,2.1891,2.544,0.3549,12.292256782637,2023-09-24,"CAREER",15,9,19.5,382.9825172,28.28639174,NA,"Porites compressa","Resistant",0.3829825172,1.56777877397216
"170","238",3,2,22,114,215.524,271.297,Inf,-Inf,215.321,271.297,1.05665247985875,-0.0749550795075065,1.13160755936626,35,2.1891,2.544,0.3549,12.292256782637,2023-09-24,"CAREER",16,9,23.2,359.0825172,28.28639174,NA,"Porites compressa","Resistant",0.3590825172,1.98339734396248
"171","238",3,3,25,111,202.688,275.552,Inf,-Inf,202.431,275.552,1.45298452172383,-0.0802697818267523,1.53325430355059,35,2.1891,2.544,0.3549,12.292256782637,2023-09-24,"CAREER",17,9,26.4,366.1735172,28.28639174,NA,"Porites compressa","Resistant",0.3661735172,2.74044285449451
"172","238",3,4,28,106,196.286,276.76,Inf,-Inf,196.286,276.76,1.4953066553277,-0.0890318152316722,1.58433847055937,35,2.1891,2.544,0.3549,12.292256782637,2023-09-24,"CAREER",18,9,29.4,375.9565172,28.28639174,NA,"Porites compressa","Resistant",0.3759565172,2.90740285038055
"173","238",3,5,31,106,180.441,253.109,Inf,-Inf,180.441,253.109,1.42404443351859,-0.132287764443046,1.55633219796163,35,2.1891,2.544,0.3549,12.292256782637,2023-09-24,"CAREER",19,9,32.5,375.0475172,28.28639174,NA,"Porites compressa","Resistant",0.3750475172,2.84910348248702
"174","238",3,6,34,116,161.486,214.786,Inf,-Inf,161.486,214.786,0.933747518799225,-0.136575681995632,1.07032320079486,35,2.1891,2.544,0.3549,12.292256782637,2023-09-24,"CAREER",20,9,35.5,377.7825172,28.28639174,NA,"Porites compressa","Resistant",0.3777825172,1.973678553079
"175","238",3,7,38,109,151.839,132.14,Inf,-Inf,132.14,151.839,-0.487779081050524,-0.134444378129151,-0.353334702921373,35,2.1891,2.544,0.3549,12.292256782637,2023-09-24,"CAREER",21,9,39.4,372.6045172,28.28639174,NA,"Porites compressa","Resistant",0.3726045172,-0.642619701426935
"176","247",3,1,18,105,171.146,198.088,Inf,-Inf,171.146,198.088,0.560133405651702,-0.052976276224463,0.613109681876165,42,3.5516,4.0232,0.4716,16.3342583789563,2023-09-24,"CAREER",15,3,19.5,373.2794945,26.40064766,NA,"Porites compressa","Susceptible",0.3732794945,0.840667265623653
"177","247",3,2,22,114,169.49,209.852,Inf,-Inf,169.017,209.852,0.761938517721923,-0.0749550795075065,0.83689359722943,42,3.5516,4.0232,0.4716,16.3342583789563,2023-09-24,"CAREER",16,3,23.2,374.5694945,26.40064766,NA,"Porites compressa","Susceptible",0.3745694945,1.15147491018644
"178","247",3,3,25,111,160.331,210.545,Inf,-Inf,159.825,210.545,0.969861932229017,-0.0802697818267523,1.05013171405577,42,3.5516,4.0232,0.4716,16.3342583789563,2023-09-24,"CAREER",17,3,26.4,372.8254945,26.40064766,NA,"Porites compressa","Susceptible",0.3728254945,1.43814013406585
"179","247",3,4,28,106,154.954,207.133,Inf,-Inf,154.954,207.133,1.02827223665852,-0.0890318152316722,1.11730405189019,42,3.5516,4.0232,0.4716,16.3342583789563,2023-09-24,"CAREER",18,3,29.4,373.8814945,26.40064766,NA,"Porites compressa","Susceptible",0.3738814945,1.53446565754019
"180","247",3,5,31,106,139.296,185.927,Inf,-Inf,139.296,185.927,0.986552632260248,-0.132287764443046,1.11884039670329,42,3.5516,4.0232,0.4716,16.3342583789563,2023-09-24,"CAREER",19,3,32.5,374.4854945,26.40064766,NA,"Porites compressa","Susceptible",0.3744854945,1.53905793396461
"181","247",3,6,34,116,121.413,155.446,Inf,-Inf,121.335,155.446,0.609542926981113,-0.136575681995632,0.746118608976746,42,3.5516,4.0232,0.4716,16.3342583789563,2023-09-24,"CAREER",20,3,35.5,375.0514945,26.40064766,NA,"Porites compressa","Susceptible",0.3750514945,1.02789937398628
"182","247",3,7,38,109,105.882,90.338,Inf,-Inf,90.338,105.882,-0.286782396308561,-0.134444378129151,-0.15233801817941,42,3.5516,4.0232,0.4716,16.3342583789563,2023-09-24,"CAREER",21,3,39.4,374.2274945,26.40064766,NA,"Porites compressa","Susceptible",0.3742274945,-0.209409231338553
"183","27",3,1,18,105,224.891,252.557,Inf,-Inf,224.73,252.557,0.587438874680306,-0.052976276224463,0.640415150904769,21,2.6989,2.979,0.2801,9.70149654780675,2023-09-24,"CAREER",15,6,19.5,387.9000447,23.76579738,NA,"Porites compressa","Susceptible",0.3879000447,1.53636337098122
"184","27",3,2,22,114,221.934,259.641,Inf,-Inf,220.029,259.641,0.806051053231104,-0.0749550795075065,0.88100613273861,21,2.6989,2.979,0.2801,9.70149654780675,2023-09-24,"CAREER",16,6,23.2,375.5270447,23.76579738,NA,"Porites compressa","Susceptible",0.3755270447,2.04612738514885
"185","27",3,3,25,111,206.573,263.24,Inf,-Inf,182.053,263.24,1.00838551435095,-0.0802697818267523,1.0886552961777,21,2.6989,2.979,0.2801,9.70149654780675,2023-09-24,"CAREER",17,6,26.4,375.1390447,23.76579738,NA,"Porites compressa","Susceptible",0.3751390447,2.52577799189977
"186","27",3,4,28,106,199.631,258.707,Inf,-Inf,199.594,258.707,1.16125732600733,-0.0890318152316722,1.250289141239,21,2.6989,2.979,0.2801,9.70149654780675,2023-09-24,"CAREER",18,6,29.4,373.4650447,23.76579738,NA,"Porites compressa","Susceptible",0.3734650447,2.88783872294204
"187","27",3,5,31,106,181.889,230.393,Inf,-Inf,181.831,230.393,0.864341462564104,-0.132287764443046,0.99662922700715,21,2.6989,2.979,0.2801,9.70149654780675,2023-09-24,"CAREER",19,6,32.5,378.4940447,23.76579738,NA,"Porites compressa","Susceptible",0.3784940447,2.33294868685873
"188","27",3,6,34,116,167.293,197.14,Inf,-Inf,165.545,197.14,0.631381874672775,-0.136575681995632,0.767957556668407,21,2.6989,2.979,0.2801,9.70149654780675,2023-09-24,"CAREER",20,6,35.5,374.4530447,23.76579738,NA,"Porites compressa","Susceptible",0.3744530447,1.77847228339138
"189","27",3,7,38,109,155.484,137.715,Inf,-Inf,137.715,155.484,-0.388720617125154,-0.134444378129151,-0.254276238996003,21,2.6989,2.979,0.2801,9.70149654780675,2023-09-24,"CAREER",21,6,39.4,378.0450447,23.76579738,NA,"Porites compressa","Susceptible",0.3780450447,-0.594513671145656
"190","43",3,1,18,105,228.556,267.183,Inf,-Inf,228.556,267.183,0.80030242257272,-0.052976276224463,0.853278698797183,26,2.2429,2.5676,0.3247,11.2462546557403,2023-09-24,"CAREER",15,4,19.5,374.9321444,23.65607908,NA,"Porites compressa","Susceptible",0.3749321444,1.70681683157997
"191","43",3,2,22,114,223.775,281.148,Inf,-Inf,223.253,281.148,1.16693781335845,-0.0749550795075065,1.24189289286596,26,2.2429,2.5676,0.3247,11.2462546557403,2023-09-24,"CAREER",16,4,23.2,388.8201444,23.65607908,NA,"Porites compressa","Susceptible",0.3888201444,2.57618018823898
"192","43",3,3,25,111,211.226,271.2,Inf,-Inf,211.025,271.2,1.13235752260164,-0.0802697818267523,1.21262730442839,26,2.2429,2.5676,0.3247,11.2462546557403,2023-09-24,"CAREER",17,4,26.4,379.4621444,23.65607908,NA,"Porites compressa","Susceptible",0.3794621444,2.45493013300133
"193","43",3,4,28,106,204.55,280.839,Inf,-Inf,204.55,280.839,1.49874712444203,-0.0890318152316722,1.58777893967371,26,2.2429,2.5676,0.3247,11.2462546557403,2023-09-24,"CAREER",18,4,29.4,391.0951444,23.65607908,NA,"Porites compressa","Susceptible",0.3910951444,3.3129569942826
"194","43",3,5,31,106,187.844,255.079,Inf,-Inf,187.844,255.079,1.35501177189084,-0.132287764443046,1.48729953633388,26,2.2429,2.5676,0.3247,11.2462546557403,2023-09-24,"CAREER",19,4,32.5,387.3071444,23.65607908,NA,"Porites compressa","Susceptible",0.3873071444,3.07324573692219
"195","43",3,6,34,116,168.706,215.018,Inf,-Inf,168.597,215.018,0.901047888250894,-0.136575681995632,1.03762357024653,26,2.2429,2.5676,0.3247,11.2462546557403,2023-09-24,"CAREER",20,4,35.5,382.0141444,23.65607908,NA,"Porites compressa","Susceptible",0.3820141444,2.11476740940422
"196","43",3,7,38,109,158.57,138.402,Inf,-Inf,138.402,158.57,-0.459124950891659,-0.134444378129151,-0.324680572762508,26,2.2429,2.5676,0.3247,11.2462546557403,2023-09-24,"CAREER",21,4,39.4,391.2021444,23.65607908,NA,"Porites compressa","Susceptible",0.3912021444,-0.677642860833933
"197","46",3,1,18,105,175.02,208.522,Inf,-Inf,175.02,208.522,0.706051826759027,-0.052976276224463,0.75902810298349,NA,NA,NA,NA,NA,2023-09-24,"CAREER",15,7,19.5,376.8157974,25.00628607,NA,"Porites compressa","Resistant",0.3768157974,NA
"198","46",3,2,22,114,174.447,217.233,Inf,-Inf,174.148,217.233,0.804685119039966,-0.0749550795075065,0.879640198547473,NA,NA,NA,NA,NA,2023-09-24,"CAREER",16,7,23.2,368.2597974,25.00628607,NA,"Porites compressa","Resistant",0.3682597974,NA
"199","46",3,3,25,111,166.007,217.534,Inf,-Inf,165.484,217.534,1.01714293021556,-0.0802697818267523,1.09741271204232,NA,NA,NA,NA,NA,2023-09-24,"CAREER",17,7,26.4,367.9307974,25.00628607,NA,"Porites compressa","Resistant",0.3679307974,NA
"200","46",3,4,28,106,161.617,226.731,Inf,-Inf,161.617,226.731,1.25063229308005,-0.0890318152316722,1.33966410831173,NA,NA,NA,NA,NA,2023-09-24,"CAREER",18,7,29.4,374.7837974,25.00628607,NA,"Porites compressa","Resistant",0.3747837974,NA
"201","46",3,5,31,106,145.482,208.863,Inf,-Inf,145.482,208.863,1.30139811936437,-0.132287764443046,1.43368588380742,NA,NA,NA,NA,NA,2023-09-24,"CAREER",19,7,32.5,370.9557974,25.00628607,NA,"Porites compressa","Resistant",0.3709557974,NA
"202","46",3,6,34,116,127.947,165.879,Inf,-Inf,127.947,165.879,0.700680261792639,-0.136575681995632,0.837255943788271,NA,NA,NA,NA,NA,2023-09-24,"CAREER",20,7,35.5,368.8587974,25.00628607,NA,"Porites compressa","Resistant",0.3688587974,NA
"203","46",3,7,38,109,114.677,102.371,Inf,-Inf,102.371,114.677,-0.33926229739253,-0.134444378129151,-0.204817919263379,NA,NA,NA,NA,NA,2023-09-24,"CAREER",21,7,39.4,367.4727974,25.00628607,NA,"Porites compressa","Resistant",0.3674727974,NA
"204","202",4,1,18,114,210.109,222.197,Inf,-Inf,208.931,222.325,0.25862657226407,-0.052976276224463,0.311602848488533,9,2.7791,3.1328,0.3537,12.2506937842172,2023-09-25,"CAREER",22,5,19.5,371.051628,23.31944106,NA,"Montipora capitata","Resistant",0.371051628,0.56627361482203
"205","202",4,2,22,109,218.538,229.858,Inf,-Inf,217.759,229.858,0.276886106626429,-0.0749550795075065,0.351841186133936,9,2.7791,3.1328,0.3537,12.2506937842172,2023-09-25,"CAREER",23,5,23.2,380.390628,23.31944106,NA,"Montipora capitata","Resistant",0.380390628,0.655491478803483
"206","202",4,3,25,106,207.825,227.539,Inf,-Inf,207.353,227.539,0.436826373227314,-0.0802697818267523,0.517096155054067,9,2.7791,3.1328,0.3537,12.2506937842172,2023-09-25,"CAREER",24,5,26.4,374.847628,23.31944106,NA,"Montipora capitata","Resistant",0.374847628,0.949328767418813
"207","202",4,4,28,112,196.833,225.695,Inf,-Inf,195.653,225.695,0.646764753338393,-0.0890318152316722,0.735796568570065,9,2.7791,3.1328,0.3537,12.2506937842172,2023-09-25,"CAREER",25,5,29.4,377.088628,23.31944106,NA,"Montipora capitata","Resistant",0.377088628,1.35891333217381
"208","202",4,5,31,115,188.307,215.216,Inf,-Inf,187.392,215.216,0.58340882402902,-0.132287764443046,0.715696588472066,9,2.7791,3.1328,0.3537,12.2506937842172,2023-09-25,"CAREER",26,5,32.5,389.826628,23.31944106,NA,"Montipora capitata","Resistant",0.389826628,1.36644140814918
"209","202",4,6,34,110,168.944,179.086,Inf,-Inf,167.077,179.086,0.290553278707878,-0.136575681995632,0.42712896070351,9,2.7791,3.1328,0.3537,12.2506937842172,2023-09-25,"CAREER",27,5,35.5,369.668628,23.31944106,NA,"Montipora capitata","Resistant",0.369668628,0.7733252320081
"210","202",4,7,38,109,157.047,129.669,Inf,-Inf,129.669,157.047,-0.547161968637311,-0.134444378129151,-0.41271759050816,9,2.7791,3.1328,0.3537,12.2506937842172,2023-09-25,"CAREER",28,5,39.4,371.175628,23.31944106,NA,"Montipora capitata","Resistant",0.371175628,-0.750279356623238
"211","214",4,1,18,114,247.644,264.181,Inf,-Inf,244.104,264.181,0.403529800583317,-0.052976276224463,0.45650607680778,18,1.1367,1.8316,0.6949,24.0684396682289,2023-09-25,"CAREER",22,1,19.5,375.4948693,24.94387911,NA,"Montipora capitata","Resistant",0.3754948693,0.427320653956311
"212","214",4,2,22,109,254.254,277.01,Inf,-Inf,253.101,277.01,0.594652125265243,-0.0749550795075065,0.66960720477275,18,1.1367,1.8316,0.6949,24.0684396682289,2023-09-25,"CAREER",23,1,23.2,376.8958693,24.94387911,NA,"Montipora capitata","Resistant",0.3768958693,0.629136395240879
"213","214",4,3,25,106,239.331,278.489,Inf,-Inf,238.049,278.489,0.973540098661029,-0.0802697818267523,1.05380988048778,18,1.1367,1.8316,0.6949,24.0684396682289,2023-09-25,"CAREER",24,1,26.4,369.8598693,24.94387911,NA,"Montipora capitata","Resistant",0.3698598693,0.971634198237015
"214","214",4,4,28,112,226.139,277.879,Inf,-Inf,225.218,277.879,1.11424747789405,-0.0890318152316722,1.20327929312572,18,1.1367,1.8316,0.6949,24.0684396682289,2023-09-25,"CAREER",25,1,29.4,377.3678693,24.94387911,NA,"Montipora capitata","Resistant",0.3773678693,1.13196937386613
"215","214",4,5,31,115,214.62,266.998,Inf,-Inf,214.032,266.998,1.0363604416768,-0.132287764443046,1.16864820611985,18,1.1367,1.8316,0.6949,24.0684396682289,2023-09-25,"CAREER",26,1,32.5,375.1598693,24.94387911,NA,"Montipora capitata","Resistant",0.3751598693,1.09295803377984
"216","214",4,6,34,110,192.061,221.464,Inf,-Inf,190.137,221.464,0.712482372868511,-0.136575681995632,0.849058054864143,18,1.1367,1.8316,0.6949,24.0684396682289,2023-09-25,"CAREER",27,1,35.5,376.9488693,24.94387911,NA,"Montipora capitata","Resistant",0.3769488693,0.79785348322411
"217","214",4,7,38,109,174.757,147.356,Inf,-Inf,147.356,174.757,-0.548022781658592,-0.134444378129151,-0.41357840352944,18,1.1367,1.8316,0.6949,24.0684396682289,2023-09-25,"CAREER",28,1,39.4,364.8038693,24.94387911,NA,"Montipora capitata","Resistant",0.3648038693,-0.376114955384374
"218","219",4,1,18,115,205.152,218.129,Inf,-Inf,203.881,218.129,0.297337864088177,-0.052976276224463,0.35031414031264,NA,NA,NA,NA,NA,2023-09-25,"CAREER",22,9,19.5,382.962746,24.32705079,NA,"Montipora capitata","Susceptible",0.382962746,NA
"219","219",4,2,22,109,212.747,220.395,Inf,-Inf,212.083,220.432,0.181497486921631,-0.0749550795075065,0.256452566429138,NA,NA,NA,NA,NA,2023-09-25,"CAREER",23,9,23.2,378.739746,24.32705079,NA,"Montipora capitata","Susceptible",0.378739746,NA
"220","219",4,3,25,106,200.761,213.969,Inf,-Inf,200.161,213.969,0.271591354416295,-0.0802697818267523,0.351861136243047,NA,NA,NA,NA,NA,2023-09-25,"CAREER",24,9,26.4,379.248746,24.32705079,NA,"Montipora capitata","Susceptible",0.379248746,NA
"221","219",4,4,28,112,189.1,210.455,Inf,-Inf,188.461,210.455,0.468146775666979,-0.0890318152316722,0.557178590898651,NA,NA,NA,NA,NA,2023-09-25,"CAREER",25,9,29.4,376.331746,24.32705079,NA,"Montipora capitata","Susceptible",0.376331746,NA
"222","219",4,5,31,115,180.81,204.64,Inf,-Inf,180.623,204.64,0.447626663958419,-0.132287764443046,0.579914428401465,NA,NA,NA,NA,NA,2023-09-25,"CAREER",26,9,32.5,373.846746,24.32705079,NA,"Montipora capitata","Susceptible",0.373846746,NA
"223","219",4,6,34,110,162.404,165.438,Inf,-Inf,161.466,165.438,0.0759049292700037,-0.136575681995632,0.212480611265636,NA,NA,NA,NA,NA,2023-09-25,"CAREER",27,9,35.5,362.610746,24.32705079,NA,"Montipora capitata","Susceptible",0.362610746,NA
"224","219",4,7,38,109,147.004,127.443,Inf,-Inf,127.443,147.004,-0.339592836456794,-0.134444378129151,-0.205148458327643,NA,NA,NA,NA,NA,2023-09-25,"CAREER",28,9,39.4,381.535746,24.32705079,NA,"Montipora capitata","Susceptible",0.381535746,NA
"225","220",4,1,18,115,161.542,183.055,Inf,-Inf,161.405,183.055,0.440532140294849,-0.052976276224463,0.493508416519312,NA,NA,NA,NA,NA,2023-09-25,"CAREER",22,7,19.5,366.0086617,29.09944896,NA,"Montipora capitata","Resistant",0.3660086617,NA
"226","220",4,2,22,109,172.558,190.453,Inf,-Inf,172.217,190.453,0.410616216216216,-0.0749550795075065,0.485571295723723,NA,NA,NA,NA,NA,2023-09-25,"CAREER",23,7,23.2,360.9096617,29.09944896,NA,"Montipora capitata","Resistant",0.3609096617,NA
"227","220",4,3,25,106,162.858,194.879,Inf,-Inf,162.294,194.879,0.822893695014662,-0.0802697818267523,0.903163476841415,NA,NA,NA,NA,NA,2023-09-25,"CAREER",24,7,26.4,363.7216617,29.09944896,NA,"Montipora capitata","Resistant",0.3637216617,NA
"228","220",4,4,28,112,153.562,198.288,Inf,-Inf,152.529,198.288,1.01035281962892,-0.0890318152316722,1.09938463486059,NA,NA,NA,NA,NA,2023-09-25,"CAREER",25,7,29.4,358.7696617,29.09944896,NA,"Montipora capitata","Resistant",0.3587696617,NA
"229","220",4,5,31,115,144.845,187.433,Inf,-Inf,144.038,187.433,0.922951329329508,-0.132287764443046,1.05523909377255,NA,NA,NA,NA,NA,2023-09-25,"CAREER",26,7,32.5,369.2436617,29.09944896,NA,"Montipora capitata","Resistant",0.3692436617,NA
"230","220",4,6,34,110,126.873,143.405,Inf,-Inf,125.131,143.405,0.448949788786482,-0.136575681995632,0.585525470782115,NA,NA,NA,NA,NA,2023-09-25,"CAREER",27,7,35.5,367.3126617,29.09944896,NA,"Montipora capitata","Resistant",0.3673126617,NA
"231","220",4,7,38,109,109.794,82.154,Inf,-Inf,82.154,109.794,-0.491891616364854,-0.134444378129151,-0.357447238235703,NA,NA,NA,NA,NA,2023-09-25,"CAREER",28,7,39.4,366.3186617,29.09944896,NA,"Montipora capitata","Resistant",0.3663186617,NA
"232","234",4,1,18,114,214.159,258.727,Inf,-Inf,213.637,258.727,0.910313853478936,-0.052976276224463,0.963290129703399,31,3.3115,3.7323,0.4208,14.5747581125208,2023-09-25,"CAREER",22,4,19.5,375.0673767,25.07236252,NA,"Porites compressa","Resistant",0.3750673767,1.48736067861795
"233","234",4,2,22,109,221.669,280.04,Inf,-Inf,221.342,280.04,1.15749970115807,-0.0749550795075065,1.23245478066558,31,3.3115,3.7323,0.4208,14.5747581125208,2023-09-25,"CAREER",23,4,23.2,387.4223767,25.07236252,NA,"Porites compressa","Resistant",0.3874223767,1.9656472784569
"234","234",4,3,25,106,210.113,280.218,Inf,-Inf,209.94,280.218,1.33596894584841,-0.0802697818267523,1.41623872767516,31,3.3115,3.7323,0.4208,14.5747581125208,2023-09-25,"CAREER",24,4,26.4,377.2783767,25.07236252,NA,"Porites compressa","Resistant",0.3772783767,2.19962311856664
"235","234",4,4,28,112,197.126,284.848,Inf,-Inf,196.815,284.848,1.80584281029252,-0.0890318152316722,1.89487462552419,31,3.3115,3.7323,0.4208,14.5747581125208,2023-09-25,"CAREER",25,4,29.4,387.8763767,25.07236252,NA,"Porites compressa","Resistant",0.3878763767,3.02568494807894
"236","234",4,5,31,115,188.254,274.322,Inf,-Inf,188.254,274.322,1.5841995444197,-0.132287764443046,1.71648730886275,31,3.3115,3.7323,0.4208,14.5747581125208,2023-09-25,"CAREER",26,4,32.5,384.1713767,25.07236252,NA,"Porites compressa","Resistant",0.3841713767,2.71466032208405
"237","234",4,6,34,110,169.028,216.528,Inf,-Inf,168.732,216.528,1.0390577200147,-0.136575681995632,1.17563340201034,31,3.3115,3.7323,0.4208,14.5747581125208,2023-09-25,"CAREER",27,4,35.5,382.7963767,25.07236252,NA,"Porites compressa","Resistant",0.3827963767,1.85263399835271
"238","234",4,7,38,109,153.798,140.44,Inf,-Inf,140.44,153.798,-0.293428538390381,-0.134444378129151,-0.15898416026123,31,3.3115,3.7323,0.4208,14.5747581125208,2023-09-25,"CAREER",28,4,39.4,383.9563767,25.07236252,NA,"Porites compressa","Resistant",0.3839563767,-0.25129603519452
"239","236",4,1,18,115,201.272,261.28,Inf,-Inf,201.024,261.28,1.24218735104831,-0.052976276224463,1.29516362727278,33,2.8227,3.3671,0.5444,18.8557469497536,2023-09-25,"CAREER",22,8,19.5,367.6688188,34.10861317,NA,"Porites compressa","Resistant",0.3676688188,1.51526624406145
"240","236",4,2,22,109,211.668,290.677,Inf,-Inf,211.365,290.677,1.62079104941945,-0.0749550795075065,1.69574612892695,33,2.8227,3.3671,0.5444,18.8557469497536,2023-09-25,"CAREER",23,8,23.2,367.9048188,34.10861317,NA,"Porites compressa","Resistant",0.3679048188,1.98519795780933
"241","236",4,3,25,106,201.604,306.925,Inf,-Inf,201.446,306.925,2.24001160279912,-0.0802697818267523,2.32028138462587,33,2.8227,3.3671,0.5444,18.8557469497536,2023-09-25,"CAREER",24,8,26.4,366.9918188,34.10861317,NA,"Porites compressa","Resistant",0.3669918188,2.70959603268145
"242","236",4,4,28,112,191.517,310.186,Inf,-Inf,191.175,310.186,2.13238149584261,-0.0890318152316722,2.22141331107428,33,2.8227,3.3671,0.5444,18.8557469497536,2023-09-25,"CAREER",25,8,29.4,368.5078188,34.10861317,NA,"Porites compressa","Resistant",0.3685078188,2.60485519698163
"243","236",4,5,31,115,181.642,310.748,Inf,-Inf,181.642,310.748,2.38829113642678,-0.132287764443046,2.52057890086983,33,2.8227,3.3671,0.5444,18.8557469497536,2023-09-25,"CAREER",26,8,32.5,367.7308188,34.10861317,NA,"Porites compressa","Resistant",0.3677308188,2.94942824233959
"244","236",4,6,34,110,162.477,241.828,Inf,-Inf,162.477,241.828,1.57216512478877,-0.136575681995632,1.7087408067844,33,2.8227,3.3671,0.5444,18.8557469497536,2023-09-25,"CAREER",27,8,35.5,355.6628188,34.10861317,NA,"Porites compressa","Resistant",0.3556628188,1.93384724633506
"245","236",4,7,38,109,149.763,138.359,Inf,-Inf,138.359,151.95,-0.403183883458755,-0.134444378129151,-0.268739505329604,33,2.8227,3.3671,0.5444,18.8557469497536,2023-09-25,"CAREER",28,8,39.4,363.8778188,34.10861317,NA,"Porites compressa","Resistant",0.3638778188,-0.311167768485582
"246","241",4,1,18,114,213.092,285.854,Inf,-Inf,208.415,285.854,1.54307524283665,-0.052976276224463,1.59605151906112,38,4.4669,4.9416,0.4747,16.4416294582073,2023-09-25,"CAREER",22,6,19.5,364.6468122,42.08686623,NA,"Porites compressa","Susceptible",0.3646468122,2.12385919538681
"247","241",4,2,22,109,217.967,321.514,Inf,-Inf,216.21,321.514,2.18861576580314,-0.0749550795075065,2.26357084531065,38,4.4669,4.9416,0.4747,16.4416294582073,2023-09-25,"CAREER",23,6,23.2,362.6138122,42.08686623,NA,"Porites compressa","Susceptible",0.3626138122,2.99533104850436
"248","241",4,3,25,106,204.328,333.825,Inf,-Inf,203.443,333.825,2.58124292139511,-0.0802697818267523,2.66151270322186,38,4.4669,4.9416,0.4747,16.4416294582073,2023-09-25,"CAREER",24,6,26.4,365.5468122,42.08686623,NA,"Porites compressa","Susceptible",0.3655468122,3.55040534187529
"249","241",4,4,28,112,194.951,336.735,Inf,-Inf,191.866,336.735,2.97171022887778,-0.0890318152316722,3.06074204410945,38,4.4669,4.9416,0.4747,16.4416294582073,2023-09-25,"CAREER",25,6,29.4,363.8958122,42.08686623,NA,"Porites compressa","Susceptible",0.3638958122,4.06452857330361
"250","241",4,5,31,115,184.351,298.691,Inf,-Inf,182.995,298.691,2.35827012987012,-0.132287764443046,2.49055789431316,38,4.4669,4.9416,0.4747,16.4416294582073,2023-09-25,"CAREER",26,6,32.5,361.8068122,42.08686623,NA,"Porites compressa","Susceptible",0.3618068122,3.28836316849793
"251","241",4,6,34,110,166.662,247.085,Inf,-Inf,164.105,247.085,1.89456806329624,-0.136575681995632,2.03114374529187,38,4.4669,4.9416,0.4747,16.4416294582073,2023-09-25,"CAREER",27,6,35.5,357.7888122,42.08686623,NA,"Porites compressa","Susceptible",0.3577888122,2.65200177348362
"252","241",4,7,38,109,151.035,137.188,Inf,-Inf,137.188,153.819,-0.594776679841904,-0.134444378129151,-0.460332301712753,38,4.4669,4.9416,0.4747,16.4416294582073,2023-09-25,"CAREER",28,6,39.4,363.2728122,42.08686623,NA,"Porites compressa","Susceptible",0.3632728122,-0.610254148646617
"253","242",4,1,18,114,210.75,260.214,Inf,-Inf,207.853,260.214,1.04130353969301,-0.052976276224463,1.09427981591748,39,2.7957,3.0818,0.2861,9.90931153990542,2023-09-25,"CAREER",22,2,19.5,370.097776,25.90313869,NA,"Porites compressa","Resistant",0.370097776,2.45218161460658
"254","242",4,2,22,109,219.02,285.787,Inf,-Inf,218.887,285.787,1.32418907168664,-0.0749550795075065,1.39914415119415,39,2.7957,3.0818,0.2861,9.90931153990542,2023-09-25,"CAREER",23,2,23.2,371.878776,25.90313869,NA,"Porites compressa","Resistant",0.371878776,3.15044296850478
"255","242",4,3,25,106,207.741,288.804,Inf,-Inf,207.704,288.804,1.6232056621389,-0.0802697818267523,1.70347544396565,39,2.7957,3.0818,0.2861,9.90931153990542,2023-09-25,"CAREER",24,2,26.4,367.453776,25.90313869,NA,"Porites compressa","Resistant",0.367453776,3.79006239749989
"256","242",4,4,28,112,195.648,293.656,Inf,-Inf,195.453,293.656,1.87168272320967,-0.0890318152316722,1.96071453844134,39,2.7957,3.0818,0.2861,9.90931153990542,2023-09-25,"CAREER",25,2,29.4,365.621776,25.90313869,NA,"Porites compressa","Resistant",0.365621776,4.3406442246993
"257","242",4,5,31,115,187.279,281.968,Inf,-Inf,187.117,281.968,1.79600602699449,-0.132287764443046,1.92829379143754,39,2.7957,3.0818,0.2861,9.90931153990542,2023-09-25,"CAREER",26,2,32.5,373.791776,25.90313869,NA,"Porites compressa","Resistant",0.373791776,4.36426097644776
"258","242",4,6,34,110,167.703,228.901,Inf,-Inf,167.249,228.901,1.22233202571592,-0.136575681995632,1.35890770771155,39,2.7957,3.0818,0.2861,9.90931153990542,2023-09-25,"CAREER",27,2,35.5,365.142776,25.90313869,NA,"Porites compressa","Resistant",0.365142776,3.00441860601546
"259","242",4,7,38,109,154.791,148.78,Inf,-Inf,148.78,158.139,-0.240266046482086,-0.134444378129151,-0.105821668352935,39,2.7957,3.0818,0.2861,9.90931153990542,2023-09-25,"CAREER",28,2,39.4,372.514776,25.90313869,NA,"Porites compressa","Resistant",0.372514776,-0.238685411738399
"260","28",4,1,18,115,207.75,239.88,Inf,-Inf,206.408,239.88,0.649736954613125,-0.052976276224463,0.702713230837588,22,3.5654,4.3919,0.8265,28.6265151615933,2023-09-25,"CAREER",22,10,19.5,373.4552396,22.63071488,NA,"Porites compressa","Resistant",0.3734552396,0.550046563148489
"261","28",4,2,22,109,216.52,255.162,Inf,-Inf,216.403,255.162,0.764936811201446,-0.0749550795075065,0.839891890708953,22,3.5654,4.3919,0.8265,28.6265151615933,2023-09-25,"CAREER",23,10,23.2,372.6072396,22.63071488,NA,"Porites compressa","Resistant",0.3726072396,0.655929924811853
"262","28",4,3,25,106,204.868,250.968,Inf,-Inf,204.643,250.968,0.930417985207555,-0.0802697818267523,1.01068776703431,22,3.5654,4.3919,0.8265,28.6265151615933,2023-09-25,"CAREER",24,10,26.4,378.6322396,22.63071488,NA,"Porites compressa","Resistant",0.3786322396,0.802079409124747
"263","28",4,4,28,112,192.415,249.376,Inf,-Inf,192.077,249.376,1.07238665586717,-0.0890318152316722,1.16141847109884,22,3.5654,4.3919,0.8265,28.6265151615933,2023-09-25,"CAREER",25,10,29.4,379.4652396,22.63071488,NA,"Porites compressa","Resistant",0.3794652396,0.923726697274018
"264","28",4,5,31,114,183.819,240.982,Inf,-Inf,183.819,241.123,1.11419764278934,-0.132287764443046,1.24648540723238,22,3.5654,4.3919,0.8265,28.6265151615933,2023-09-25,"CAREER",26,10,32.5,378.3522396,22.63071488,NA,"Porites compressa","Resistant",0.3783522396,0.988476332783583
"265","28",4,6,34,110,164.215,205.182,Inf,-Inf,164.151,205.182,0.749846472979299,-0.136575681995632,0.886422154974931,22,3.5654,4.3919,0.8265,28.6265151615933,2023-09-25,"CAREER",27,10,35.5,368.3272396,22.63071488,NA,"Porites compressa","Resistant",0.3683272396,0.684316809683295
"266","28",4,7,38,109,150.035,132.232,Inf,-Inf,132.232,150.035,-0.38140227633441,-0.134444378129151,-0.246957898205258,22,3.5654,4.3919,0.8265,28.6265151615933,2023-09-25,"CAREER",28,10,39.4,371.8582396,22.63071488,NA,"Porites compressa","Resistant",0.3718582396,-0.192478886298668
"267","3",4,1,18,114,159.736,165.051,Inf,-Inf,157.235,165.051,0.171123539201204,-0.052976276224463,0.224099815425667,3,0.6201,0.8818,0.2617,9.06419723870413,2023-09-25,"CAREER",22,3,19.5,381.9220105,21.64924256,NA,"Montipora capitata","Susceptible",0.3819220105,0.566549798991041
"268","3",4,2,22,109,168.421,171.616,Inf,-Inf,167.987,171.707,0.060457265768216,-0.0749550795075065,0.135412345275723,3,0.6201,0.8818,0.2617,9.06419723870413,2023-09-25,"CAREER",23,3,23.2,376.8780105,21.64924256,NA,"Montipora capitata","Susceptible",0.3768780105,0.337816580601789
"269","3",4,3,25,106,160.037,164.175,Inf,-Inf,159.172,164.175,0.110385176651306,-0.0802697818267523,0.190654958478059,3,0.6201,0.8818,0.2617,9.06419723870413,2023-09-25,"CAREER",24,3,26.4,380.0520105,21.64924256,NA,"Montipora capitata","Susceptible",0.3800520105,0.47963740223115
"270","3",4,4,28,112,149.88,157.293,Inf,-Inf,149.319,157.331,0.158016593207156,-0.0890318152316722,0.247048408438828,3,0.6201,0.8818,0.2617,9.06419723870413,2023-09-25,"CAREER",25,3,29.4,369.8790105,21.64924256,NA,"Montipora capitata","Susceptible",0.3698790105,0.604872236023965
"271","3",4,5,31,115,141.324,147.742,Inf,-Inf,140.722,147.742,0.138879443387396,-0.132287764443046,0.271167207830442,3,0.6201,0.8818,0.2617,9.06419723870413,2023-09-25,"CAREER",26,3,32.5,379.2090105,21.64924256,NA,"Montipora capitata","Susceptible",0.3792090105,0.680671740828959
"272","3",4,6,34,110,121.977,117.775,Inf,-Inf,117.775,121.977,-0.0916088794926004,-0.136575681995632,0.044966802503032,3,0.6201,0.8818,0.2617,9.06419723870413,2023-09-25,"CAREER",27,3,35.5,374.4080105,21.64924256,NA,"Montipora capitata","Susceptible",0.3744080105,0.111444603114883
"273","3",4,7,38,109,103.984,87.152,Inf,-Inf,87.141,103.984,-0.272139840226888,-0.134444378129151,-0.137695462097737,3,0.6201,0.8818,0.2617,9.06419723870413,2023-09-25,"CAREER",28,3,39.4,369.1000105,21.64924256,NA,"Montipora capitata","Susceptible",0.3691000105,-0.336422929693505
"274","1",5,1,18,111,231.626,251.685,Inf,-Inf,230.759,251.685,0.453108155170835,-0.052976276224463,0.506084431395297,1,4.07,4.7373,0.6673,23.1124907045749,2023-09-26,"CAREER",29,5,19.5,376.5701982,27.36268889,NA,"Montipora capitata","Susceptible",0.3765701982,0.494735899490241
"275","1",5,2,22,107,222.152,249.821,Inf,-Inf,222.05,249.821,0.601420654338553,-0.0749550795075065,0.67637573384606,1,4.07,4.7373,0.6673,23.1124907045749,2023-09-26,"CAREER",30,5,23.2,376.4171982,27.36268889,NA,"Montipora capitata","Susceptible",0.3764171982,0.660939909728744
"276","1",5,3,25,104,212.801,248.433,Inf,-Inf,212.552,248.433,0.80887527961982,-0.0802697818267523,0.889145061446572,1,4.07,4.7373,0.6673,23.1124907045749,2023-09-26,"CAREER",31,5,26.4,373.1621982,27.36268889,NA,"Montipora capitata","Susceptible",0.3731621982,0.861340294014443
"277","1",5,4,28,108,199.656,242.546,Inf,-Inf,199.177,242.546,0.918136935833056,-0.0890318152316722,1.00716875106473,1,4.07,4.7373,0.6673,23.1124907045749,2023-09-26,"CAREER",32,5,29.4,377.2711982,27.36268889,NA,"Montipora capitata","Susceptible",0.3772711982,0.986416651569036
"278","1",5,5,31,112,182.654,229.247,Inf,-Inf,182.373,229.247,0.954434920634922,-0.132287764443046,1.08672268507797,1,4.07,4.7373,0.6673,23.1124907045749,2023-09-26,"CAREER",33,5,32.5,375.4351982,27.36268889,NA,"Montipora capitata","Susceptible",0.3754351982,1.05915182887647
"279","1",5,6,34,108,177.178,200.341,Inf,-Inf,176.442,200.341,0.465478026175734,-0.136575681995632,0.602053708171366,1,4.07,4.7373,0.6673,23.1124907045749,2023-09-26,"CAREER",34,5,35.5,383.6921982,27.36268889,NA,"Montipora capitata","Susceptible",0.3836921982,0.599684336081549
"280","1",5,7,38,113,153.116,123.844,Inf,-Inf,123.844,153.116,-0.576706111569951,-0.134444378129151,-0.4422617334408,1,4.07,4.7373,0.6673,23.1124907045749,2023-09-26,"CAREER",35,5,39.4,378.1511982,27.36268889,NA,"Montipora capitata","Susceptible",0.3781511982,-0.434159537082371
"281","20",5,1,18,111,270.083,316.939,Inf,-Inf,268.998,316.939,1.01327209297329,-0.052976276224463,1.06624836919775,7,6.147,7.191,1.044,36.1598086251704,2023-09-26,"CAREER",29,1,19.5,351.2221071,39.85123762,NA,"Montipora capitata","Resistant",0.3512221071,0.621391561227834
"282","20",5,2,22,108,257.2,330.425,Inf,-Inf,256.943,330.425,1.50975508320773,-0.0749550795075065,1.58471016271524,7,6.147,7.191,1.044,36.1598086251704,2023-09-26,"CAREER",30,1,23.2,363.9851071,39.85123762,NA,"Montipora capitata","Resistant",0.3639851071,0.957102794891763
"283","20",5,3,25,104,245.1,343.847,Inf,-Inf,245.04,343.847,2.15975234377678,-0.0802697818267523,2.24002212560353,7,6.147,7.191,1.044,36.1598086251704,2023-09-26,"CAREER",31,1,26.4,360.6201071,39.85123762,NA,"Montipora capitata","Resistant",0.3606201071,1.34037825346103
"284","20",5,4,28,107,226.125,340.271,Inf,-Inf,224.869,340.271,2.44115135791189,-0.0890318152316722,2.53018317314357,7,6.147,7.191,1.044,36.1598086251704,2023-09-26,"CAREER",32,1,29.4,354.2081071,39.85123762,NA,"Montipora capitata","Resistant",0.3542081071,1.48708429571435
"285","20",5,5,31,112,204.251,330.203,Inf,-Inf,203.39,330.203,2.51640493370337,-0.132287764443046,2.64869269814641,7,6.147,7.191,1.044,36.1598086251704,2023-09-26,"CAREER",33,1,32.5,365.8091071,39.85123762,NA,"Montipora capitata","Resistant",0.3658091071,1.60772296269861
"286","20",5,6,34,108,200.311,272.346,Inf,-Inf,198.943,272.346,1.56513940853855,-0.136575681995632,1.70171509053418,7,6.147,7.191,1.044,36.1598086251704,2023-09-26,"CAREER",34,1,35.5,366.2481071,39.85123762,NA,"Montipora capitata","Resistant",0.3662481071,1.03415911935631
"287","20",5,7,38,113,170.843,140.817,Inf,-Inf,140.817,170.843,-0.628875636583328,-0.134444378129151,-0.494431258454177,7,6.147,7.191,1.044,36.1598086251704,2023-09-26,"CAREER",35,1,39.4,367.7251071,39.85123762,NA,"Montipora capitata","Resistant",0.3677251071,-0.301685425418028
"288","210",5,1,18,111,175.77,205.504,Inf,-Inf,175.147,205.504,0.65240589149604,-0.052976276224463,0.705382167720503,15,4.0902,4.696,0.605799999999999,20.9823870355635,2023-09-26,"CAREER",29,3,19.5,363.7863864,33.90963554,NA,"Montipora capitata","Resistant",0.3637863864,0.733782374877871
"289","210",5,2,22,107,169.935,217.276,Inf,-Inf,169.799,217.276,1.01898571460833,-0.0749550795075065,1.09394079411584,15,4.0902,4.696,0.605799999999999,20.9823870355635,2023-09-26,"CAREER",30,3,23.2,369.4043864,33.90963554,NA,"Montipora capitata","Resistant",0.3694043864,1.15555926155598
"290","210",5,3,25,104,162.764,222.953,Inf,-Inf,162.764,222.953,1.28864438083441,-0.0802697818267523,1.36891416266116,15,4.0902,4.696,0.605799999999999,20.9823870355635,2023-09-26,"CAREER",31,3,26.4,367.9163864,33.90963554,NA,"Montipora capitata","Resistant",0.3679163864,1.44019634514729
"291","210",5,4,28,107,149.583,214.208,Inf,-Inf,148.93,214.208,1.43551550153966,-0.0890318152316722,1.52454731677133,15,4.0902,4.696,0.605799999999999,20.9823870355635,2023-09-26,"CAREER",32,3,29.4,366.8043864,33.90963554,NA,"Montipora capitata","Resistant",0.3668043864,1.59908586792796
"292","210",5,5,31,112,133.869,199.062,Inf,-Inf,133.25,199.062,1.27533104671443,-0.132287764443046,1.40761881115748,15,4.0902,4.696,0.605799999999999,20.9823870355635,2023-09-26,"CAREER",33,3,32.5,362.6813864,33.90963554,NA,"Montipora capitata","Resistant",0.3626813864,1.45984479579381
"293","210",5,6,34,108,127.411,152.612,Inf,-Inf,127.077,152.612,0.498321789626748,-0.136575681995632,0.63489747162238,15,4.0902,4.696,0.605799999999999,20.9823870355635,2023-09-26,"CAREER",34,3,35.5,365.1263864,33.90963554,NA,"Montipora capitata","Resistant",0.3651263864,0.662892603653902
"294","210",5,7,38,113,100.332,77.177,Inf,-Inf,77.177,100.332,-0.306626632334308,-0.134444378129151,-0.172182254205157,15,4.0902,4.696,0.605799999999999,20.9823870355635,2023-09-26,"CAREER",35,3,39.4,362.2883864,33.90963554,NA,"Montipora capitata","Resistant",0.3622883864,-0.178377124405262
"295","213",5,1,18,111,180.573,203.977,Inf,-Inf,180.469,203.977,0.469417365712792,-0.052976276224463,0.522393641937255,17,0.4267,0.5697,0.143,4.95292397835189,2023-09-26,"CAREER",29,7,19.5,369.0603117,23.4166291,NA,"Montipora capitata","Susceptible",0.3690603117,2.33552658388609
"296","213",5,2,22,107,175.038,203.658,Inf,-Inf,175.038,203.658,0.574626899977014,-0.0749550795075065,0.64958197948452,17,0.4267,0.5697,0.143,4.95292397835189,2023-09-26,"CAREER",30,7,23.2,376.1043117,23.4166291,NA,"Montipora capitata","Susceptible",0.3761043117,2.95959216440117
"297","213",5,3,25,104,168.437,206.405,Inf,-Inf,168.437,206.405,0.746961641738466,-0.0802697818267523,0.827231423565218,17,0.4267,0.5697,0.143,4.95292397835189,2023-09-26,"CAREER",31,7,26.4,372.0563117,23.4166291,NA,"Montipora capitata","Susceptible",0.3720563117,3.728423941727
"298","213",5,4,28,108,155.2,205.654,Inf,-Inf,155.175,205.654,0.948431513990453,-0.0890318152316722,1.03746332922213,17,0.4267,0.5697,0.143,4.95292397835189,2023-09-26,"CAREER",32,7,29.4,371.2843117,23.4166291,NA,"Montipora capitata","Susceptible",0.3712843117,4.66626008944804
"299","213",5,5,31,112,140.192,183.691,Inf,-Inf,140.192,183.691,0.782009551942943,-0.132287764443046,0.914297316385989,17,0.4267,0.5697,0.143,4.95292397835189,2023-09-26,"CAREER",33,7,32.5,372.9493117,23.4166291,NA,"Montipora capitata","Susceptible",0.3729493117,4.13073032809331
"300","213",5,6,34,108,132.545,160.11,Inf,-Inf,132.504,160.11,0.49210319748371,-0.136575681995632,0.628678879479343,17,0.4267,0.5697,0.143,4.95292397835189,2023-09-26,"CAREER",34,7,35.5,371.8363117,23.4166291,NA,"Montipora capitata","Susceptible",0.3718363117,2.83185007657324
"301","213",5,7,38,113,107.076,93.102,Inf,-Inf,93.102,107.076,-0.203944858509649,-0.134444378129151,-0.0695004803804977,17,0.4267,0.5697,0.143,4.95292397835189,2023-09-26,"CAREER",35,7,39.4,368.6743117,23.4166291,NA,"Montipora capitata","Susceptible",0.3686743117,-0.310398970940299
"302","239",5,1,18,111,234.366,267.011,Inf,-Inf,233.687,267.011,0.676990735103503,-0.052976276224463,0.729967011327966,36,1.3028,1.6278,0.325,11.2566454053452,2023-09-26,"CAREER",29,4,19.5,377.9133959,27.37318945,NA,"Porites compressa","Susceptible",0.3779133959,1.47040775761631
"303","239",5,2,22,107,224.14,269.103,Inf,-Inf,224.115,269.103,0.909654364487488,-0.0749550795075065,0.984609443994994,36,1.3028,1.6278,0.325,11.2566454053452,2023-09-26,"CAREER",30,4,23.2,387.9793959,27.37318945,NA,"Porites compressa","Susceptible",0.3879793959,2.03617417191031
"304","239",5,3,25,104,214.059,267.912,Inf,-Inf,213.918,267.912,1.06930138122953,-0.0802697818267523,1.14957116305629,36,1.3028,1.6278,0.325,11.2566454053452,2023-09-26,"CAREER",31,4,26.4,380.7063959,27.37318945,NA,"Porites compressa","Susceptible",0.3807063959,2.33275054099108
"305","239",5,4,28,107,197.266,263.055,Inf,-Inf,196.865,263.055,1.2965610075947,-0.0890318152316722,1.38559282282637,36,1.3028,1.6278,0.325,11.2566454053452,2023-09-26,"CAREER",32,4,29.4,381.3193959,27.37318945,NA,"Porites compressa","Susceptible",0.3813193959,2.81622134732594
"306","239",5,5,31,112,179.293,248.839,Inf,-Inf,178.933,248.839,1.3626778280543,-0.132287764443046,1.49496559249734,36,1.3028,1.6278,0.325,11.2566454053452,2023-09-26,"CAREER",33,4,32.5,389.8773959,27.37318945,NA,"Porites compressa","Susceptible",0.3898773959,3.10671574616465
"307","239",5,6,34,108,173.806,216.127,Inf,-Inf,173.338,216.127,0.826042838874273,-0.136575681995632,0.962618520869905,36,1.3028,1.6278,0.325,11.2566454053452,2023-09-26,"CAREER",34,4,35.5,378.6453959,27.37318945,NA,"Porites compressa","Susceptible",0.3786453959,1.94280475831128
"308","239",5,7,38,113,148.275,139.264,Inf,-Inf,139.264,148.275,-0.280434547751787,-0.134444378129151,-0.145990169622636,36,1.3028,1.6278,0.325,11.2566454053452,2023-09-26,"CAREER",35,4,39.4,384.3763959,27.37318945,NA,"Porites compressa","Susceptible",0.3843763959,-0.299104252905039
"309","244",5,1,18,111,233.722,275.853,Inf,-Inf,231.993,275.853,0.936108420798218,-0.052976276224463,0.989084697022681,41,7.1673,7.6173,0.45,15.5861244074011,2023-09-26,"CAREER",29,6,19.5,369.9579776,27.51067279,NA,"Porites compressa","Resistant",0.3699579776,1.40863667434296
"310","244",5,2,22,107,223.442,288.016,Inf,-Inf,222.404,288.016,1.34412241213152,-0.0749550795075065,1.41907749163902,41,7.1673,7.6173,0.45,15.5861244074011,2023-09-26,"CAREER",30,6,23.2,371.5279776,27.51067279,NA,"Porites compressa","Resistant",0.3715279776,2.029601368802
"311","244",5,3,25,104,211.627,283.712,Inf,-Inf,211.627,283.712,1.51748781871616,-0.0802697818267523,1.59775760054291,41,7.1673,7.6173,0.45,15.5861244074011,2023-09-26,"CAREER",31,6,26.4,379.2399776,27.51067279,NA,"Porites compressa","Resistant",0.3792399776,2.3325884259684
"312","244",5,4,28,108,196.43,280.159,Inf,-Inf,196.015,280.159,1.66972076626667,-0.0890318152316722,1.75875258149835,41,7.1673,7.6173,0.45,15.5861244074011,2023-09-26,"CAREER",32,6,29.4,375.4749776,27.51067279,NA,"Porites compressa","Resistant",0.3754749776,2.54213646271856
"313","244",5,5,31,112,178.633,263.936,Inf,-Inf,178.364,263.936,1.67908878920166,-0.132287764443046,1.81137655364471,41,7.1673,7.6173,0.45,15.5861244074011,2023-09-26,"CAREER",33,6,32.5,379.2989776,27.51067279,NA,"Porites compressa","Resistant",0.3792989776,2.64486510008788
"314","244",5,6,34,108,173.571,227.497,Inf,-Inf,173.218,227.497,1.00171032901382,-0.136575681995632,1.13828601100945,41,7.1673,7.6173,0.45,15.5861244074011,2023-09-26,"CAREER",34,6,35.5,377.5549776,27.51067279,NA,"Porites compressa","Resistant",0.3775549776,1.65441595930669
"315","244",5,7,38,113,148.643,138.657,Inf,-Inf,138.657,149.366,-0.340643701476618,-0.134444378129151,-0.206199323347467,41,7.1673,7.6173,0.45,15.5861244074011,2023-09-26,"CAREER",35,6,39.4,367.5319776,27.51067279,NA,"Porites compressa","Resistant",0.3675319776,-0.291739664494233
"316","248",5,1,18,111,232.361,303.693,Inf,-Inf,231.366,303.693,1.41971213366052,-0.052976276224463,1.47268840988498,43,3.6444,4.0961,0.4517,15.645005321829,2023-09-26,"CAREER",29,2,19.5,355.6965486,31.00497364,NA,"Porites compressa","Resistant",0.3556965486,2.00893578666321
"317","248",5,2,22,107,222.183,337.95,Inf,-Inf,222.183,337.95,2.25723292190458,-0.0749550795075065,2.33218800141208,43,3.6444,4.0961,0.4517,15.645005321829,2023-09-26,"CAREER",30,2,23.2,355.6235486,31.00497364,NA,"Porites compressa","Resistant",0.3556235486,3.18075049258295
"318","248",5,3,25,104,213.444,352.668,Inf,-Inf,213.444,352.668,2.85206431989063,-0.0802697818267523,2.93233410171739,43,3.6444,4.0961,0.4517,15.645005321829,2023-09-26,"CAREER",31,2,26.4,356.3145486,31.00497364,NA,"Porites compressa","Resistant",0.3563145486,4.00702951634025
"319","248",5,4,28,107,197.549,367.731,Inf,-Inf,197.436,367.731,3.48676479748053,-0.0890318152316722,3.5757966127122,43,3.6444,4.0961,0.4517,15.645005321829,2023-09-26,"CAREER",32,2,29.4,356.7285486,31.00497364,NA,"Porites compressa","Resistant",0.3567285486,4.89199732247517
"320","248",5,5,31,112,180.875,350.994,Inf,-Inf,180.874,350.994,3.52124484943548,-0.132287764443046,3.65353261387852,43,3.6444,4.0961,0.4517,15.645005321829,2023-09-26,"CAREER",33,2,32.5,360.3465486,31.00497364,NA,"Porites compressa","Resistant",0.3603465486,5.04904091955176
"321","248",5,6,34,108,176.556,272.391,Inf,-Inf,176.322,272.391,1.9800505982906,-0.136575681995632,2.11662628028624,43,3.6444,4.0961,0.4517,15.645005321829,2023-09-26,"CAREER",34,2,35.5,359.9065486,31.00497364,NA,"Porites compressa","Resistant",0.3599065486,2.92152406551493
"322","248",5,7,38,113,152.435,135.252,Inf,-Inf,135.252,153.197,-0.536775308673393,-0.134444378129151,-0.402330930544241,43,3.6444,4.0961,0.4517,15.645005321829,2023-09-26,"CAREER",35,2,39.4,359.1285486,31.00497364,NA,"Porites compressa","Resistant",0.3591285486,-0.554126458269619
"323","4",5,1,18,111,226.746,253.854,Inf,-Inf,226.27,253.854,0.606004510218463,-0.052976276224463,0.658980786442926,4,4.6893,5.6307,0.9414,32.606172260283,2023-09-26,"CAREER",29,9,19.5,373.7352182,34.32105444,NA,"Montipora capitata","Resistant",0.3737352182,0.453198233840252
"324","4",5,2,22,107,215.436,249.515,Inf,-Inf,215.005,249.515,0.73742247803753,-0.0749550795075065,0.812377557545036,4,4.6893,5.6307,0.9414,32.606172260283,2023-09-26,"CAREER",30,9,23.2,370.8222182,34.32105444,NA,"Montipora capitata","Resistant",0.3708222182,0.554338569090539
"325","4",5,3,25,104,204.868,249.265,Inf,-Inf,204.472,249.265,1.04206037689531,-0.0802697818267523,1.12233015872206,4,4.6893,5.6307,0.9414,32.606172260283,2023-09-26,"CAREER",31,9,26.4,374.0182182,34.32105444,NA,"Montipora capitata","Resistant",0.3740182182,0.772440118723162
"326","4",5,4,28,108,190.56,250.912,Inf,-Inf,190.026,250.912,1.26319340300896,-0.0890318152316722,1.35222521824064,4,4.6893,5.6307,0.9414,32.606172260283,2023-09-26,"CAREER",32,9,29.4,375.6182182,34.32105444,NA,"Montipora capitata","Resistant",0.3756182182,0.934645912484507
"327","4",5,5,31,112,175.017,233.93,Inf,-Inf,174.321,233.93,1.23689495915517,-0.132287764443046,1.36918272359822,4,4.6893,5.6307,0.9414,32.606172260283,2023-09-26,"CAREER",33,9,32.5,372.1712182,34.32105444,NA,"Montipora capitata","Resistant",0.3721712182,0.937682101619713
"328","4",5,6,34,108,169.675,201.673,Inf,-Inf,168.997,201.673,0.696581817346492,-0.136575681995632,0.833157499342125,4,4.6893,5.6307,0.9414,32.606172260283,2023-09-26,"CAREER",34,9,35.5,375.6322182,34.32105444,NA,"Montipora capitata","Resistant",0.3756322182,0.575892436112274
"329","4",5,7,38,113,143.994,114.86,Inf,-Inf,114.86,143.994,-0.583768546494557,-0.134444378129151,-0.449324168365406,4,4.6893,5.6307,0.9414,32.606172260283,2023-09-26,"CAREER",35,9,39.4,369.5162182,34.32105444,NA,"Montipora capitata","Resistant",0.3695162182,-0.305523566731234
"330","44",5,1,18,111,223.908,250.069,Inf,-Inf,223.518,250.069,0.540016762438733,-0.052976276224463,0.592993038663196,27,2.0092,2.4049,0.3957,13.705398728908,2023-09-26,"CAREER",29,8,19.5,379.8402422,20.1815008,NA,"Porites compressa","Resistant",0.3798402422,0.986075446110084
"331","44",5,2,22,107,215.311,252.445,Inf,-Inf,215.311,252.445,0.727813943018844,-0.0749550795075065,0.80276902252635,27,2.0092,2.4049,0.3957,13.705398728908,2023-09-26,"CAREER",30,8,23.2,374.7512422,20.1815008,NA,"Porites compressa","Resistant",0.3747512422,1.31702270473994
"332","44",5,3,25,104,207.374,255.506,Inf,-Inf,207.374,255.506,0.957375548355435,-0.0802697818267523,1.03764533018219,27,2.0092,2.4049,0.3957,13.705398728908,2023-09-26,"CAREER",31,8,26.4,196.4282422,20.1815008,NA,"Porites compressa","Resistant",0.1964282422,0.892303181832196
"333","44",5,4,28,108,192.871,246.292,Inf,-Inf,192.632,246.292,1.04206579602126,-0.0890318152316722,1.13109761125294,27,2.0092,2.4049,0.3957,13.705398728908,2023-09-26,"CAREER",32,8,29.4,378.0342422,20.1815008,NA,"Porites compressa","Resistant",0.3780342422,1.87193515540268
"334","44",5,5,31,112,177.108,233.814,Inf,-Inf,177.065,233.814,1.04856248232539,-0.132287764443046,1.18085024676844,27,2.0092,2.4049,0.3957,13.705398728908,2023-09-26,"CAREER",33,8,32.5,378.7232422,20.1815008,NA,"Porites compressa","Resistant",0.3787232422,1.95783621996576
"335","44",5,6,34,108,172.042,201.604,Inf,-Inf,172.042,201.604,0.575049407845494,-0.136575681995632,0.711625089841127,27,2.0092,2.4049,0.3957,13.705398728908,2023-09-26,"CAREER",34,8,35.5,376.7252422,20.1815008,NA,"Porites compressa","Resistant",0.3767252422,1.17364174350011
"336","44",5,7,38,113,147.892,138.815,Inf,-Inf,138.815,148.595,-0.297486131477867,-0.134444378129151,-0.163041753348716,27,2.0092,2.4049,0.3957,13.705398728908,2023-09-26,"CAREER",35,8,39.4,376.3762422,20.1815008,NA,"Porites compressa","Resistant",0.3763762422,-0.268646145920535
