Colony_ID,Run,Interval,Light_Value,N_points,O2_start,O2_end,DeltaT_min,DeltaT_max,O2_min,O2_max,Slope
247,1,1,0,300,49.908332225913654,40.73133222591363,80.444,95.394,40.440332225913636,49.97233222591362,-0.6320374387900569
247,1,2,205,300,-13.650355481727559,-10.523355481727577,0.444,15.394,-13.650355481727559,-10.505355481727577,0.21475444943589025
247,1,3,344,200,-10.043547263681603,-5.130547263681592,16.444,26.394,-10.043547263681603,-4.9375472636816085,0.5425880951754066
247,1,4,666,200,-4.300393034825873,4.029606965174139,27.444,37.394,-4.300393034825873,4.238606965174142,0.8607080521953323
247,1,5,923,200,5.445621890547244,15.721621890547254,38.444,48.394,5.22662189054725,15.721621890547254,1.0512770416024657
247,1,6,1145,200,17.02739303482585,28.497393034825848,49.444,59.394,16.94439303482585,28.497393034825848,1.1607625491738816
247,1,7,1495,300,30.208212624584718,49.44221262458473,60.444,75.394,30.17521262458473,49.44221262458473,1.3091849694043134
12,2,1,0,300,126.05169666666666,120.40869666666669,192.427,207.377,120.40869666666669,127.71369666666664,-0.6087745802862783
12,2,2,205,299,50.81620469798659,58.487204697986584,115.475,130.378,50.81620469798659,58.674204697986596,0.49674230512561635
12,2,3,344,200,59.59721999999999,66.17722,131.428,141.377,59.59721999999999,66.19221999999999,0.6585968939525381
12,2,4,666,200,67.36064999999999,76.80465000000001,142.428,152.377,67.34264999999999,76.82565,0.9767497859214942
12,2,5,923,220,78.53356363636362,89.94556363636363,153.427,164.377,78.46856363636363,90.09856363636365,1.0910905330095095
12,2,6,1145,200,91.94313999999997,103.67313999999999,165.427,175.377,91.79813999999999,103.67313999999999,1.197848151246949
12,2,7,1495,300,106.02453666666668,124.38753666666668,176.428,191.378,105.89153666666664,124.59453666666667,1.251487335417118
233,3,1,0,300,6.621716666666657,2.716716666666656,301.444,316.394,2.56871666666666,7.253716666666662,-0.38664206357654324
233,3,2,205,290,-11.34766898954706,-11.541668989547048,223.939,238.394,-11.606668989547046,-10.477668989547055,-0.06458117665707744
233,3,3,344,200,-10.68356,-10.153559999999999,240.444,250.394,-10.938559999999995,-10.051559999999995,0.0708579510336578
233,3,4,666,220,-9.242563636363627,-7.16956363636362,251.444,262.394,-9.396563636363624,-6.94556363636363,0.1899293609241254
233,3,5,923,200,-6.068039999999996,-3.735039999999998,263.444,273.394,-6.079039999999992,-3.725040000000007,0.2358539524991134
233,3,6,1145,200,-2.7102999999999895,-0.743300000000005,274.444,284.394,-2.7102999999999895,-0.42130000000000223,0.19496899141680962
233,3,7,1495,300,1.037446666666682,4.970446666666675,285.444,300.394,0.9314466666666874,5.021446666666691,0.27125348724137643
238,4,1,0,301,11.41676000000001,3.9567600000000027,406.411,421.411,3.8867600000000095,11.478760000000023,-0.5146667933519479
238,4,2,205,319,-9.00774276527332,-11.00174276527332,329.512,345.411,-11.024742765273317,-9.00774276527332,-0.10695790042414413
238,4,3,344,201,-9.6541,-9.506100000000004,346.41,356.411,-10.093099999999993,-9.335100000000011,0.050458842726786614
238,4,4,666,201,-8.525355000000019,-6.675355000000025,357.411,367.41,-8.552355000000006,-6.503354999999999,0.1880413006604997
238,4,5,923,201,-5.3625749999999925,-2.3925749999999937,368.411,378.411,-5.394575000000003,-2.313574999999986,0.2820413988384814
238,4,6,1145,201,-0.9470300000000123,2.5209700000000055,379.411,389.411,-1.0860299999999938,2.5209700000000055,0.34541786995177465
238,4,7,1495,301,4.33723333333333,9.59323333333333,390.411,405.411,4.0362333333333424,9.709233333333344,0.388215143146683
blank,5,1,0,300,0.1734033333333116,-0.26259666666666703,506.444,521.394,-0.36959666666666635,0.40840333333332524,-0.032252960723026684
blank,5,2,205,260,0.28328846153846143,-0.38471153846154493,432.444,445.394,-0.4727115384615388,0.46728846153845893,-0.05787795612021154
blank,5,3,344,200,0.21289500000000317,-0.2261049999999898,446.444,456.394,-0.4431049999999743,0.34889500000002727,-0.04975837465737615
blank,5,4,666,200,0.28957500000001346,-0.2154250000000104,457.444,467.394,-0.354424999999992,0.3645750000000021,-0.04775126524039566
blank,5,5,923,200,0.3513349999999775,-0.254665000000017,468.444,478.394,-0.2926649999999995,0.3513349999999775,-0.041676436211410664
blank,5,6,1145,200,0.2525849999999821,-0.2784149999999954,479.444,489.394,-0.39641500000001884,0.3945850000000064,-0.05160016479939241
blank,5,7,1495,300,0.4310299999999927,-0.21596999999999866,490.444,505.394,-0.522970000000015,0.4690300000000036,-0.04999167378016787
27,1,1,0,301,67.38433222591365,57.057332225913655,80.1,95.1,57.057332225913655,67.70733222591363,-0.7074312024173692
27,1,2,205,301,-7.375355481727581,-4.72635548172758,0.1,15.099,-7.997355481727567,-4.72635548172758,0.2206655283440893
27,1,3,344,201,-4.525547263681602,1.2384527363184077,16.099,26.1,-4.525547263681602,1.2384527363184077,0.5916937184693604
27,1,4,666,201,2.0616069651741498,11.790606965174135,27.099,37.1,1.921606965174135,11.843606965174132,1.0221003211286925
27,1,5,923,201,13.342621890547264,25.45262189054725,38.1,48.1,13.071621890547249,25.45262189054725,1.2436478910067683
27,1,6,1145,201,26.947393034825865,41.10739303482586,49.1,59.1,26.947393034825865,41.10739303482586,1.4014516000575663
27,1,7,1495,301,43.09921262458474,66.9022126245847,60.1,75.1,43.069212624584736,66.9022126245847,1.5955546794091742
205,2,1,0,300,93.99369666666666,88.42169666666666,192.116,207.066,88.23969666666665,94.49269666666663,-0.4658611515364065
205,2,2,205,292,64.3172046979866,67.02420469798659,115.516,130.067,63.993204697986585,67.1862046979866,0.1786456949661689
205,2,3,344,200,67.65622000000002,70.45722,131.117,141.066,67.65622000000002,70.45722,0.2665970162981046
205,2,4,666,200,71.19565,74.97665,142.117,152.066,71.12764999999999,75.10565,0.37925045676984315
205,2,5,923,220,76.05956363636363,80.70156363636363,153.116,164.066,75.74056363636365,80.74556363636364,0.42414550582514876
205,2,6,1145,200,81.68413999999999,85.79813999999999,165.116,175.067,81.50013999999999,85.86514,0.42181602694193815
205,2,7,1495,300,87.01953666666665,93.0935366666667,176.117,191.066,86.88153666666668,93.41853666666668,0.4026201889470468
41,3,1,0,300,28.148716666666672,22.47771666666665,301.133,316.083,22.40571666666665,28.710716666666684,-0.4899872025987966
41,3,2,205,284,-5.671668989547044,-5.147668989547043,223.929,238.083,-5.9466689895470495,-4.937668989547035,0.0414836597706361
41,3,3,344,200,-4.20356000000001,-1.7005599999999959,240.133,250.083,-4.234560000000016,-1.7005599999999959,0.23480221079030122
41,3,4,666,220,-0.644563636363614,3.8234363636363753,251.133,262.083,-0.6895636363636299,3.8234363636363753,0.40753970617334107
41,3,5,923,200,5.273959999999988,10.070959999999985,263.133,273.083,5.273959999999988,10.111959999999982,0.48699346364842494
41,3,6,1145,200,11.698700000000002,16.038700000000006,274.133,284.083,11.5257,16.197699999999998,0.40976600823993814
41,3,7,1495,300,17.950446666666664,26.10244666666665,285.133,300.083,17.950446666666664,26.30444666666665,0.5511829854602567
blank,4,1,0,300,0.5217600000000004,-0.540239999999983,406.133,421.083,-0.7572399999999959,0.7357599999999991,-0.08050774396488601
blank,4,2,205,311,0.7012572347266826,-0.6557427652733168,329.586,345.083,-0.826742765273309,0.7522572347266703,-0.08775032869602464
blank,4,3,344,200,0.3609000000000151,-0.4070999999999856,346.133,356.083,-0.5601000000000056,0.5089000000000112,-0.0866146284815453
blank,4,4,666,200,0.3716450000000009,-0.5873550000000023,357.133,367.083,-0.6173550000000034,0.7356449999999768,-0.0957297113866
blank,4,5,923,200,0.4344250000000045,-0.5825749999999914,368.133,378.083,-0.6725749999999948,0.5944250000000011,-0.10123170219525941
blank,4,6,1145,200,0.6489699999999914,-0.5430300000000159,379.133,389.083,-0.6900300000000072,0.6609699999999918,-0.10385155301354838
blank,4,7,1495,300,0.6222333333333268,-0.7947666666666748,390.133,405.083,-0.8677666666666539,0.8482333333333258,-0.09873816913356548
20,1,1,0,300,73.71133222591365,64.93633222591362,80.395,95.345,64.93633222591362,73.86333222591364,-0.5723919363966223
20,1,2,205,300,-10.012355481727553,-0.6293554817275719,0.395,15.344,-10.348355481727566,-0.43735548172756467,0.7021889198011092
20,1,3,344,200,0.7214527363183834,10.129452736318399,16.394,26.345,0.1894527363184011,10.129452736318399,0.9728415643104179
20,1,4,666,200,11.205606965174127,23.084606965174146,27.394,37.344,11.205606965174127,23.100606965174137,1.200821477667421
20,1,5,923,200,24.47262189054726,37.19862189054726,38.395,48.345,24.47262189054726,37.19862189054726,1.2585719429496778
20,1,6,1145,200,38.46239303482585,51.30339303482586,49.395,59.344,38.46239303482585,51.47739303482584,1.2876373789076956
20,1,7,1495,300,53.0612126245847,72.38521262458471,60.395,75.345,53.0612126245847,72.551212624584707,1.2638546243513238
242,2,1,0,301,131.17469666666665,125.03269666666665,192.378,207.378,124.85469666666665,132.81869666666665,-0.5686436302871145
242,2,2,205,299,57.150204697986595,61.757204697986595,115.477,130.378,56.80420469798659,61.870204697986594,0.2972994367522027
242,2,3,344,201,62.37422000000001,68.38122000000001,131.378,141.378,62.37422000000001,68.38122000000001,0.584104338861336
242,2,4,666,201,69.34065000000001,77.97065,142.378,152.378,69.05265,78.23065,0.9328713016745179
242,2,5,923,221,79.80456363636364,91.76056363636363,153.378,164.378,79.48456363636365,92.08056363636362,1.1111328878478912
242,2,6,1145,201,93.83514000000002,106.05714,165.378,175.378,93.57114000000001,106.31114000000002,1.2772712047181425
242,2,7,1495,301,108.65053666666665,129.19153666666665,176.378,191.378,108.32753666666667,129.43953666666664,1.4006726617340144
236,3,1,0,300,27.330716666666632,22.821716666666646,301.395,316.344,22.733716666666652,28.694716666666665,-0.42859477767535115
236,3,2,205,289,-15.860668989547037,-15.352668989547055,223.937,238.344,-16.05166898954704,-14.885668989547042,0.0340728940136778
236,3,3,344,200,-14.021559999999994,-11.599559999999997,240.395,250.345,-14.345560000000006,-11.586559999999992,0.2773713355564509
236,3,4,666,220,-10.32456363636362,-5.073563636363616,251.395,262.345,-10.491563636363622,-4.755563636363632,0.5154446141543665
236,3,5,923,200,-3.3470399999999927,2.9649599999999907,263.395,273.344,-3.3470399999999927,3.2929599999999937,0.650387453745493
236,3,6,1145,200,4.562700000000007,11.193700000000007,274.394,284.345,4.562700000000007,11.551700000000011,0.6499687305333822
236,3,7,1495,300,13.772446666666667,25.298446666666678,285.394,300.345,13.72944666666669,25.321446666666702,0.777749619002488
204,4,1,0,301,41.792760000000015,35.70276000000001,406.378,421.378,35.70276000000001,42.20176000000001,-0.48105261376065395
204,4,2,205,318,-6.705742765273328,-4.450742765273333,329.524,345.378,-7.23974276527332,-4.293742765273322,0.19795551167288208
204,4,3,344,201,-3.004099999999994,1.028899999999993,346.378,356.378,-3.0860999999999876,1.028899999999993,0.37523015676170784
204,4,4,666,201,1.9806449999999813,7.832644999999985,357.378,367.378,1.9806449999999813,7.844644999999986,0.5795308522370104
204,4,5,923,201,9.41942499999999,16.230424999999997,368.378,378.378,9.41942499999999,16.56842499999999,0.6803405206367807
204,4,6,1145,201,18.214969999999994,25.73596999999998,379.378,389.378,17.964969999999994,25.932969999999983,0.7593420749942472
204,4,7,1495,301,27.69623333333334,39.68423333333337,390.378,405.378,27.69623333333334,39.68423333333337,0.7725627926389682
1,5,1,0,300,96.1404033333333,86.5804033333333,506.411,521.362,86.3064033333333,96.77840333333333,-0.7721573894127595
1,5,2,205,260,4.522288461538466,12.054288461538476,432.412,445.361,4.292288461538476,12.289288461538462,0.6095312544644995
1,5,3,344,200,13.596895000000018,22.852895000000018,446.411,456.361,13.239895000000018,22.852895000000018,0.9312822377725146
1,5,4,666,200,24.24157500000001,37.067575000000005,457.411,467.361,24.24157500000001,37.25957500000001,1.3123029021269383
1,5,5,923,200,39.236335,53.150334999999984,468.411,478.361,39.022335,53.409335,1.4223840639268233
1,5,6,1145,200,55.25258500000001,69.61558500000001,479.412,489.361,55.25258500000001,69.71558499999998,1.442804999236285
1,5,7,1495,300,72.37003000000001,94.05602999999999,490.412,505.361,71.80202999999997,94.05602999999999,1.46740834680659
42,1,1,0,301,-22.024667774086367,-29.333667774086365,80.346,95.346,-29.492667774086357,-21.806667774086378,-0.5051669090108593
42,1,2,205,301,-62.73935548172756,-61.70035548172757,0.346,15.346,-62.98235548172758,-61.475355481727576,0.0981199693607832
42,1,3,344,201,-61.15154726368161,-58.1435472636816,16.346,26.346,-61.3105472636816,-58.1435472636816,0.30234557707485965
42,1,4,666,201,-57.580393034825846,-52.30939303482586,27.346,37.346,-57.70839303482586,-52.30939303482586,0.542930640913079
42,1,5,923,201,-51.609378109452734,-44.853378109452734,38.346,48.346,-51.77337810945275,-44.853378109452734,0.6838159081799067
42,1,6,1145,201,-43.96360696517414,-36.153606965174134,49.346,59.346,-43.99060696517415,-36.153606965174134,0.7917999436060922
42,1,7,1495,301,-34.89878737541528,-22.282787375415268,60.346,75.346,-34.94678737541528,-22.282787375415268,0.8238605441869803
blank,2,1,0,300,-0.23830333333333442,-0.3533033333333435,192.379,207.329,-0.3533033333333435,0.3646966666666458,-0.015312969352442637
blank,2,2,205,298,0.41520469798658155,0.12020469798659406,115.485,130.329,-0.3847953020134014,0.43320469798658223,-0.033019435947904754
blank,2,3,344,200,0.24422000000001276,-0.22677999999999088,131.379,141.33,-0.5667799999999943,0.4442200000000014,-0.06092420206202927
blank,2,4,666,200,0.3366499999999917,-0.16634999999999422,142.379,152.329,-0.40835000000001287,0.5056500000000028,-0.051643151115945966
blank,2,5,923,220,0.1875636363636488,-0.3474363636363762,153.379,164.329,-0.4544363636363755,0.45656363636362585,-0.05164884900900286
blank,2,6,1145,200,0.2251399999999819,-0.11986000000001695,165.379,175.33,-0.4298599999999908,0.4931399999999826,-0.0565057035783497
blank,2,7,1495,300,0.37253666666666163,-0.459463333333332,176.379,191.329,-0.7074633333333225,0.8005366666666589,-0.06907065136584317
26,3,1,0,300,10.668716666666654,-0.8222833333333313,301.379,316.329,-1.2072833333333506,12.513716666666653,-1.0948442967603442
26,3,2,205,289,-72.93366898954704,-74.08966898954705,223.934,238.329,-75.04766898954705,-72.93366898954704,0.05547973015322306
26,3,3,344,200,-73.08055999999999,-67.85956000000002,240.379,250.329,-73.36156,-67.85956000000002,0.536253250109349
26,3,4,666,220,-66.60956363636362,-54.88956363636362,251.379,262.329,-66.60956363636362,-54.88956363636362,1.0690250027799582
26,3,5,923,200,-53.16404,-38.99804,263.379,273.329,-53.16404,-38.82104000000001,1.4461864498127595
26,3,6,1145,200,-36.543300000000016,-21.919299999999993,274.379,284.33,-36.543300000000016,-21.919299999999993,1.3892306723508057
26,3,7,1495,300,-18.62155333333331,7.290446666666668,285.38,300.329,-18.801553333333317,7.327446666666674,1.8710840137233424
221,4,1,0,300,-10.832239999999985,-16.785239999999988,406.379,421.329,-16.90724,-9.998239999999981,-0.5255786693252438
221,4,2,205,317,-60.76574276527333,-57.357742765273315,329.53,345.329,-61.33174276527333,-57.35674276527331,0.25996556428554124
221,4,3,344,200,-55.96510000000001,-51.7201,346.379,356.329,-55.9701,-51.703100000000006,0.4338571196148835
221,4,4,666,200,-50.24035500000002,-44.284355000000005,357.379,367.329,-50.36435500000002,-44.284355000000005,0.5887245394897912
221,4,5,923,200,-42.780575,-36.388575,368.379,378.329,-42.93157500000001,-36.148574999999994,0.6829336732377008
221,4,6,1145,200,-34.384029999999996,-27.100030000000004,379.38,389.33,-34.487030000000004,-26.701030000000003,0.7706328111332345
221,4,7,1495,300,-24.844766666666658,-12.982766666666663,390.379,405.329,-24.844766666666658,-12.901766666666674,0.8188738484992446
244,5,1,0,301,0.3644033333333141,-6.760596666666686,506.346,521.346,-6.98559666666668,1.1614033333333111,-0.5756921400337935
244,5,2,205,261,-51.77871153846152,-49.888711538461536,432.346,445.346,-52.01271153846153,-49.874711538461526,0.16428068425863887
244,5,3,344,201,-49.14110499999998,-45.28210499999997,446.346,456.346,-49.25910499999998,-45.15710499999997,0.42914242605967345
244,5,4,666,201,-44.200424999999996,-37.67942500000001,457.346,467.346,-44.26242500000001,-37.482425000000006,0.6972943722943763
244,5,5,923,201,-36.317665000000005,-28.005665000000022,468.346,478.346,-36.37966500000002,-28.005665000000022,0.834071249846653
244,5,6,1145,201,-26.57941500000001,-17.249415,479.346,489.346,-26.65841500000002,-17.249415,0.9102972824093177
244,5,7,1495,301,-16.002970000000005,-1.3169699999999978,490.346,505.346,-16.03797,-1.3049699999999973,0.9939367868231704
2,1,1,0,300,6.160332225913635,3.2343322259136187,80.351,95.301,3.0593322259136357,6.359332225913619,-0.2102835793579914
2,1,2,205,300,-10.529355481727578,-9.565355481727579,0.352,15.301,-10.854355481727566,-9.509355481727567,0.08437105756250794
2,1,3,344,200,-9.22354726368161,-7.4655472636816,16.351,26.301,-9.256547263681597,-7.426547263681613,0.17629103400149213
2,1,4,666,200,-7.060393034825864,-4.614393034825866,27.351,37.301,-7.060393034825864,-4.5123930348258625,0.25924373750493723
2,1,5,923,200,-4.072378109452757,-1.4073781094527362,38.351,48.301,-4.129378109452745,-1.391378109452745,0.2615367213088686
2,1,6,1145,200,-0.9786069651741514,1.5983930348258468,49.351,59.301,-0.9866069651741327,1.5983930348258468,0.2595961671653388
2,1,7,1495,300,2.265212624584734,6.123212624584738,60.351,75.301,2.265212624584734,6.123212624584738,0.24634067782821079
211,2,1,0,301,109.66769666666664,103.12369666666666,192.318,207.318,102.98569666666668,110.60969666666665,-0.6317331086809829
211,2,2,205,297,51.8232046979866,56.54220469798659,115.512,130.318,51.6992046979866,56.72020469798659,0.34807480092656545
211,2,3,344,201,57.53722000000002,63.004220000000004,131.318,141.318,57.51522,63.09822,0.5980308656860392
211,2,4,666,201,64.28365,72.41465,142.318,152.318,64.26165,72.42665,0.8459212966190294
211,2,5,923,221,73.93456363636363,83.55956363636363,153.318,164.318,73.83756363636363,83.55956363636363,0.8964286414857029
211,2,6,1145,201,84.87914,93.64913999999999,165.318,175.318,84.87914,93.81813999999997,0.879857037957132
211,2,7,1495,301,95.74653666666666,108.61453666666665,176.318,191.318,95.49353666666667,108.71953666666667,0.8591001596176568
210,3,1,0,300,71.42571666666666,63.48971666666668,301.335,316.285,63.48971666666668,72.91471666666664,-0.8013348058761138
210,3,2,205,288,-12.759668989547038,-7.97066898954705,223.937,238.285,-13.311668989547059,-7.886668989547047,0.47216149611990327
210,3,3,344,200,-6.148560000000003,2.299440000000004,240.335,250.285,-6.148560000000003,2.3354400000000055,0.8495228233179033
210,3,4,666,220,4.222436363636376,16.609436363636377,251.335,262.284,4.0654363636363655,16.676436363636384,1.161681542250487
210,3,5,923,200,18.98895999999999,31.336960000000005,263.335,273.284,18.95295999999999,31.495959999999997,1.2519341542551488
210,3,6,1145,200,33.6087,46.927700000000016,274.334,284.285,33.6087,47.08370000000002,1.4230383030403242
210,3,7,1495,300,49.80044666666669,68.64744666666667,285.334,300.285,49.59044666666665,68.64744666666667,1.2625643763437429
226,4,1,0,300,122.91576,103.42176000000003,406.351,421.301,103.42176000000003,123.12376000000003,-1.5666553369046088
226,4,2,205,316,-4.762742765273316,-0.06674276527331813,329.544,345.301,-5.0957427652733145,0.14825723472668528,0.4412957884327588
226,4,3,344,200,1.8409000000000049,12.448900000000009,346.351,356.302,1.6948999999999899,12.448900000000009,1.1027185402836974
226,4,4,666,200,14.747644999999977,31.58964499999999,357.352,367.301,14.626644999999996,31.67064499999998,1.7925116377353585
226,4,5,923,200,34.773425,55.972425000000015,368.351,378.302,34.773425,56.123425000000026,2.146844159842127
226,4,6,1145,200,59.377969999999976,82.74996999999999,379.351,389.301,59.377969999999976,82.74996999999999,2.3701412496851684
226,4,7,1495,300,86.58723333333333,119.48723333333336,390.351,405.301,86.58723333333333,119.48723333333336,2.225229646753526
240,5,1,0,301,125.62940333333333,110.0944033333333,506.318,521.318,110.0874033333333,126.48440333333335,-1.224803855265555
240,5,2,205,261,6.632288461538479,12.893288461538475,432.318,445.318,6.410288461538471,12.936288461538453,0.5703345137745911
240,5,3,344,201,13.99989500000001,24.795895,446.318,456.318,13.99989500000001,24.889895000000024,1.121849603656355
240,5,4,666,201,26.765575000000013,43.174575000000004,457.318,467.318,26.65957499999999,43.174575000000004,1.6948992107172705
240,5,5,923,201,45.192334999999986,64.77533499999998,468.318,478.318,45.192334999999986,64.79233499999998,1.9491363403954252
240,5,6,1145,201,67.18958499999997,87.779585,479.318,489.318,67.18958499999997,87.779585,2.0469367510317777
240,5,7,1495,301,90.67803,123.16803000000002,490.318,505.318,90.67803,123.16803000000002,2.1620813714343075
29,1,1,0,300,51.341332225913646,38.02433222591364,80.305,95.255,37.86933222591364,51.341332225913646,-0.9013173728446768
29,1,2,205,300,-13.31735548172756,-10.618355481727576,0.305,15.255,-13.606355481727576,-10.46835548172757,0.23509186903411816
29,1,3,344,200,-10.0725472636816,-3.481547263681591,16.305,26.255,-10.089547263681595,-3.481547263681591,0.6661427643575292
29,1,4,666,200,-2.5563930348258737,7.4546069651741504,27.305,37.255,-2.6543930348258584,7.4546069651741504,1.0439613475835423
29,1,5,923,200,8.662621890547257,20.259621890547265,38.305,48.254,8.662621890547257,20.259621890547265,1.150280691168292
29,1,6,1145,200,21.413393034825873,33.050393034825845,49.304,59.255,21.413393034825873,33.12339303482585,1.1865696702460842
29,1,7,1495,300,34.82021262458471,51.69721262458472,60.304,75.255,34.82021262458471,51.934212624584745,1.1369258540083307
248,2,1,0,300,135.79669666666666,125.09269666666665,192.321,207.272,124.69469666666669,137.02169666666668,-1.0143005525279571
248,2,2,205,296,51.89720469798658,56.09920469798658,115.519,130.272,51.6512046979866,56.2402046979866,0.31044005573484545
248,2,3,344,200,57.08722,64.19622000000001,131.321,141.272,57.056219999999996,64.19622000000001,0.7672115353558785
248,2,4,666,200,65.35964999999999,76.51265000000001,142.321,152.272,65.35964999999999,76.65365,1.1526155447778692
248,2,5,923,220,78.49956363636363,93.08256363636363,153.321,164.271,78.39556363636365,93.08256363636363,1.3320508102422937
248,2,6,1145,200,94.76114000000001,108.94614000000001,165.321,175.272,94.76114000000001,108.94614000000001,1.4118621406714493
248,2,7,1495,300,111.55153666666666,133.79753666666664,176.321,191.272,111.09653666666668,133.79753666666664,1.525050079763461
203,3,1,0,301,26.97571666666667,22.845716666666647,301.288,316.288,22.845716666666647,27.676716666666636,-0.37555195668201113
203,3,2,205,288,-13.912668989547058,-11.001668989547056,223.94,238.288,-14.070668989547045,-10.818668989547035,0.23840402746261016
203,3,3,344,201,-9.652559999999994,-5.728560000000016,240.288,250.288,-9.692560000000014,-5.728560000000016,0.38593888292747863
203,3,4,666,221,-4.603563636363617,0.8754363636363678,251.288,262.288,-4.647563636363628,0.9874363636363626,0.4990582995337566
203,3,5,923,201,2.4569600000000094,7.9119599999999934,263.288,273.288,2.294960000000003,7.971959999999996,0.5645225442834145
203,3,6,1145,201,9.352699999999999,15.004699999999985,274.288,284.288,9.352699999999999,15.093699999999984,0.5355394171046379
203,3,7,1495,301,16.800446666666687,25.07244666666668,285.288,300.288,16.74544666666668,25.07244666666668,0.5447613210963081
241,4,1,0,300,47.839759999999984,39.75775999999999,406.305,421.255,39.639759999999995,48.278760000000005,-0.6542481576957591
241,4,2,205,315,-7.454742765273323,-5.875742765273316,329.554,345.255,-7.821742765273314,-5.801742765273332,0.12053990470066397
241,4,3,344,200,-4.487099999999998,-0.6540999999999997,346.305,356.255,-4.598099999999988,-0.6540999999999997,0.36852117436916737
241,4,4,666,200,0.7206449999999904,7.002645000000001,357.305,367.255,0.597645,7.088644999999985,0.6571957125039528
241,4,5,923,200,8.770425000000017,16.43742499999999,368.305,378.255,8.655425000000008,16.525425000000013,0.7890861403447438
241,4,6,1145,200,18.696969999999993,27.520970000000005,379.305,389.255,18.555970000000002,27.623969999999986,0.910740260503937
241,4,7,1495,300,29.878233333333327,45.46223333333333,390.304,405.255,29.656233333333347,45.46223333333333,1.0117278150246982
243,5,1,0,301,49.602403333333314,42.620403333333314,506.288,521.288,42.40540333333331,49.98440333333332,-0.5734071282600812
243,5,2,205,261,4.482288461538474,7.167288461538476,432.288,445.288,4.254288461538465,7.38628846153847,0.22706543202990065
243,5,3,344,201,7.976895000000013,12.163895000000025,446.288,456.288,7.976895000000013,12.230895000000004,0.44151703962466476
243,5,4,666,201,13.18357499999999,19.101574999999997,457.288,467.288,13.143574999999998,19.154574999999994,0.6131143545537843
243,5,5,923,201,20.321334999999976,27.19333499999999,468.288,478.288,20.195335,27.19333499999999,0.6930288754248554
243,5,6,1145,201,28.464585,35.52058499999998,479.288,489.288,28.280585000000002,35.544584999999984,0.7112557794993626
243,5,7,1495,301,36.779030000000006,48.20703,490.288,505.288,36.779030000000006,48.20703,0.7547860686575486
blank,1,1,0,301,0.091332225913618,-0.004667774086357213,80.257,95.258,-0.2976677740863636,0.24233222591362846,0.005112650282494581
blank,1,2,205,301,2.614644518272428,-0.2973554817275783,0.257,15.258,-0.5133554817275581,2.68864451827244,4.677420897184925e-4
blank,1,3,344,201,-0.1095472636816055,0.0014527363183844955,16.258,26.257,-0.19454726368161346,0.23945273631838404,-0.011661937771135203
blank,1,4,666,201,0.12860696517412862,-0.02639303482587252,27.258,37.257,-0.3383930348258559,0.28060696517414385,-0.027806075168233274
blank,1,5,923,201,0.12862189054726514,-0.13537810945274487,38.257,48.258,-0.2653781094527403,0.23962189054725513,-0.0139476386770432
blank,1,6,1145,201,-0.027606965174129527,0.006393034825862287,49.258,59.258,-0.23760696517413749,0.2833930348258491,-0.023043535397576472
blank,1,7,1495,301,0.5402126245847398,-0.41578737541527744,60.257,75.257,-0.5047873754152761,0.5402126245847398,-0.04965926795884497
237,2,1,0,300,144.23969666666665,135.94069666666667,192.274,207.224,135.91269666666665,147.19669666666664,-1.0937322441604764
237,2,2,205,295,59.06420469798658,58.892204697986585,115.523,130.224,57.39720469798658,59.06420469798658,0.14510960474133675
237,2,3,344,200,59.73022,64.91722000000001,131.275,141.224,59.63022000000001,64.91722000000001,0.6253774035355689
237,2,4,666,200,66.31764999999999,76.84764999999999,142.274,152.224,66.16065,76.84764999999999,1.1209669553493502
237,2,5,923,220,78.66056363636363,94.42256363636366,153.274,164.224,78.66056363636363,94.47656363636364,1.486081780047008
237,2,6,1145,200,96.71114,112.93414000000001,165.274,175.224,96.58413999999999,112.93414000000001,1.6443037931468412
237,2,7,1495,300,115.71753666666666,141.76353666666665,176.274,191.224,115.71753666666666,141.82853666666665,1.7562122055766247
blank,3,1,0,300,0.3827166666666528,-0.601283333333356,301.291,316.241,-0.7112833333333413,0.5687166666666599,-0.07156078769437554
blank,3,2,205,287,0.049331010452959845,-0.34366898954704084,223.938,238.24,-0.5376689895470577,0.3773310104529628,-0.06199669268405236
blank,3,3,344,200,0.3664400000000114,-0.3615599999999972,240.291,250.241,-0.43255999999999517,0.44844000000000506,-0.07262657998042134
blank,3,4,666,220,0.4574363636363614,-0.32756363636363517,251.291,262.241,-0.6025636363636124,0.5934363636363855,-0.08520808855820147
blank,3,5,923,200,0.616960000000006,-0.5220400000000041,263.29,273.241,-0.5220400000000041,0.6339600000000019,-0.07508809754213083
blank,3,6,1145,200,0.5337000000000103,-0.59729999999999,274.291,284.241,-0.59729999999999,0.6476999999999862,-0.10112442493949186
blank,3,7,1495,300,0.8114466666666829,-0.7175533333333135,285.291,300.241,-0.8885533333333342,0.9234466666666776,-0.10524707983652055
202,4,1,0,301,44.18976000000001,41.738759999999985,406.257,421.258,41.63275999999999,45.153760000000005,-0.32662165011967226
202,4,2,205,315,0.6682572347266671,4.910257234726686,329.561,345.258,0.43725723472667255,5.000257234726689,0.26989615041806014
202,4,3,344,201,6.420899999999989,10.547899999999998,346.257,356.258,6.420899999999989,10.663900000000012,0.4286425840388773
202,4,4,666,201,12.027644999999978,17.09364499999998,357.257,367.257,11.871645000000001,17.116644999999977,0.5027595351618852
202,4,5,923,201,18.607425000000006,24.021424999999994,368.257,378.258,18.54242500000001,24.082425,0.5394897889835266
202,4,6,1145,201,25.800970000000007,31.419970000000006,379.258,389.258,25.682969999999983,31.430970000000002,0.5510132295424388
202,4,7,1495,301,33.42423333333335,42.20123333333336,390.258,405.257,33.16323333333335,42.20123333333336,0.5942714164439352
4,5,1,0,300,52.39340333333334,48.636403333333334,506.291,521.241,48.61040333333332,53.398403333333334,-0.3909484877084024
4,5,2,205,260,10.422288461538471,12.191288461538477,432.29,445.241,9.548288461538476,12.191288461538477,0.25063235990768234
4,5,3,344,200,12.982895000000013,16.824895000000026,446.29,456.241,12.963895000000008,17.024895000000015,0.4407118988792689
4,5,4,666,200,18.18157500000001,23.593575000000016,457.291,467.24,17.894575000000003,23.692575000000005,0.5801541302396245
4,5,5,923,200,24.832335,31.412334999999985,468.29,478.241,24.57433499999999,31.412334999999985,0.6421670117971083
4,5,6,1145,200,32.489585000000005,39.28358499999999,479.29,489.241,32.465585000000004,39.28358499999999,0.6868995129089949
4,5,7,1495,300,40.81802999999999,51.27102999999997,490.291,505.241,40.719030000000004,51.32302999999999,0.7028787960612558
201,1,1,0,300,-30.894667774086372,-35.34866777408638,80.242,95.192,-35.46766777408638,-30.894667774086372,-0.2897067420121966
201,1,2,205,300,-48.717355481727566,-47.570355481727574,0.242,15.192,-49.23235548172758,-47.52235548172757,0.10192293761801875
201,1,3,344,200,-47.31454726368159,-46.57454726368161,16.242,26.192,-47.5665472636816,-46.16454726368161,0.08654800520484907
201,1,4,666,200,-46.12939303482585,-43.812393034825845,27.242,37.192,-46.20039303482585,-43.701393034825855,0.23713791669986678
201,1,5,923,200,-43.466378109452734,-40.280378109452755,38.242,48.192,-43.58837810945275,-40.280378109452755,0.3014893910052492
201,1,6,1145,200,-39.83960696517414,-36.59560696517414,49.242,59.192,-40.068606965174155,-36.48460696517415,0.3257689063150458
201,1,7,1495,300,-35.855787375415275,-31.395787375415267,60.242,75.192,-36.01178737541528,-31.058787375415278,0.3001788329475366
234,2,1,0,301,53.63569666666666,47.350696666666664,192.226,207.225,47.12369666666666,54.59569666666667,-0.5295962352999811
234,2,2,205,295,14.0202046979866,14.917204697986591,115.526,130.225,13.723204697986603,15.328204697986592,0.08174447757168331
234,2,3,344,201,15.680219999999991,17.720220000000012,131.226,141.225,15.484219999999993,18.082220000000007,0.23297030740795974
234,2,4,666,201,18.68365,23.96365,142.225,152.225,18.67165,23.96365,0.52408045332051445
234,2,5,923,221,24.615563636363646,31.432563636363625,153.225,164.225,24.615563636363646,31.80056363636365,0.639018745993007
234,2,6,1145,201,32.742140000000006,40.12613999999999,165.226,175.225,32.742140000000006,40.37413999999998,0.7120583975681957
234,2,7,1495,301,41.90853666666666,52.64953666666668,176.225,191.225,41.73953666666665,52.88553666666667,0.7290633995270119
209,3,1,0,300,33.63071666666664,24.890716666666663,301.242,316.192,24.890716666666663,35.40071666666668,-0.8607922885216671
209,3,2,205,286,-50.419668989547034,-45.213668989547045,223.942,238.192,-50.98866898954705,-45.213668989547045,0.4538087115904491
209,3,3,344,200,-43.37056000000001,-35.34356,240.242,250.193,-43.39256,-35.34356,0.8206228523172853
209,3,4,666,220,-33.932563636363625,-22.317563636363616,251.243,262.193,-33.932563636363625,-21.85656363636363,1.0853351888365144
209,3,5,923,200,-19.782039999999995,-6.679040000000015,263.242,273.192,-19.992040000000003,-6.679040000000015,1.291087568896451
209,3,6,1145,200,-5.025300000000016,7.923699999999997,274.242,284.192,-5.025300000000016,8.411699999999996,1.3191300311674803
209,3,7,1495,300,10.938446666666664,30.758446666666657,285.242,300.192,10.938446666666664,31.220446666666703,1.3031393538400222
239,4,1,0,300,4.526759999999996,-3.4722399999999993,406.242,421.193,-3.790239999999983,4.852760000000018,-0.6115635658379975
239,4,2,205,313,-37.68574276527332,-36.92874276527331,329.586,345.192,-37.91174276527332,-36.67074276527333,0.045370875072264415
239,4,3,344,200,-35.88409999999999,-33.47409999999999,346.242,356.193,-36.06110000000001,-33.3501,0.24767605753168415
239,4,4,666,200,-32.41235500000002,-27.982355000000013,357.242,367.192,-32.50535500000001,-27.93435500000001,0.43656862214767606
239,4,5,923,200,-26.587574999999987,-20.28257500000001,368.242,378.192,-26.587574999999987,-20.275575000000003,0.6124652898837933
239,4,6,1145,200,-18.328030000000012,-11.799030000000016,379.242,389.192,-18.698030000000017,-11.482030000000009,0.6886799349162757
239,4,7,1495,300,-9.508766666666673,2.2472333333333268,390.242,405.192,-9.89276666666666,2.3422333333333256,0.8234909693675659
28,1,1,0,300,81.89733222591363,67.17033222591365,80.195,95.145,67.07333222591362,81.89733222591363,-1.006491930325767
28,1,2,205,300,-8.499355481727576,-5.690355481727579,0.196,15.145,-9.031355481727559,-5.453355481727556,0.2490092179664719
28,1,3,344,200,-5.039547263681612,2.105452736318398,16.195,26.145,-5.039547263681612,2.105452736318398,0.7328301155460365
28,1,4,666,200,3.169606965174154,15.634606965174129,27.195,37.145,3.169606965174154,15.634606965174129,1.282759252492612
28,1,5,923,200,17.523621890547247,33.41662189054725,38.195,48.146,17.31962189054724,33.41662189054725,1.62015665352095
28,1,6,1145,200,35.46039303482587,52.76739303482586,49.196,59.145,35.306393034825845,52.76739303482586,1.7514307950358792
28,1,7,1495,300,55.15121262458473,82.24021262458473,60.196,75.146,55.142212624584715,82.24021262458473,1.8214319530840315
3,2,1,0,300,111.00369666666666,105.80069666666668,192.212,207.162,105.75969666666668,111.89069666666666,-0.48164870184390446
3,2,2,205,294,65.5902046979866,70.31020469798659,115.516,130.162,65.5252046979866,70.31020469798659,0.28937399915718437
3,2,3,344,200,71.07522,75.35622000000001,131.212,141.162,70.95022,75.35622000000001,0.4505886169552983
3,2,4,666,200,76.34365,82.09164999999999,142.212,152.162,76.34365,82.22165000000001,0.5846386634687313
3,2,5,923,220,83.36356363636364,89.99956363636366,153.212,164.162,83.36356363636364,90.20356363636361,0.605950286531477
3,2,6,1145,200,91.46913999999998,98.05813999999998,165.212,175.162,91.05514,98.12013999999999,0.6952957211870294
3,2,7,1495,300,99.7185366666667,110.24853666666667,176.212,191.162,99.64753666666667,110.24853666666667,0.6860611452341102
235,3,1,0,301,66.78171666666665,58.53071666666668,301.179,316.179,58.303716666666645,68.47771666666668,-0.7882539770770948
235,3,2,205,286,-6.772668989547043,-5.154668989547048,223.934,238.179,-7.2366689895470415,-5.08166898954704,0.16904740826185116
235,3,3,344,201,-3.8565600000000018,1.1814400000000091,240.179,250.179,-3.960560000000015,1.3984399999999937,0.5339678407305325
235,3,4,666,221,2.730436363636386,12.491436363636382,251.179,262.179,2.6904363636363655,12.501436363636373,0.8933892680922132
235,3,5,923,201,14.408960000000008,25.91896,263.178,273.178,14.386959999999988,25.91896,1.1509811291129957
235,3,6,1145,201,27.907699999999977,40.11970000000002,274.179,284.178,27.81970000000001,40.22570000000002,1.2621826385734414
235,3,7,1495,301,43.0954466666667,64.34144666666668,285.178,300.178,42.90844666666669,64.34144666666668,1.3950030766193302
19,4,1,0,301,82.47376,74.67676000000003,406.179,421.179,74.47076000000001,83.14576000000002,-0.7142253980783493
19,4,2,205,313,-0.7267427652733147,6.783257234726676,329.582,345.179,-1.826742765273309,6.783257234726676,0.3918405207286636
19,4,3,344,201,8.376900000000006,18.5779,346.178,356.179,8.376900000000006,18.5779,0.9307345131790308
19,4,4,666,201,20.436645,31.646644999999978,357.179,367.179,20.436645,31.646644999999978,1.1337672835027368
19,4,5,923,201,33.874425,45.90242500000002,368.178,378.178,33.803425000000004,45.93142500000002,1.2067842890766056
19,4,6,1145,201,48.26496999999998,59.57097000000002,379.179,389.179,48.020970000000005,59.742969999999985,1.1749805476264827
19,4,7,1495,301,62.21323333333336,80.29423333333332,390.179,405.179,62.21323333333336,80.29423333333332,1.2177996971739469
225,5,1,0,300,118.01140333333333,106.3924033333333,506.212,521.162,106.37040333333331,118.56740333333332,-0.9603250242064842
225,5,2,205,260,5.402288461538461,11.205288461538458,432.212,445.162,5.293288461538452,11.205288461538458,0.4809435856870135
225,5,3,344,200,12.202895000000012,21.965895000000017,446.212,456.162,12.202895000000012,21.965895000000017,1.0182555213866404
225,5,4,666,200,23.560575,38.54057499999999,457.212,467.162,23.560575,38.54057499999999,1.5346135206009168
225,5,5,923,200,40.517335,58.55033499999996,468.212,478.162,40.517335,58.55033499999996,1.8209568684864401
225,5,6,1145,200,61.108585000000005,80.685585,479.212,489.162,61.094584999999995,80.685585,1.9666875533589723
225,5,7,1495,300,83.33403000000001,114.98803000000001,490.212,505.162,83.27703,114.98803000000001,2.1380943673600963
206,1,1,0,300,43.99033222591362,35.27033222591362,80.15,95.101,35.27033222591362,43.99033222591362,-0.5793360215814067
206,1,2,205,300,-10.649355481727554,-6.044355481727564,0.151,15.1,-10.649355481727554,-5.929355481727555,0.32976137253289756
206,1,3,344,200,-5.257547263681602,0.3394527363184068,16.15,26.1,-5.31454726368159,0.39545273631838995,0.6052417672828563
206,1,4,666,200,1.3156069651741404,9.28960696517413,27.15,37.101,1.2686069651741434,9.28960696517413,0.8222811915164286
206,1,5,923,200,10.358621890547255,19.197621890547254,38.151,48.1,10.358621890547255,19.197621890547254,0.8875307565811187
206,1,6,1145,200,20.576393034825855,29.34339303482585,49.15,59.1,20.312393034825845,29.34339303482585,0.9014668248819011
206,1,7,1495,300,30.751212624584724,43.82821262458472,60.151,75.101,30.751212624584724,43.84921262458474,0.8751175020163876
43,2,1,0,300,125.34169666666668,116.23369666666667,192.167,207.117,116.22169666666667,126.41869666666668,-0.8063372741089117
43,2,2,205,293,54.19620469798659,55.638204697986595,115.511,130.117,53.95320469798659,55.638204697986595,0.12412124457251951
43,2,3,344,200,56.33622,60.695220000000006,131.167,141.117,56.11322000000001,60.82921999999999,0.4963018248719612
43,2,4,666,200,61.83064999999999,70.80765,142.167,152.117,61.83064999999999,70.80765,0.9575791198806545
43,2,5,923,220,72.44056363636363,85.24556363636364,153.167,164.117,72.30656363636365,85.24556363636364,1.182032939862152
43,2,6,1145,200,86.86014,99.97714000000002,165.167,175.117,86.86014,100.08514000000002,1.3168476987251656
43,2,7,1495,300,102.58453666666668,123.57753666666667,176.167,191.117,102.30253666666664,123.57753666666667,1.4210879030035841
214,3,1,0,301,52.85271666666668,45.11571666666666,301.134,316.134,45.059716666666674,53.93371666666664,-0.68943458070533
214,3,2,205,285,-9.31566898954705,-7.344668989547046,223.926,238.134,-9.776668989547034,-7.101668989547051,0.21360035490296184
214,3,3,344,201,-5.706559999999996,-0.4525600000000054,240.133,250.134,-5.706559999999996,-0.4115600000000086,0.5412904552795434
214,3,4,666,221,1.1234363636363867,9.719436363636362,251.134,262.134,0.9484363636363753,9.719436363636362,0.8057853598907363
214,3,5,923,201,11.572959999999995,21.09396000000001,263.134,273.134,11.572959999999995,21.09396000000001,0.9407338085124958
214,3,6,1145,201,22.990700000000004,32.97370000000001,274.133,284.134,22.96369999999999,32.97370000000001,0.9787119635631937
214,3,7,1495,301,35.14444666666668,50.35844666666668,285.134,300.134,35.14444666666668,50.46744666666666,1.018184962828218
44,4,1,0,301,51.17576,42.25576000000004,406.134,421.134,42.25576000000004,51.37176000000002,-0.6820349155138392
44,4,2,205,312,-6.12274276527333,-6.2207427652733145,329.577,345.134,-6.699742765273328,-6.049742765273322,0.028883439981304205
44,4,3,344,201,-4.857100000000003,-1.9051000000000045,346.133,356.134,-5.004099999999994,-1.8560999999999979,0.33625673645827486
44,4,4,666,201,-0.5613550000000203,5.713644999999985,357.134,367.134,-0.5853550000000212,5.713644999999985,0.6491643271787954
44,4,5,923,201,7.440425000000005,16.134424999999993,368.133,378.134,7.440425000000005,16.204425000000015,0.8754385630797217
44,4,6,1145,201,18.228970000000004,28.699970000000008,379.133,389.133,18.193970000000007,28.699970000000008,1.0571743096332913
44,4,7,1495,301,30.88323333333335,48.51923333333335,390.134,405.134,30.88323333333335,48.51923333333335,1.158013784372417
