"","Colony_ID","Run.x","Interval","Light_Value","N_points","O2_start","O2_end","DeltaT_min","DeltaT_max","O2_min","O2_max","Slope","Date","Project","Run.y","Chamber","Species","Phenotype","Chamber_Volume_mL","Surface_Area_cm2","Notes","...11","...12","...13","Chamber_Volume_L","Slope_norm"
"1","247",1,1,0,300,49.9083322259137,40.7313322259136,80.444,95.394,40.4403322259136,49.9723322259136,-0.632037438790057,2026-01-21,"CAREER - Phys",1,1,"Porites compressa","Susceptible",240,20,"Coral fell off string at some point during the run, data may look weird",NA,NA,NA,0.24,-0.455066955928841
"2","247",1,2,205,300,-13.6503554817276,-10.5233554817276,0.444,15.394,-13.6503554817276,-10.5053554817276,0.21475444943589,2026-01-21,"CAREER - Phys",1,1,"Porites compressa","Susceptible",240,20,"Coral fell off string at some point during the run, data may look weird",NA,NA,NA,0.24,0.154623203593841
"3","247",1,3,344,200,-10.0435472636816,-5.13054726368159,16.444,26.394,-10.0435472636816,-4.93754726368161,0.542588095175407,2026-01-21,"CAREER - Phys",1,1,"Porites compressa","Susceptible",240,20,"Coral fell off string at some point during the run, data may look weird",NA,NA,NA,0.24,0.390663428526293
"4","247",1,4,666,200,-4.30039303482587,4.02960696517414,27.444,37.394,-4.30039303482587,4.23860696517414,0.860708052195332,2026-01-21,"CAREER - Phys",1,1,"Porites compressa","Susceptible",240,20,"Coral fell off string at some point during the run, data may look weird",NA,NA,NA,0.24,0.619709797580639
"5","247",1,5,923,200,5.44562189054724,15.7216218905473,38.444,48.394,5.22662189054725,15.7216218905473,1.05127704160247,2026-01-21,"CAREER - Phys",1,1,"Porites compressa","Susceptible",240,20,"Coral fell off string at some point during the run, data may look weird",NA,NA,NA,0.24,0.756919469953775
"6","247",1,6,1145,200,17.0273930348258,28.4973930348258,49.444,59.394,16.9443930348259,28.4973930348258,1.16076254917388,2026-01-21,"CAREER - Phys",1,1,"Porites compressa","Susceptible",240,20,"Coral fell off string at some point during the run, data may look weird",NA,NA,NA,0.24,0.835749035405195
"7","247",1,7,1495,300,30.2082126245847,49.4422126245847,60.444,75.394,30.1752126245847,49.4422126245847,1.30918496940431,2026-01-21,"CAREER - Phys",1,1,"Porites compressa","Susceptible",240,20,"Coral fell off string at some point during the run, data may look weird",NA,NA,NA,0.24,0.942613177971106
"8","12",2,1,0,300,126.051696666667,120.408696666667,192.427,207.377,120.408696666667,127.713696666667,-0.608774580286278,2026-01-21,"CAREER - Phys",2,1,"Montipora capitata","Resistant",240,20,NA,NA,NA,NA,0.24,-0.43831769780612
"9","12",2,2,205,299,50.8162046979866,58.4872046979866,115.475,130.378,50.8162046979866,58.6742046979866,0.496742305125616,2026-01-21,"CAREER - Phys",2,1,"Montipora capitata","Resistant",240,20,NA,NA,NA,NA,0.24,0.357654459690444
"10","12",2,3,344,200,59.59722,66.17722,131.428,141.377,59.59722,66.19222,0.658596893952538,2026-01-21,"CAREER - Phys",2,1,"Montipora capitata","Resistant",240,20,NA,NA,NA,NA,0.24,0.474189763645827
"11","12",2,4,666,200,67.36065,76.80465,142.428,152.377,67.34265,76.82565,0.976749785921494,2026-01-21,"CAREER - Phys",2,1,"Montipora capitata","Resistant",240,20,NA,NA,NA,NA,0.24,0.703259845863476
"12","12",2,5,923,220,78.5335636363636,89.9455636363636,153.427,164.377,78.4685636363636,90.0985636363637,1.09109053300951,2026-01-21,"CAREER - Phys",2,1,"Montipora capitata","Resistant",240,20,NA,NA,NA,NA,0.24,0.785585183766847
"13","12",2,6,1145,200,91.94314,103.67314,165.427,175.377,91.79814,103.67314,1.19784815124695,2026-01-21,"CAREER - Phys",2,1,"Montipora capitata","Resistant",240,20,NA,NA,NA,NA,0.24,0.862450668897803
"14","12",2,7,1495,300,106.024536666667,124.387536666667,176.428,191.378,105.891536666667,124.594536666667,1.25148733541712,2026-01-21,"CAREER - Phys",2,1,"Montipora capitata","Resistant",240,20,NA,NA,NA,NA,0.24,0.901070881500325
"15","233",3,1,0,300,6.62171666666666,2.71671666666666,301.444,316.394,2.56871666666666,7.25371666666666,-0.386642063576543,2026-01-21,"CAREER - Phys",3,1,"Porites compressa","Susceptible",240,20,"Decreasing at 10% light but increasing at all other light levels",NA,NA,NA,0.24,-0.278382285775111
"16","233",3,2,205,290,-11.3476689895471,-11.541668989547,223.939,238.394,-11.606668989547,-10.4776689895471,-0.0645811766570774,2026-01-21,"CAREER - Phys",3,1,"Porites compressa","Susceptible",240,20,"Decreasing at 10% light but increasing at all other light levels",NA,NA,NA,0.24,-0.0464984471930958
"17","233",3,3,344,200,-10.68356,-10.15356,240.444,250.394,-10.93856,-10.05156,0.0708579510336578,2026-01-21,"CAREER - Phys",3,1,"Porites compressa","Susceptible",240,20,"Decreasing at 10% light but increasing at all other light levels",NA,NA,NA,0.24,0.0510177247442336
"18","233",3,4,666,220,-9.24256363636363,-7.16956363636362,251.444,262.394,-9.39656363636362,-6.94556363636363,0.189929360924125,2026-01-21,"CAREER - Phys",3,1,"Porites compressa","Susceptible",240,20,"Decreasing at 10% light but increasing at all other light levels",NA,NA,NA,0.24,0.13674913986537
"19","233",3,5,923,200,-6.06804,-3.73504,263.444,273.394,-6.07903999999999,-3.72504000000001,0.235853952499113,2026-01-21,"CAREER - Phys",3,1,"Porites compressa","Susceptible",240,20,"Decreasing at 10% light but increasing at all other light levels",NA,NA,NA,0.24,0.169814845799362
"20","233",3,6,1145,200,-2.71029999999999,-0.743300000000005,274.444,284.394,-2.71029999999999,-0.421300000000002,0.19496899141681,2026-01-21,"CAREER - Phys",3,1,"Porites compressa","Susceptible",240,20,"Decreasing at 10% light but increasing at all other light levels",NA,NA,NA,0.24,0.140377673820103
"21","233",3,7,1495,300,1.03744666666668,4.97044666666667,285.444,300.394,0.931446666666687,5.02144666666669,0.271253487241376,2026-01-21,"CAREER - Phys",3,1,"Porites compressa","Susceptible",240,20,"Decreasing at 10% light but increasing at all other light levels",NA,NA,NA,0.24,0.195302510813791
"22","238",4,1,0,301,11.41676,3.95676,406.411,421.411,3.88676000000001,11.47876,-0.514666793351948,2026-01-21,"CAREER - Phys",4,1,"Porites compressa","Resistant",240,20,NA,NA,NA,NA,0.24,-0.370560091213402
"23","238",4,2,205,319,-9.00774276527332,-11.0017427652733,329.512,345.411,-11.0247427652733,-9.00774276527332,-0.106957900424144,2026-01-21,"CAREER - Phys",4,1,"Porites compressa","Resistant",240,20,NA,NA,NA,NA,0.24,-0.0770096883053838
"24","238",4,3,344,201,-9.6541,-9.5061,346.41,356.411,-10.0931,-9.33510000000001,0.0504588427267866,2026-01-21,"CAREER - Phys",4,1,"Porites compressa","Resistant",240,20,NA,NA,NA,NA,0.24,0.0363303667632864
"25","238",4,4,666,201,-8.52535500000002,-6.67535500000002,357.411,367.41,-8.55235500000001,-6.503355,0.1880413006605,2026-01-21,"CAREER - Phys",4,1,"Porites compressa","Resistant",240,20,NA,NA,NA,NA,0.24,0.13538973647556
"26","238",4,5,923,201,-5.36257499999999,-2.39257499999999,368.411,378.411,-5.394575,-2.31357499999999,0.282041398838481,2026-01-21,"CAREER - Phys",4,1,"Porites compressa","Resistant",240,20,NA,NA,NA,NA,0.24,0.203069807163707
"27","238",4,6,1145,201,-0.947030000000012,2.52097000000001,379.411,389.411,-1.08602999999999,2.52097000000001,0.345417869951775,2026-01-21,"CAREER - Phys",4,1,"Porites compressa","Resistant",240,20,NA,NA,NA,NA,0.24,0.248700866365278
"28","238",4,7,1495,301,4.33723333333333,9.59323333333333,390.411,405.411,4.03623333333334,9.70923333333334,0.388215143146683,2026-01-21,"CAREER - Phys",4,1,"Porites compressa","Resistant",240,20,NA,NA,NA,NA,0.24,0.279514903065612
"29","27",1,1,0,301,67.3843322259137,57.0573322259137,80.1,95.1,57.0573322259137,67.7073322259136,-0.707431202417369,2026-01-21,"CAREER - Phys",1,10,"Porites compressa","Resistant",240,20,NA,NA,NA,NA,0.24,-0.509350465740506
"30","27",1,2,205,301,-7.37535548172758,-4.72635548172758,0.1,15.099,-7.99735548172757,-4.72635548172758,0.220665528344089,2026-01-21,"CAREER - Phys",1,10,"Porites compressa","Resistant",240,20,NA,NA,NA,NA,0.24,0.158879180407744
"31","27",1,3,344,201,-4.5255472636816,1.23845273631841,16.099,26.1,-4.5255472636816,1.23845273631841,0.59169371846936,2026-01-21,"CAREER - Phys",1,10,"Porites compressa","Resistant",240,20,NA,NA,NA,NA,0.24,0.426019477297939
"32","27",1,4,666,201,2.06160696517415,11.7906069651741,27.099,37.1,1.92160696517413,11.8436069651741,1.02210032112869,2026-01-21,"CAREER - Phys",1,10,"Porites compressa","Resistant",240,20,NA,NA,NA,NA,0.24,0.735912231212659
"33","27",1,5,923,201,13.3426218905473,25.4526218905472,38.1,48.1,13.0716218905472,25.4526218905472,1.24364789100677,2026-01-21,"CAREER - Phys",1,10,"Porites compressa","Resistant",240,20,NA,NA,NA,NA,0.24,0.895426481524873
"34","27",1,6,1145,201,26.9473930348259,41.1073930348259,49.1,59.1,26.9473930348259,41.1073930348259,1.40145160005757,2026-01-21,"CAREER - Phys",1,10,"Porites compressa","Resistant",240,20,NA,NA,NA,NA,0.24,1.00904515204145
"35","27",1,7,1495,301,43.0992126245847,66.9022126245847,60.1,75.1,43.0692126245847,66.9022126245847,1.59555467940917,2026-01-21,"CAREER - Phys",1,10,"Porites compressa","Resistant",240,20,NA,NA,NA,NA,0.24,1.14879936917461
"36","205",2,1,0,300,93.9936966666667,88.4216966666667,192.116,207.066,88.2396966666666,94.4926966666666,-0.465861151536407,2026-01-21,"CAREER - Phys",2,10,"Montipora capitata","Susceptible",240,20,NA,NA,NA,NA,0.24,-0.335420029106213
"37","205",2,2,205,292,64.3172046979866,67.0242046979866,115.516,130.067,63.9932046979866,67.1862046979866,0.178645694966169,2026-01-21,"CAREER - Phys",2,10,"Montipora capitata","Susceptible",240,20,NA,NA,NA,NA,0.24,0.128624900375642
"38","205",2,3,344,200,67.65622,70.45722,131.117,141.066,67.65622,70.45722,0.266597016298105,2026-01-21,"CAREER - Phys",2,10,"Montipora capitata","Susceptible",240,20,NA,NA,NA,NA,0.24,0.191949851734635
"39","205",2,4,666,200,71.19565,74.97665,142.117,152.066,71.12765,75.10565,0.379250456769843,2026-01-21,"CAREER - Phys",2,10,"Montipora capitata","Susceptible",240,20,NA,NA,NA,NA,0.24,0.273060328874287
"40","205",2,5,923,220,76.0595636363636,80.7015636363636,153.116,164.066,75.7405636363636,80.7455636363636,0.424145505825149,2026-01-21,"CAREER - Phys",2,10,"Montipora capitata","Susceptible",240,20,NA,NA,NA,NA,0.24,0.305384764194107
"41","205",2,6,1145,200,81.68414,85.79814,165.116,175.067,81.50014,85.86514,0.421816026941938,2026-01-21,"CAREER - Phys",2,10,"Montipora capitata","Susceptible",240,20,NA,NA,NA,NA,0.24,0.303707539398195
"42","205",2,7,1495,300,87.0195366666667,93.0935366666667,176.117,191.066,86.8815366666667,93.4185366666667,0.402620188947047,2026-01-21,"CAREER - Phys",2,10,"Montipora capitata","Susceptible",240,20,NA,NA,NA,NA,0.24,0.289886536041874
"43","41",3,1,0,300,28.1487166666667,22.4777166666667,301.133,316.083,22.4057166666666,28.7107166666667,-0.489987202598797,2026-01-21,"CAREER - Phys",3,10,"Porites compressa","Susceptible",240,20,NA,NA,NA,NA,0.24,-0.352790785871134
"44","41",3,2,205,284,-5.67166898954704,-5.14766898954704,223.929,238.083,-5.94666898954705,-4.93766898954703,0.0414836597706361,2026-01-21,"CAREER - Phys",3,10,"Porites compressa","Susceptible",240,20,NA,NA,NA,NA,0.24,0.029868235034858
"45","41",3,3,344,200,-4.20356000000001,-1.70056,240.133,250.083,-4.23456000000002,-1.70056,0.234802210790301,2026-01-21,"CAREER - Phys",3,10,"Porites compressa","Susceptible",240,20,NA,NA,NA,NA,0.24,0.169057591769017
"46","41",3,4,666,220,-0.644563636363614,3.82343636363638,251.133,262.083,-0.68956363636363,3.82343636363638,0.407539706173341,2026-01-21,"CAREER - Phys",3,10,"Porites compressa","Susceptible",240,20,NA,NA,NA,NA,0.24,0.293428588444806
"47","41",3,5,923,200,5.27395999999999,10.07096,263.133,273.083,5.27395999999999,10.11196,0.486993463648425,2026-01-21,"CAREER - Phys",3,10,"Porites compressa","Susceptible",240,20,NA,NA,NA,NA,0.24,0.350635293826866
"48","41",3,6,1145,200,11.6987,16.0387,274.133,284.083,11.5257,16.1977,0.409766008239938,2026-01-21,"CAREER - Phys",3,10,"Porites compressa","Susceptible",240,20,NA,NA,NA,NA,0.24,0.295031525932756
"49","41",3,7,1495,300,17.9504466666667,26.1024466666667,285.133,300.083,17.9504466666667,26.3044466666666,0.551182985460257,2026-01-21,"CAREER - Phys",3,10,"Porites compressa","Susceptible",240,20,NA,NA,NA,NA,0.24,0.396851749531385
"50","20",1,1,0,300,73.7113322259137,64.9363322259136,80.395,95.345,64.9363322259136,73.8633322259136,-0.572391936396622,2026-01-21,"CAREER - Phys",1,2,"Montipora capitata","Resistant",240,20,NA,NA,NA,NA,0.24,-0.412122194205568
"51","20",1,2,205,300,-10.0123554817276,-0.629355481727572,0.395,15.344,-10.3483554817276,-0.437355481727565,0.702188919801109,2026-01-21,"CAREER - Phys",1,2,"Montipora capitata","Resistant",240,20,NA,NA,NA,NA,0.24,0.505576022256799
"52","20",1,3,344,200,0.721452736318383,10.1294527363184,16.394,26.345,0.189452736318401,10.1294527363184,0.972841564310418,2026-01-21,"CAREER - Phys",1,2,"Montipora capitata","Resistant",240,20,NA,NA,NA,NA,0.24,0.700445926303501
"53","20",1,4,666,200,11.2056069651741,23.0846069651741,27.394,37.344,11.2056069651741,23.1006069651741,1.20082147766742,2026-01-21,"CAREER - Phys",1,2,"Montipora capitata","Resistant",240,20,NA,NA,NA,NA,0.24,0.864591463920543
"54","20",1,5,923,200,24.4726218905473,37.1986218905473,38.395,48.345,24.4726218905473,37.1986218905473,1.25857194294968,2026-01-21,"CAREER - Phys",1,2,"Montipora capitata","Resistant",240,20,NA,NA,NA,NA,0.24,0.906171798923768
"55","20",1,6,1145,200,38.4623930348259,51.3033930348259,49.395,59.344,38.4623930348259,51.4773930348258,1.2876373789077,2026-01-21,"CAREER - Phys",1,2,"Montipora capitata","Resistant",240,20,NA,NA,NA,NA,0.24,0.927098912813541
"56","20",1,7,1495,300,53.0612126245847,72.3852126245847,60.395,75.345,53.0612126245847,72.5512126245847,1.26385462435132,2026-01-21,"CAREER - Phys",1,2,"Montipora capitata","Resistant",240,20,NA,NA,NA,NA,0.24,0.909975329532953
"57","242",2,1,0,301,131.174696666667,125.032696666667,192.378,207.378,124.854696666667,132.818696666667,-0.568643630287115,2026-01-21,"CAREER - Phys",2,2,"Porites compressa","Resistant",240,20,NA,NA,NA,NA,0.24,-0.409423413806722
"58","242",2,2,205,299,57.1502046979866,61.7572046979866,115.477,130.378,56.8042046979866,61.8702046979866,0.297299436752203,2026-01-21,"CAREER - Phys",2,2,"Porites compressa","Resistant",240,20,NA,NA,NA,NA,0.24,0.214055594461586
"59","242",2,3,344,201,62.37422,68.38122,131.378,141.378,62.37422,68.38122,0.584104338861336,2026-01-21,"CAREER - Phys",2,2,"Porites compressa","Resistant",240,20,NA,NA,NA,NA,0.24,0.420555123980162
"60","242",2,4,666,201,69.34065,77.97065,142.378,152.378,69.05265,78.23065,0.932871301674518,2026-01-21,"CAREER - Phys",2,2,"Porites compressa","Resistant",240,20,NA,NA,NA,NA,0.24,0.671667337205653
"61","242",2,5,923,221,79.8045636363636,91.7605636363636,153.378,164.378,79.4845636363636,92.0805636363636,1.11113288784789,2026-01-21,"CAREER - Phys",2,2,"Porites compressa","Resistant",240,20,NA,NA,NA,NA,0.24,0.800015679250482
"62","242",2,6,1145,201,93.83514,106.05714,165.378,175.378,93.57114,106.31114,1.27727120471814,2026-01-21,"CAREER - Phys",2,2,"Porites compressa","Resistant",240,20,NA,NA,NA,NA,0.24,0.919635267397063
"63","242",2,7,1495,301,108.650536666667,129.191536666667,176.378,191.378,108.327536666667,129.439536666667,1.40067266173401,2026-01-21,"CAREER - Phys",2,2,"Porites compressa","Resistant",240,20,NA,NA,NA,NA,0.24,1.00848431644849
"64","236",3,1,0,300,27.3307166666666,22.8217166666666,301.395,316.344,22.7337166666667,28.6947166666667,-0.428594777675351,2026-01-21,"CAREER - Phys",3,2,"Porites compressa","Resistant",240,20,NA,NA,NA,NA,0.24,-0.308588239926253
"65","236",3,2,205,289,-15.860668989547,-15.3526689895471,223.937,238.344,-16.051668989547,-14.885668989547,0.0340728940136778,2026-01-21,"CAREER - Phys",3,2,"Porites compressa","Resistant",240,20,NA,NA,NA,NA,0.24,0.024532483689848
"66","236",3,3,344,200,-14.02156,-11.59956,240.395,250.345,-14.34556,-11.58656,0.277371335556451,2026-01-21,"CAREER - Phys",3,2,"Porites compressa","Resistant",240,20,NA,NA,NA,NA,0.24,0.199707361600645
"67","236",3,4,666,220,-10.3245636363636,-5.07356363636362,251.395,262.345,-10.4915636363636,-4.75556363636363,0.515444614154366,2026-01-21,"CAREER - Phys",3,2,"Porites compressa","Resistant",240,20,NA,NA,NA,NA,0.24,0.371120122191144
"68","236",3,5,923,200,-3.34703999999999,2.96495999999999,263.395,273.344,-3.34703999999999,3.29295999999999,0.650387453745493,2026-01-21,"CAREER - Phys",3,2,"Porites compressa","Resistant",240,20,NA,NA,NA,NA,0.24,0.468278966696755
"69","236",3,6,1145,200,4.56270000000001,11.1937,274.394,284.345,4.56270000000001,11.5517,0.649968730533382,2026-01-21,"CAREER - Phys",3,2,"Porites compressa","Resistant",240,20,NA,NA,NA,NA,0.24,0.467977485984035
"70","236",3,7,1495,300,13.7724466666667,25.2984466666667,285.394,300.345,13.7294466666667,25.3214466666667,0.777749619002488,2026-01-21,"CAREER - Phys",3,2,"Porites compressa","Resistant",240,20,NA,NA,NA,NA,0.24,0.559979725681791
"71","204",4,1,0,301,41.79276,35.70276,406.378,421.378,35.70276,42.20176,-0.481052613760654,2026-01-21,"CAREER - Phys",4,2,"Montipora capitata","Resistant",240,20,NA,NA,NA,NA,0.24,-0.346357881907671
"72","204",4,2,205,318,-6.70574276527333,-4.45074276527333,329.524,345.378,-7.23974276527332,-4.29374276527332,0.197955511672882,2026-01-21,"CAREER - Phys",4,2,"Montipora capitata","Resistant",240,20,NA,NA,NA,NA,0.24,0.142527968404475
"73","204",4,3,344,201,-3.00409999999999,1.02889999999999,346.378,356.378,-3.08609999999999,1.02889999999999,0.375230156761708,2026-01-21,"CAREER - Phys",4,2,"Montipora capitata","Resistant",240,20,NA,NA,NA,NA,0.24,0.27016571286843
"74","204",4,4,666,201,1.98064499999998,7.83264499999999,357.378,367.378,1.98064499999998,7.84464499999999,0.57953085223701,2026-01-21,"CAREER - Phys",4,2,"Montipora capitata","Resistant",240,20,NA,NA,NA,NA,0.24,0.417262213610647
"75","204",4,5,923,201,9.41942499999999,16.230425,368.378,378.378,9.41942499999999,16.568425,0.680340520636781,2026-01-21,"CAREER - Phys",4,2,"Montipora capitata","Resistant",240,20,NA,NA,NA,NA,0.24,0.489845174858482
"76","204",4,6,1145,201,18.21497,25.73597,379.378,389.378,17.96497,25.93297,0.759342074994247,2026-01-21,"CAREER - Phys",4,2,"Montipora capitata","Resistant",240,20,NA,NA,NA,NA,0.24,0.546726293995858
"77","204",4,7,1495,301,27.6962333333333,39.6842333333334,390.378,405.378,27.6962333333333,39.6842333333334,0.772562792638968,2026-01-21,"CAREER - Phys",4,2,"Montipora capitata","Resistant",240,20,NA,NA,NA,NA,0.24,0.556245210700057
"78","1",5,1,0,300,96.1404033333333,86.5804033333333,506.411,521.362,86.3064033333333,96.7784033333333,-0.772157389412759,2026-01-21,"CAREER - Phys",5,2,"Montipora capitata","Susceptible",240,20,NA,NA,NA,NA,0.24,-0.555953320377187
"79","1",5,2,205,260,4.52228846153847,12.0542884615385,432.412,445.361,4.29228846153848,12.2892884615385,0.6095312544645,2026-01-21,"CAREER - Phys",5,2,"Montipora capitata","Susceptible",240,20,NA,NA,NA,NA,0.24,0.43886250321444
"80","1",5,3,344,200,13.596895,22.852895,446.411,456.361,13.239895,22.852895,0.931282237772515,2026-01-21,"CAREER - Phys",5,2,"Montipora capitata","Susceptible",240,20,NA,NA,NA,NA,0.24,0.670523211196211
"81","1",5,4,666,200,24.241575,37.067575,457.411,467.361,24.241575,37.259575,1.31230290212694,2026-01-21,"CAREER - Phys",5,2,"Montipora capitata","Susceptible",240,20,NA,NA,NA,NA,0.24,0.944858089531396
"82","1",5,5,923,200,39.236335,53.150335,468.411,478.361,39.022335,53.409335,1.42238406392682,2026-01-21,"CAREER - Phys",5,2,"Montipora capitata","Susceptible",240,20,NA,NA,NA,NA,0.24,1.02411652602731
"83","1",5,6,1145,200,55.252585,69.615585,479.412,489.361,55.252585,69.715585,1.44280499923629,2026-01-21,"CAREER - Phys",5,2,"Montipora capitata","Susceptible",240,20,NA,NA,NA,NA,0.24,1.03881959945013
"84","1",5,7,1495,300,72.37003,94.05603,490.412,505.361,71.80203,94.05603,1.46740834680659,2026-01-21,"CAREER - Phys",5,2,"Montipora capitata","Susceptible",240,20,NA,NA,NA,NA,0.24,1.05653400970074
"85","42",1,1,0,301,-22.0246677740864,-29.3336677740864,80.346,95.346,-29.4926677740864,-21.8066677740864,-0.505166909010859,2026-01-21,"CAREER - Phys",1,3,"Porites compressa","Resistant",240,20,NA,NA,NA,NA,0.24,-0.363720174487819
"86","42",1,2,205,301,-62.7393554817276,-61.7003554817276,0.346,15.346,-62.9823554817276,-61.4753554817276,0.0981199693607832,2026-01-21,"CAREER - Phys",1,3,"Porites compressa","Resistant",240,20,NA,NA,NA,NA,0.24,0.0706463779397639
"87","42",1,3,344,201,-61.1515472636816,-58.1435472636816,16.346,26.346,-61.3105472636816,-58.1435472636816,0.30234557707486,2026-01-21,"CAREER - Phys",1,3,"Porites compressa","Resistant",240,20,NA,NA,NA,NA,0.24,0.217688815493899
"88","42",1,4,666,201,-57.5803930348258,-52.3093930348259,27.346,37.346,-57.7083930348259,-52.3093930348259,0.542930640913079,2026-01-21,"CAREER - Phys",1,3,"Porites compressa","Resistant",240,20,NA,NA,NA,NA,0.24,0.390910061457417
"89","42",1,5,923,201,-51.6093781094527,-44.8533781094527,38.346,48.346,-51.7733781094528,-44.8533781094527,0.683815908179907,2026-01-21,"CAREER - Phys",1,3,"Porites compressa","Resistant",240,20,NA,NA,NA,NA,0.24,0.492347453889533
"90","42",1,6,1145,201,-43.9636069651741,-36.1536069651741,49.346,59.346,-43.9906069651742,-36.1536069651741,0.791799943606092,2026-01-21,"CAREER - Phys",1,3,"Porites compressa","Resistant",240,20,NA,NA,NA,NA,0.24,0.570095959396386
"91","42",1,7,1495,301,-34.8987873754153,-22.2827873754153,60.346,75.346,-34.9467873754153,-22.2827873754153,0.82386054418698,2026-01-21,"CAREER - Phys",1,3,"Porites compressa","Resistant",240,20,NA,NA,NA,NA,0.24,0.593179591814626
"92","26",3,1,0,300,10.6687166666667,-0.822283333333331,301.379,316.329,-1.20728333333335,12.5137166666667,-1.09484429676034,2026-01-21,"CAREER - Phys",3,3,"Porites compressa","Susceptible",240,20,"Decreasing at 10% light but increasing at all other light levels",NA,NA,NA,0.24,-0.788287893667448
"93","26",3,2,205,289,-72.933668989547,-74.0896689895471,223.934,238.329,-75.047668989547,-72.933668989547,0.0554797301532231,2026-01-21,"CAREER - Phys",3,3,"Porites compressa","Susceptible",240,20,"Decreasing at 10% light but increasing at all other light levels",NA,NA,NA,0.24,0.0399454057103206
"94","26",3,3,344,200,-73.08056,-67.85956,240.379,250.329,-73.36156,-67.85956,0.536253250109349,2026-01-21,"CAREER - Phys",3,3,"Porites compressa","Susceptible",240,20,"Decreasing at 10% light but increasing at all other light levels",NA,NA,NA,0.24,0.386102340078731
"95","26",3,4,666,220,-66.6095636363636,-54.8895636363636,251.379,262.329,-66.6095636363636,-54.8895636363636,1.06902500277996,2026-01-21,"CAREER - Phys",3,3,"Porites compressa","Susceptible",240,20,"Decreasing at 10% light but increasing at all other light levels",NA,NA,NA,0.24,0.76969800200157
"96","26",3,5,923,200,-53.16404,-38.99804,263.379,273.329,-53.16404,-38.82104,1.44618644981276,2026-01-21,"CAREER - Phys",3,3,"Porites compressa","Susceptible",240,20,"Decreasing at 10% light but increasing at all other light levels",NA,NA,NA,0.24,1.04125424386519
"97","26",3,6,1145,200,-36.5433,-21.9193,274.379,284.33,-36.5433,-21.9193,1.38923067235081,2026-01-21,"CAREER - Phys",3,3,"Porites compressa","Susceptible",240,20,"Decreasing at 10% light but increasing at all other light levels",NA,NA,NA,0.24,1.00024608409258
"98","26",3,7,1495,300,-18.6215533333333,7.29044666666667,285.38,300.329,-18.8015533333333,7.32744666666667,1.87108401372334,2026-01-21,"CAREER - Phys",3,3,"Porites compressa","Susceptible",240,20,"Decreasing at 10% light but increasing at all other light levels",NA,NA,NA,0.24,1.34718048988081
"99","221",4,1,0,300,-10.83224,-16.78524,406.379,421.329,-16.90724,-9.99823999999998,-0.525578669325244,2026-01-21,"CAREER - Phys",4,3,"Montipora capitata","Susceptible",240,20,NA,NA,NA,NA,0.24,-0.378416641914176
"100","221",4,2,205,317,-60.7657427652733,-57.3577427652733,329.53,345.329,-61.3317427652733,-57.3567427652733,0.259965564285541,2026-01-21,"CAREER - Phys",4,3,"Montipora capitata","Susceptible",240,20,NA,NA,NA,NA,0.24,0.18717520628559
"101","221",4,3,344,200,-55.9651,-51.7201,346.379,356.329,-55.9701,-51.7031,0.433857119614883,2026-01-21,"CAREER - Phys",4,3,"Montipora capitata","Susceptible",240,20,NA,NA,NA,NA,0.24,0.312377126122716
"102","221",4,4,666,200,-50.240355,-44.284355,357.379,367.329,-50.364355,-44.284355,0.588724539489791,2026-01-21,"CAREER - Phys",4,3,"Montipora capitata","Susceptible",240,20,NA,NA,NA,NA,0.24,0.42388166843265
"103","221",4,5,923,200,-42.780575,-36.388575,368.379,378.329,-42.931575,-36.148575,0.682933673237701,2026-01-21,"CAREER - Phys",4,3,"Montipora capitata","Susceptible",240,20,NA,NA,NA,NA,0.24,0.491712244731145
"104","221",4,6,1145,200,-34.38403,-27.10003,379.38,389.33,-34.48703,-26.70103,0.770632811133234,2026-01-21,"CAREER - Phys",4,3,"Montipora capitata","Susceptible",240,20,NA,NA,NA,NA,0.24,0.554855624015929
"105","221",4,7,1495,300,-24.8447666666667,-12.9827666666667,390.379,405.329,-24.8447666666667,-12.9017666666667,0.818873848499245,2026-01-21,"CAREER - Phys",4,3,"Montipora capitata","Susceptible",240,20,NA,NA,NA,NA,0.24,0.589589170919456
"106","244",5,1,0,301,0.364403333333314,-6.76059666666669,506.346,521.346,-6.98559666666668,1.16140333333331,-0.575692140033794,2026-01-21,"CAREER - Phys",5,3,"Porites compressa","Resistant",240,20,NA,NA,NA,NA,0.24,-0.414498340824331
"107","244",5,2,205,261,-51.7787115384615,-49.8887115384615,432.346,445.346,-52.0127115384615,-49.8747115384615,0.164280684258639,2026-01-21,"CAREER - Phys",5,3,"Porites compressa","Resistant",240,20,NA,NA,NA,NA,0.24,0.11828209266622
"108","244",5,3,344,201,-49.141105,-45.282105,446.346,456.346,-49.259105,-45.157105,0.429142426059673,2026-01-21,"CAREER - Phys",5,3,"Porites compressa","Resistant",240,20,NA,NA,NA,NA,0.24,0.308982546762965
"109","244",5,4,666,201,-44.200425,-37.679425,457.346,467.346,-44.262425,-37.482425,0.697294372294376,2026-01-21,"CAREER - Phys",5,3,"Porites compressa","Resistant",240,20,NA,NA,NA,NA,0.24,0.502051948051951
"110","244",5,5,923,201,-36.317665,-28.005665,468.346,478.346,-36.379665,-28.005665,0.834071249846653,2026-01-21,"CAREER - Phys",5,3,"Porites compressa","Resistant",240,20,NA,NA,NA,NA,0.24,0.60053129988959
"111","244",5,6,1145,201,-26.579415,-17.249415,479.346,489.346,-26.658415,-17.249415,0.910297282409318,2026-01-21,"CAREER - Phys",5,3,"Porites compressa","Resistant",240,20,NA,NA,NA,NA,0.24,0.655414043334709
"112","244",5,7,1495,301,-16.00297,-1.31697,490.346,505.346,-16.03797,-1.30497,0.99393678682317,2026-01-21,"CAREER - Phys",5,3,"Porites compressa","Resistant",240,20,NA,NA,NA,NA,0.24,0.715634486512683
"113","2",1,1,0,300,6.16033222591363,3.23433222591362,80.351,95.301,3.05933222591364,6.35933222591362,-0.210283579357991,2026-01-21,"CAREER - Phys",1,4,"Montipora capitata","Resistant",240,20,"This nub is quite small",NA,NA,NA,0.24,-0.151404177137754
"114","2",1,2,205,300,-10.5293554817276,-9.56535548172758,0.352,15.301,-10.8543554817276,-9.50935548172757,0.0843710575625079,2026-01-21,"CAREER - Phys",1,4,"Montipora capitata","Resistant",240,20,"This nub is quite small",NA,NA,NA,0.24,0.0607471614450057
"115","2",1,3,344,200,-9.22354726368161,-7.4655472636816,16.351,26.301,-9.2565472636816,-7.42654726368161,0.176291034001492,2026-01-21,"CAREER - Phys",1,4,"Montipora capitata","Resistant",240,20,"This nub is quite small",NA,NA,NA,0.24,0.126929544481074
"116","2",1,4,666,200,-7.06039303482586,-4.61439303482587,27.351,37.301,-7.06039303482586,-4.51239303482586,0.259243737504937,2026-01-21,"CAREER - Phys",1,4,"Montipora capitata","Resistant",240,20,"This nub is quite small",NA,NA,NA,0.24,0.186655491003555
"117","2",1,5,923,200,-4.07237810945276,-1.40737810945274,38.351,48.301,-4.12937810945274,-1.39137810945275,0.261536721308869,2026-01-21,"CAREER - Phys",1,4,"Montipora capitata","Resistant",240,20,"This nub is quite small",NA,NA,NA,0.24,0.188306439342385
"118","2",1,6,1145,200,-0.978606965174151,1.59839303482585,49.351,59.301,-0.986606965174133,1.59839303482585,0.259596167165339,2026-01-21,"CAREER - Phys",1,4,"Montipora capitata","Resistant",240,20,"This nub is quite small",NA,NA,NA,0.24,0.186909240359044
"119","2",1,7,1495,300,2.26521262458473,6.12321262458474,60.351,75.301,2.26521262458473,6.12321262458474,0.246340677828211,2026-01-21,"CAREER - Phys",1,4,"Montipora capitata","Resistant",240,20,"This nub is quite small",NA,NA,NA,0.24,0.177365288036312
"120","211",2,1,0,301,109.667696666667,103.123696666667,192.318,207.318,102.985696666667,110.609696666667,-0.631733108680983,2026-01-21,"CAREER - Phys",2,4,"Montipora capitata","Susceptible",240,20,NA,NA,NA,NA,0.24,-0.454847838250308
"121","211",2,2,205,297,51.8232046979866,56.5422046979866,115.512,130.318,51.6992046979866,56.7202046979866,0.348074800926565,2026-01-21,"CAREER - Phys",2,4,"Montipora capitata","Susceptible",240,20,NA,NA,NA,NA,0.24,0.250613856667127
"122","211",2,3,344,201,57.53722,63.00422,131.318,141.318,57.51522,63.09822,0.598030865686039,2026-01-21,"CAREER - Phys",2,4,"Montipora capitata","Susceptible",240,20,NA,NA,NA,NA,0.24,0.430582223293948
"123","211",2,4,666,201,64.28365,72.41465,142.318,152.318,64.26165,72.42665,0.845921296619029,2026-01-21,"CAREER - Phys",2,4,"Montipora capitata","Susceptible",240,20,NA,NA,NA,NA,0.24,0.609063333565701
"124","211",2,5,923,221,73.9345636363636,83.5595636363636,153.318,164.318,73.8375636363636,83.5595636363636,0.896428641485703,2026-01-21,"CAREER - Phys",2,4,"Montipora capitata","Susceptible",240,20,NA,NA,NA,NA,0.24,0.645428621869706
"125","211",2,6,1145,201,84.87914,93.64914,165.318,175.318,84.87914,93.81814,0.879857037957132,2026-01-21,"CAREER - Phys",2,4,"Montipora capitata","Susceptible",240,20,NA,NA,NA,NA,0.24,0.633497067329135
"126","211",2,7,1495,301,95.7465366666667,108.614536666667,176.318,191.318,95.4935366666667,108.719536666667,0.859100159617657,2026-01-21,"CAREER - Phys",2,4,"Montipora capitata","Susceptible",240,20,NA,NA,NA,NA,0.24,0.618552114924713
"127","210",3,1,0,300,71.4257166666667,63.4897166666667,301.335,316.285,63.4897166666667,72.9147166666666,-0.801334805876114,2026-01-21,"CAREER - Phys",3,4,"Montipora capitata","Resistant",240,20,NA,NA,NA,NA,0.24,-0.576961060230802
"128","210",3,2,205,288,-12.759668989547,-7.97066898954705,223.937,238.285,-13.3116689895471,-7.88666898954705,0.472161496119903,2026-01-21,"CAREER - Phys",3,4,"Montipora capitata","Resistant",240,20,NA,NA,NA,NA,0.24,0.33995627720633
"129","210",3,3,344,200,-6.14856,2.29944,240.335,250.285,-6.14856,2.33544000000001,0.849522823317903,2026-01-21,"CAREER - Phys",3,4,"Montipora capitata","Resistant",240,20,NA,NA,NA,NA,0.24,0.61165643278889
"130","210",3,4,666,220,4.22243636363638,16.6094363636364,251.335,262.284,4.06543636363637,16.6764363636364,1.16168154225049,2026-01-21,"CAREER - Phys",3,4,"Montipora capitata","Resistant",240,20,NA,NA,NA,NA,0.24,0.836410710420351
"131","210",3,5,923,200,18.98896,31.33696,263.335,273.284,18.95296,31.49596,1.25193415425515,2026-01-21,"CAREER - Phys",3,4,"Montipora capitata","Resistant",240,20,NA,NA,NA,NA,0.24,0.901392591063707
"132","210",3,6,1145,200,33.6087,46.9277,274.334,284.285,33.6087,47.0837,1.42303830304032,2026-01-21,"CAREER - Phys",3,4,"Montipora capitata","Resistant",240,20,NA,NA,NA,NA,0.24,1.02458757818903
"133","210",3,7,1495,300,49.8004466666667,68.6474466666667,285.334,300.285,49.5904466666667,68.6474466666667,1.26256437634374,2026-01-21,"CAREER - Phys",3,4,"Montipora capitata","Resistant",240,20,NA,NA,NA,NA,0.24,0.909046350967495
"134","226",4,1,0,300,122.91576,103.42176,406.351,421.301,103.42176,123.12376,-1.56665533690461,2026-01-21,"CAREER - Phys",4,4,"Porites compressa","Resistant",240,20,"Large nub",NA,NA,NA,0.24,-1.12799184257132
"135","226",4,2,205,316,-4.76274276527332,-0.0667427652733181,329.544,345.301,-5.09574276527331,0.148257234726685,0.441295788432759,2026-01-21,"CAREER - Phys",4,4,"Porites compressa","Resistant",240,20,"Large nub",NA,NA,NA,0.24,0.317732967671586
"136","226",4,3,344,200,1.8409,12.4489,346.351,356.302,1.69489999999999,12.4489,1.1027185402837,2026-01-21,"CAREER - Phys",4,4,"Porites compressa","Resistant",240,20,"Large nub",NA,NA,NA,0.24,0.793957349004262
"137","226",4,4,666,200,14.747645,31.589645,357.352,367.301,14.626645,31.670645,1.79251163773536,2026-01-21,"CAREER - Phys",4,4,"Porites compressa","Resistant",240,20,"Large nub",NA,NA,NA,0.24,1.29060837916946
"138","226",4,5,923,200,34.773425,55.972425,368.351,378.302,34.773425,56.123425,2.14684415984213,2026-01-21,"CAREER - Phys",4,4,"Porites compressa","Resistant",240,20,"Large nub",NA,NA,NA,0.24,1.54572779508633
"139","226",4,6,1145,200,59.37797,82.74997,379.351,389.301,59.37797,82.74997,2.37014124968517,2026-01-21,"CAREER - Phys",4,4,"Porites compressa","Resistant",240,20,"Large nub",NA,NA,NA,0.24,1.70650169977332
"140","226",4,7,1495,300,86.5872333333333,119.487233333333,390.351,405.301,86.5872333333333,119.487233333333,2.22522964675353,2026-01-21,"CAREER - Phys",4,4,"Porites compressa","Resistant",240,20,"Large nub",NA,NA,NA,0.24,1.60216534566254
"141","240",5,1,0,301,125.629403333333,110.094403333333,506.318,521.318,110.087403333333,126.484403333333,-1.22480385526555,2026-01-21,"CAREER - Phys",5,4,"Porites compressa","Resistant",240,20,NA,NA,NA,NA,0.24,-0.8818587757912
"142","240",5,2,205,261,6.63228846153848,12.8932884615385,432.318,445.318,6.41028846153847,12.9362884615385,0.570334513774591,2026-01-21,"CAREER - Phys",5,4,"Porites compressa","Resistant",240,20,NA,NA,NA,NA,0.24,0.410640849917706
"143","240",5,3,344,201,13.999895,24.795895,446.318,456.318,13.999895,24.889895,1.12184960365635,2026-01-21,"CAREER - Phys",5,4,"Porites compressa","Resistant",240,20,NA,NA,NA,NA,0.24,0.807731714632576
"144","240",5,4,666,201,26.765575,43.174575,457.318,467.318,26.659575,43.174575,1.69489921071727,2026-01-21,"CAREER - Phys",5,4,"Porites compressa","Resistant",240,20,NA,NA,NA,NA,0.24,1.22032743171643
"145","240",5,5,923,201,45.192335,64.775335,468.318,478.318,45.192335,64.792335,1.94913634039543,2026-01-21,"CAREER - Phys",5,4,"Porites compressa","Resistant",240,20,NA,NA,NA,NA,0.24,1.40337816508471
"146","240",5,6,1145,201,67.189585,87.779585,479.318,489.318,67.189585,87.779585,2.04693675103178,2026-01-21,"CAREER - Phys",5,4,"Porites compressa","Resistant",240,20,NA,NA,NA,NA,0.24,1.47379446074288
"147","240",5,7,1495,301,90.67803,123.16803,490.318,505.318,90.67803,123.16803,2.16208137143431,2026-01-21,"CAREER - Phys",5,4,"Porites compressa","Resistant",240,20,NA,NA,NA,NA,0.24,1.5566985874327
"148","29",1,1,0,300,51.3413322259136,38.0243322259136,80.305,95.255,37.8693322259136,51.3413322259136,-0.901317372844677,2026-01-21,"CAREER - Phys",1,5,"Porites compressa","Resistant",240,20,NA,NA,NA,NA,0.24,-0.648948508448167
"149","29",1,2,205,300,-13.3173554817276,-10.6183554817276,0.305,15.255,-13.6063554817276,-10.4683554817276,0.235091869034118,2026-01-21,"CAREER - Phys",1,5,"Porites compressa","Resistant",240,20,NA,NA,NA,NA,0.24,0.169266145704565
"150","29",1,3,344,200,-10.0725472636816,-3.48154726368159,16.305,26.255,-10.0895472636816,-3.48154726368159,0.666142764357529,2026-01-21,"CAREER - Phys",1,5,"Porites compressa","Resistant",240,20,NA,NA,NA,NA,0.24,0.479622790337421
"151","29",1,4,666,200,-2.55639303482587,7.45460696517415,27.305,37.255,-2.65439303482586,7.45460696517415,1.04396134758354,2026-01-21,"CAREER - Phys",1,5,"Porites compressa","Resistant",240,20,NA,NA,NA,NA,0.24,0.75165217026015
"152","29",1,5,923,200,8.66262189054726,20.2596218905473,38.305,48.254,8.66262189054726,20.2596218905473,1.15028069116829,2026-01-21,"CAREER - Phys",1,5,"Porites compressa","Resistant",240,20,NA,NA,NA,NA,0.24,0.82820209764117
"153","29",1,6,1145,200,21.4133930348259,33.0503930348258,49.304,59.255,21.4133930348259,33.1233930348259,1.18656967024608,2026-01-21,"CAREER - Phys",1,5,"Porites compressa","Resistant",240,20,NA,NA,NA,NA,0.24,0.854330162577181
"154","29",1,7,1495,300,34.8202126245847,51.6972126245847,60.304,75.255,34.8202126245847,51.9342126245847,1.13692585400833,2026-01-21,"CAREER - Phys",1,5,"Porites compressa","Resistant",240,20,NA,NA,NA,NA,0.24,0.818586614885998
"155","248",2,1,0,300,135.796696666667,125.092696666667,192.321,207.272,124.694696666667,137.021696666667,-1.01430055252796,2026-01-21,"CAREER - Phys",2,5,"Porites compressa","Resistant",240,20,NA,NA,NA,NA,0.24,-0.730296397820129
"156","248",2,2,205,296,51.8972046979866,56.0992046979866,115.519,130.272,51.6512046979866,56.2402046979866,0.310440055734845,2026-01-21,"CAREER - Phys",2,5,"Porites compressa","Resistant",240,20,NA,NA,NA,NA,0.24,0.223516840129089
"157","248",2,3,344,200,57.08722,64.19622,131.321,141.272,57.05622,64.19622,0.767211535355878,2026-01-21,"CAREER - Phys",2,5,"Porites compressa","Resistant",240,20,NA,NA,NA,NA,0.24,0.552392305456232
"158","248",2,4,666,200,65.35965,76.51265,142.321,152.272,65.35965,76.65365,1.15261554477787,2026-01-21,"CAREER - Phys",2,5,"Porites compressa","Resistant",240,20,NA,NA,NA,NA,0.24,0.829883192240066
"159","248",2,5,923,220,78.4995636363636,93.0825636363636,153.321,164.271,78.3955636363636,93.0825636363636,1.33205081024229,2026-01-21,"CAREER - Phys",2,5,"Porites compressa","Resistant",240,20,NA,NA,NA,NA,0.24,0.959076583374451
"160","248",2,6,1145,200,94.76114,108.94614,165.321,175.272,94.76114,108.94614,1.41186214067145,2026-01-21,"CAREER - Phys",2,5,"Porites compressa","Resistant",240,20,NA,NA,NA,NA,0.24,1.01654074128344
"161","248",2,7,1495,300,111.551536666667,133.797536666667,176.321,191.272,111.096536666667,133.797536666667,1.52505007976346,2026-01-21,"CAREER - Phys",2,5,"Porites compressa","Resistant",240,20,NA,NA,NA,NA,0.24,1.09803605742969
"162","203",3,1,0,301,26.9757166666667,22.8457166666666,301.288,316.288,22.8457166666666,27.6767166666666,-0.375551956682011,2026-01-21,"CAREER - Phys",3,5,"Montipora capitata","Susceptible",240,20,NA,NA,NA,NA,0.24,-0.270397408811048
"163","203",3,2,205,288,-13.9126689895471,-11.0016689895471,223.94,238.288,-14.070668989547,-10.818668989547,0.23840402746261,2026-01-21,"CAREER - Phys",3,5,"Montipora capitata","Susceptible",240,20,NA,NA,NA,NA,0.24,0.171650899773079
"164","203",3,3,344,201,-9.65255999999999,-5.72856000000002,240.288,250.288,-9.69256000000001,-5.72856000000002,0.385938882927479,2026-01-21,"CAREER - Phys",3,5,"Montipora capitata","Susceptible",240,20,NA,NA,NA,NA,0.24,0.277875995707785
"165","203",3,4,666,221,-4.60356363636362,0.875436363636368,251.288,262.288,-4.64756363636363,0.987436363636363,0.499058299533757,2026-01-21,"CAREER - Phys",3,5,"Montipora capitata","Susceptible",240,20,NA,NA,NA,NA,0.24,0.359321975664305
"166","203",3,5,923,201,2.45696000000001,7.91195999999999,263.288,273.288,2.29496,7.97196,0.564522544283415,2026-01-21,"CAREER - Phys",3,5,"Montipora capitata","Susceptible",240,20,NA,NA,NA,NA,0.24,0.406456231884058
"167","203",3,6,1145,201,9.3527,15.0047,274.288,284.288,9.3527,15.0937,0.535539417104638,2026-01-21,"CAREER - Phys",3,5,"Montipora capitata","Susceptible",240,20,NA,NA,NA,NA,0.24,0.385588380315339
"168","203",3,7,1495,301,16.8004466666667,25.0724466666667,285.288,300.288,16.7454466666667,25.0724466666667,0.544761321096308,2026-01-21,"CAREER - Phys",3,5,"Montipora capitata","Susceptible",240,20,NA,NA,NA,NA,0.24,0.392228151189342
"169","241",4,1,0,300,47.83976,39.75776,406.305,421.255,39.63976,48.27876,-0.654248157695759,2026-01-21,"CAREER - Phys",4,5,"Porites compressa","Susceptible",240,20,NA,NA,NA,NA,0.24,-0.471058673540946
"170","241",4,2,205,315,-7.45474276527332,-5.87574276527332,329.554,345.255,-7.82174276527331,-5.80174276527333,0.120539904700664,2026-01-21,"CAREER - Phys",4,5,"Porites compressa","Susceptible",240,20,NA,NA,NA,NA,0.24,0.0867887313844781
"171","241",4,3,344,200,-4.4871,-0.6541,346.305,356.255,-4.59809999999999,-0.6541,0.368521174369167,2026-01-21,"CAREER - Phys",4,5,"Porites compressa","Susceptible",240,20,NA,NA,NA,NA,0.24,0.265335245545801
"172","241",4,4,666,200,0.72064499999999,7.002645,357.305,367.255,0.597645,7.08864499999999,0.657195712503953,2026-01-21,"CAREER - Phys",4,5,"Porites compressa","Susceptible",240,20,NA,NA,NA,NA,0.24,0.473180913002846
"173","241",4,5,923,200,8.77042500000002,16.437425,368.305,378.255,8.65542500000001,16.525425,0.789086140344744,2026-01-21,"CAREER - Phys",4,5,"Porites compressa","Susceptible",240,20,NA,NA,NA,NA,0.24,0.568142021048216
"174","241",4,6,1145,200,18.69697,27.52097,379.305,389.255,18.55597,27.62397,0.910740260503937,2026-01-21,"CAREER - Phys",4,5,"Porites compressa","Susceptible",240,20,NA,NA,NA,NA,0.24,0.655732987562835
"175","241",4,7,1495,300,29.8782333333333,45.4622333333333,390.304,405.255,29.6562333333333,45.4622333333333,1.0117278150247,2026-01-21,"CAREER - Phys",4,5,"Porites compressa","Susceptible",240,20,NA,NA,NA,NA,0.24,0.728444026817783
"176","243",5,1,0,301,49.6024033333333,42.6204033333333,506.288,521.288,42.4054033333333,49.9844033333333,-0.573407128260081,2026-01-21,"CAREER - Phys",5,5,"Porites compressa","Susceptible",240,20,NA,NA,NA,NA,0.24,-0.412853132347259
"177","243",5,2,205,261,4.48228846153847,7.16728846153848,432.288,445.288,4.25428846153847,7.38628846153847,0.227065432029901,2026-01-21,"CAREER - Phys",5,5,"Porites compressa","Susceptible",240,20,NA,NA,NA,NA,0.24,0.163487111061528
"178","243",5,3,344,201,7.97689500000001,12.163895,446.288,456.288,7.97689500000001,12.230895,0.441517039624665,2026-01-21,"CAREER - Phys",5,5,"Porites compressa","Susceptible",240,20,NA,NA,NA,NA,0.24,0.317892268529759
"179","243",5,4,666,201,13.183575,19.101575,457.288,467.288,13.143575,19.154575,0.613114354553784,2026-01-21,"CAREER - Phys",5,5,"Porites compressa","Susceptible",240,20,NA,NA,NA,NA,0.24,0.441442335278725
"180","243",5,5,923,201,20.321335,27.193335,468.288,478.288,20.195335,27.193335,0.693028875424855,2026-01-21,"CAREER - Phys",5,5,"Porites compressa","Susceptible",240,20,NA,NA,NA,NA,0.24,0.498980790305896
"181","243",5,6,1145,201,28.464585,35.520585,479.288,489.288,28.280585,35.544585,0.711255779499363,2026-01-21,"CAREER - Phys",5,5,"Porites compressa","Susceptible",240,20,NA,NA,NA,NA,0.24,0.512104161239541
"182","243",5,7,1495,301,36.77903,48.20703,490.288,505.288,36.77903,48.20703,0.754786068657549,2026-01-21,"CAREER - Phys",5,5,"Porites compressa","Susceptible",240,20,NA,NA,NA,NA,0.24,0.543445969433435
"183","237",2,1,0,300,144.239696666667,135.940696666667,192.274,207.224,135.912696666667,147.196696666667,-1.09373224416048,2026-01-21,"CAREER - Phys",2,6,"Porites compressa","Susceptible",240,20,NA,NA,NA,NA,0.24,-0.787487215795543
"184","237",2,2,205,295,59.0642046979866,58.8922046979866,115.523,130.224,57.3972046979866,59.0642046979866,0.145109604741337,2026-01-21,"CAREER - Phys",2,6,"Porites compressa","Susceptible",240,20,NA,NA,NA,NA,0.24,0.104478915413762
"185","237",2,3,344,200,59.73022,64.91722,131.275,141.224,59.63022,64.91722,0.625377403535569,2026-01-21,"CAREER - Phys",2,6,"Porites compressa","Susceptible",240,20,NA,NA,NA,NA,0.24,0.45027173054561
"186","237",2,4,666,200,66.31765,76.84765,142.274,152.224,66.16065,76.84765,1.12096695534935,2026-01-21,"CAREER - Phys",2,6,"Porites compressa","Susceptible",240,20,NA,NA,NA,NA,0.24,0.807096207851532
"187","237",2,5,923,220,78.6605636363636,94.4225636363637,153.274,164.224,78.6605636363636,94.4765636363636,1.48608178004701,2026-01-21,"CAREER - Phys",2,6,"Porites compressa","Susceptible",240,20,NA,NA,NA,NA,0.24,1.06997888163385
"188","237",2,6,1145,200,96.71114,112.93414,165.274,175.224,96.58414,112.93414,1.64430379314684,2026-01-21,"CAREER - Phys",2,6,"Porites compressa","Susceptible",240,20,NA,NA,NA,NA,0.24,1.18389873106573
"189","237",2,7,1495,300,115.717536666667,141.763536666667,176.274,191.224,115.717536666667,141.828536666667,1.75621220557662,2026-01-21,"CAREER - Phys",2,6,"Porites compressa","Susceptible",240,20,NA,NA,NA,NA,0.24,1.26447278801517
"190","202",4,1,0,301,44.18976,41.73876,406.257,421.258,41.63276,45.15376,-0.326621650119672,2026-01-21,"CAREER - Phys",4,6,"Montipora capitata","Resistant",240,20,NA,NA,NA,NA,0.24,-0.235167588086164
"191","202",4,2,205,315,0.668257234726667,4.91025723472669,329.561,345.258,0.437257234726673,5.00025723472669,0.26989615041806,2026-01-21,"CAREER - Phys",4,6,"Montipora capitata","Resistant",240,20,NA,NA,NA,NA,0.24,0.194325228301003
"192","202",4,3,344,201,6.42089999999999,10.5479,346.257,356.258,6.42089999999999,10.6639,0.428642584038877,2026-01-21,"CAREER - Phys",4,6,"Montipora capitata","Resistant",240,20,NA,NA,NA,NA,0.24,0.308622660507992
"193","202",4,4,666,201,12.027645,17.093645,357.257,367.257,11.871645,17.116645,0.502759535161885,2026-01-21,"CAREER - Phys",4,6,"Montipora capitata","Resistant",240,20,NA,NA,NA,NA,0.24,0.361986865316557
"194","202",4,5,923,201,18.607425,24.021425,368.257,378.258,18.542425,24.082425,0.539489788983527,2026-01-21,"CAREER - Phys",4,6,"Montipora capitata","Resistant",240,20,NA,NA,NA,NA,0.24,0.388432648068139
"195","202",4,6,1145,201,25.80097,31.41997,379.258,389.258,25.68297,31.43097,0.551013229542439,2026-01-21,"CAREER - Phys",4,6,"Montipora capitata","Resistant",240,20,NA,NA,NA,NA,0.24,0.396729525270556
"196","202",4,7,1495,301,33.4242333333333,42.2012333333334,390.258,405.257,33.1632333333334,42.2012333333334,0.594271416443935,2026-01-21,"CAREER - Phys",4,6,"Montipora capitata","Resistant",240,20,NA,NA,NA,NA,0.24,0.427875419839633
"197","4",5,1,0,300,52.3934033333333,48.6364033333333,506.291,521.241,48.6104033333333,53.3984033333333,-0.390948487708402,2026-01-21,"CAREER - Phys",5,6,"Montipora capitata","Resistant",240,20,NA,NA,NA,NA,0.24,-0.28148291115005
"198","4",5,2,205,260,10.4222884615385,12.1912884615385,432.29,445.241,9.54828846153848,12.1912884615385,0.250632359907682,2026-01-21,"CAREER - Phys",5,6,"Montipora capitata","Resistant",240,20,NA,NA,NA,NA,0.24,0.180455299133531
"199","4",5,3,344,200,12.982895,16.824895,446.29,456.241,12.963895,17.024895,0.440711898879269,2026-01-21,"CAREER - Phys",5,6,"Montipora capitata","Resistant",240,20,NA,NA,NA,NA,0.24,0.317312567193074
"200","4",5,4,666,200,18.181575,23.593575,457.291,467.24,17.894575,23.692575,0.580154130239624,2026-01-21,"CAREER - Phys",5,6,"Montipora capitata","Resistant",240,20,NA,NA,NA,NA,0.24,0.41771097377253
"201","4",5,5,923,200,24.832335,31.412335,468.29,478.241,24.574335,31.412335,0.642167011797108,2026-01-21,"CAREER - Phys",5,6,"Montipora capitata","Resistant",240,20,NA,NA,NA,NA,0.24,0.462360248493918
"202","4",5,6,1145,200,32.489585,39.283585,479.29,489.241,32.465585,39.283585,0.686899512908995,2026-01-21,"CAREER - Phys",5,6,"Montipora capitata","Resistant",240,20,NA,NA,NA,NA,0.24,0.494567649294476
"203","4",5,7,1495,300,40.81803,51.27103,490.291,505.241,40.71903,51.32303,0.702878796061256,2026-01-21,"CAREER - Phys",5,6,"Montipora capitata","Resistant",240,20,NA,NA,NA,NA,0.24,0.506072733164104
"204","201",1,1,0,300,-30.8946677740864,-35.3486677740864,80.242,95.192,-35.4676677740864,-30.8946677740864,-0.289706742012197,2026-01-21,"CAREER - Phys",1,7,"Montipora capitata","Susceptible",240,20,NA,NA,NA,NA,0.24,-0.208588854248782
"205","201",1,2,205,300,-48.7173554817276,-47.5703554817276,0.242,15.192,-49.2323554817276,-47.5223554817276,0.101922937618019,2026-01-21,"CAREER - Phys",1,7,"Montipora capitata","Susceptible",240,20,NA,NA,NA,NA,0.24,0.0733845150849735
"206","201",1,3,344,200,-47.3145472636816,-46.5745472636816,16.242,26.192,-47.5665472636816,-46.1645472636816,0.0865480052048491,2026-01-21,"CAREER - Phys",1,7,"Montipora capitata","Susceptible",240,20,NA,NA,NA,NA,0.24,0.0623145637474913
"207","201",1,4,666,200,-46.1293930348259,-43.8123930348258,27.242,37.192,-46.2003930348259,-43.7013930348259,0.237137916699867,2026-01-21,"CAREER - Phys",1,7,"Montipora capitata","Susceptible",240,20,NA,NA,NA,NA,0.24,0.170739300023904
"208","201",1,5,923,200,-43.4663781094527,-40.2803781094528,38.242,48.192,-43.5883781094527,-40.2803781094528,0.301489391005249,2026-01-21,"CAREER - Phys",1,7,"Montipora capitata","Susceptible",240,20,NA,NA,NA,NA,0.24,0.217072361523779
"209","201",1,6,1145,200,-39.8396069651741,-36.5956069651741,49.242,59.192,-40.0686069651742,-36.4846069651742,0.325768906315046,2026-01-21,"CAREER - Phys",1,7,"Montipora capitata","Susceptible",240,20,NA,NA,NA,NA,0.24,0.234553612546833
"210","201",1,7,1495,300,-35.8557873754153,-31.3957873754153,60.242,75.192,-36.0117873754153,-31.0587873754153,0.300178832947537,2026-01-21,"CAREER - Phys",1,7,"Montipora capitata","Susceptible",240,20,NA,NA,NA,NA,0.24,0.216128759722226
"211","234",2,1,0,301,53.6356966666667,47.3506966666667,192.226,207.225,47.1236966666667,54.5956966666667,-0.529596235299981,2026-01-21,"CAREER - Phys",2,7,"Porites compressa","Resistant",240,20,NA,NA,NA,NA,0.24,-0.381309289415986
"212","234",2,2,205,295,14.0202046979866,14.9172046979866,115.526,130.225,13.7232046979866,15.3282046979866,0.0817444775716833,2026-01-21,"CAREER - Phys",2,7,"Porites compressa","Resistant",240,20,NA,NA,NA,NA,0.24,0.058856023851612
"213","234",2,3,344,201,15.68022,17.72022,131.226,141.225,15.48422,18.08222,0.23297030740796,2026-01-21,"CAREER - Phys",2,7,"Porites compressa","Resistant",240,20,NA,NA,NA,NA,0.24,0.167738621333731
"214","234",2,4,666,201,18.68365,23.96365,142.225,152.225,18.67165,23.96365,0.524080453320514,2026-01-21,"CAREER - Phys",2,7,"Porites compressa","Resistant",240,20,NA,NA,NA,NA,0.24,0.37733792639077
"215","234",2,5,923,221,24.6155636363636,31.4325636363636,153.225,164.225,24.6155636363636,31.8005636363636,0.639018745993007,2026-01-21,"CAREER - Phys",2,7,"Porites compressa","Resistant",240,20,NA,NA,NA,NA,0.24,0.460093497114965
"216","234",2,6,1145,201,32.74214,40.12614,165.226,175.225,32.74214,40.37414,0.712058397568196,2026-01-21,"CAREER - Phys",2,7,"Porites compressa","Resistant",240,20,NA,NA,NA,NA,0.24,0.512682046249101
"217","234",2,7,1495,301,41.9085366666667,52.6495366666667,176.225,191.225,41.7395366666667,52.8855366666667,0.729063399527012,2026-01-21,"CAREER - Phys",2,7,"Porites compressa","Resistant",240,20,NA,NA,NA,NA,0.24,0.524925647659449
"218","209",3,1,0,300,33.6307166666666,24.8907166666667,301.242,316.192,24.8907166666667,35.4007166666667,-0.860792288521667,2026-01-21,"CAREER - Phys",3,7,"Montipora capitata","Susceptible",240,20,NA,NA,NA,NA,0.24,-0.6197704477356
"219","209",3,2,205,286,-50.419668989547,-45.213668989547,223.942,238.192,-50.9886689895471,-45.213668989547,0.453808711590449,2026-01-21,"CAREER - Phys",3,7,"Montipora capitata","Susceptible",240,20,NA,NA,NA,NA,0.24,0.326742272345123
"220","209",3,3,344,200,-43.37056,-35.34356,240.242,250.193,-43.39256,-35.34356,0.820622852317285,2026-01-21,"CAREER - Phys",3,7,"Montipora capitata","Susceptible",240,20,NA,NA,NA,NA,0.24,0.590848453668445
"221","209",3,4,666,220,-33.9325636363636,-22.3175636363636,251.243,262.193,-33.9325636363636,-21.8565636363636,1.08533518883651,2026-01-21,"CAREER - Phys",3,7,"Montipora capitata","Susceptible",240,20,NA,NA,NA,NA,0.24,0.78144133596229
"222","209",3,5,923,200,-19.78204,-6.67904000000001,263.242,273.192,-19.99204,-6.67904000000001,1.29108756889645,2026-01-21,"CAREER - Phys",3,7,"Montipora capitata","Susceptible",240,20,NA,NA,NA,NA,0.24,0.929583049605445
"223","209",3,6,1145,200,-5.02530000000002,7.9237,274.242,284.192,-5.02530000000002,8.4117,1.31913003116748,2026-01-21,"CAREER - Phys",3,7,"Montipora capitata","Susceptible",240,20,NA,NA,NA,NA,0.24,0.949773622440586
"224","209",3,7,1495,300,10.9384466666667,30.7584466666667,285.242,300.192,10.9384466666667,31.2204466666667,1.30313935384002,2026-01-21,"CAREER - Phys",3,7,"Montipora capitata","Susceptible",240,20,NA,NA,NA,NA,0.24,0.938260334764816
"225","239",4,1,0,300,4.52676,-3.47224,406.242,421.193,-3.79023999999998,4.85276000000002,-0.611563565837998,2026-01-21,"CAREER - Phys",4,7,"Porites compressa","Susceptible",240,20,NA,NA,NA,NA,0.24,-0.440325767403358
"226","239",4,2,205,313,-37.6857427652733,-36.9287427652733,329.586,345.192,-37.9117427652733,-36.6707427652733,0.0453708750722644,2026-01-21,"CAREER - Phys",4,7,"Porites compressa","Susceptible",240,20,NA,NA,NA,NA,0.24,0.0326670300520304
"227","239",4,3,344,200,-35.8841,-33.4741,346.242,356.193,-36.0611,-33.3501,0.247676057531684,2026-01-21,"CAREER - Phys",4,7,"Porites compressa","Susceptible",240,20,NA,NA,NA,NA,0.24,0.178326761422813
"228","239",4,4,666,200,-32.412355,-27.982355,357.242,367.192,-32.505355,-27.934355,0.436568622147676,2026-01-21,"CAREER - Phys",4,7,"Porites compressa","Susceptible",240,20,NA,NA,NA,NA,0.24,0.314329407946327
"229","239",4,5,923,200,-26.587575,-20.282575,368.242,378.192,-26.587575,-20.275575,0.612465289883793,2026-01-21,"CAREER - Phys",4,7,"Porites compressa","Susceptible",240,20,NA,NA,NA,NA,0.24,0.440975008716331
"230","239",4,6,1145,200,-18.32803,-11.79903,379.242,389.192,-18.69803,-11.48203,0.688679934916276,2026-01-21,"CAREER - Phys",4,7,"Porites compressa","Susceptible",240,20,NA,NA,NA,NA,0.24,0.495849553139718
"231","239",4,7,1495,300,-9.50876666666667,2.24723333333333,390.242,405.192,-9.89276666666666,2.34223333333333,0.823490969367566,2026-01-21,"CAREER - Phys",4,7,"Porites compressa","Susceptible",240,20,NA,NA,NA,NA,0.24,0.592913497944647
"232","28",1,1,0,300,81.8973322259136,67.1703322259137,80.195,95.145,67.0733322259136,81.8973322259136,-1.00649193032577,2026-01-21,"CAREER - Phys",1,8,"Porites compressa","Susceptible",240,20,NA,NA,NA,NA,0.24,-0.724674189834552
"233","28",1,2,205,300,-8.49935548172758,-5.69035548172758,0.196,15.145,-9.03135548172756,-5.45335548172756,0.249009217966472,2026-01-21,"CAREER - Phys",1,8,"Porites compressa","Susceptible",240,20,NA,NA,NA,NA,0.24,0.17928663693586
"234","28",1,3,344,200,-5.03954726368161,2.1054527363184,16.195,26.145,-5.03954726368161,2.1054527363184,0.732830115546036,2026-01-21,"CAREER - Phys",1,8,"Porites compressa","Susceptible",240,20,NA,NA,NA,NA,0.24,0.527637683193146
"235","28",1,4,666,200,3.16960696517415,15.6346069651741,27.195,37.145,3.16960696517415,15.6346069651741,1.28275925249261,2026-01-21,"CAREER - Phys",1,8,"Porites compressa","Susceptible",240,20,NA,NA,NA,NA,0.24,0.923586661794681
"236","28",1,5,923,200,17.5236218905472,33.4166218905472,38.195,48.146,17.3196218905472,33.4166218905472,1.62015665352095,2026-01-21,"CAREER - Phys",1,8,"Porites compressa","Susceptible",240,20,NA,NA,NA,NA,0.24,1.16651279053508
"237","28",1,6,1145,200,35.4603930348259,52.7673930348259,49.196,59.145,35.3063930348258,52.7673930348259,1.75143079503588,2026-01-21,"CAREER - Phys",1,8,"Porites compressa","Susceptible",240,20,NA,NA,NA,NA,0.24,1.26103017242583
"238","28",1,7,1495,300,55.1512126245847,82.2402126245847,60.196,75.146,55.1422126245847,82.2402126245847,1.82143195308403,2026-01-21,"CAREER - Phys",1,8,"Porites compressa","Susceptible",240,20,NA,NA,NA,NA,0.24,1.3114310062205
"239","3",2,1,0,300,111.003696666667,105.800696666667,192.212,207.162,105.759696666667,111.890696666667,-0.481648701843904,2026-01-21,"CAREER - Phys",2,8,"Montipora capitata","Susceptible",240,20,NA,NA,NA,NA,0.24,-0.346787065327611
"240","3",2,2,205,294,65.5902046979866,70.3102046979866,115.516,130.162,65.5252046979866,70.3102046979866,0.289373999157184,2026-01-21,"CAREER - Phys",2,8,"Montipora capitata","Susceptible",240,20,NA,NA,NA,NA,0.24,0.208349279393173
"241","3",2,3,344,200,71.07522,75.35622,131.212,141.162,70.95022,75.35622,0.450588616955298,2026-01-21,"CAREER - Phys",2,8,"Montipora capitata","Susceptible",240,20,NA,NA,NA,NA,0.24,0.324423804207815
"242","3",2,4,666,200,76.34365,82.09165,142.212,152.162,76.34365,82.22165,0.584638663468731,2026-01-21,"CAREER - Phys",2,8,"Montipora capitata","Susceptible",240,20,NA,NA,NA,NA,0.24,0.420939837697487
"243","3",2,5,923,220,83.3635636363636,89.9995636363637,153.212,164.162,83.3635636363636,90.2035636363636,0.605950286531477,2026-01-21,"CAREER - Phys",2,8,"Montipora capitata","Susceptible",240,20,NA,NA,NA,NA,0.24,0.436284206302663
"244","3",2,6,1145,200,91.46914,98.05814,165.212,175.162,91.05514,98.12014,0.695295721187029,2026-01-21,"CAREER - Phys",2,8,"Montipora capitata","Susceptible",240,20,NA,NA,NA,NA,0.24,0.500612919254661
"245","3",2,7,1495,300,99.7185366666667,110.248536666667,176.212,191.162,99.6475366666667,110.248536666667,0.68606114523411,2026-01-21,"CAREER - Phys",2,8,"Montipora capitata","Susceptible",240,20,NA,NA,NA,NA,0.24,0.493964024568559
"246","235",3,1,0,301,66.7817166666667,58.5307166666667,301.179,316.179,58.3037166666666,68.4777166666667,-0.788253977077095,2026-01-21,"CAREER - Phys",3,8,"Porites compressa","Susceptible",240,20,NA,NA,NA,NA,0.24,-0.567542863495508
"247","235",3,2,205,286,-6.77266898954704,-5.15466898954705,223.934,238.179,-7.23666898954704,-5.08166898954704,0.169047408261851,2026-01-21,"CAREER - Phys",3,8,"Porites compressa","Susceptible",240,20,NA,NA,NA,NA,0.24,0.121714133948533
"248","235",3,3,344,201,-3.85656,1.18144000000001,240.179,250.179,-3.96056000000002,1.39843999999999,0.533967840730532,2026-01-21,"CAREER - Phys",3,8,"Porites compressa","Susceptible",240,20,NA,NA,NA,NA,0.24,0.384456845325983
"249","235",3,4,666,221,2.73043636363639,12.4914363636364,251.179,262.179,2.69043636363637,12.5014363636364,0.893389268092213,2026-01-21,"CAREER - Phys",3,8,"Porites compressa","Susceptible",240,20,NA,NA,NA,NA,0.24,0.643240273026393
"250","235",3,5,923,201,14.40896,25.91896,263.178,273.178,14.38696,25.91896,1.150981129113,2026-01-21,"CAREER - Phys",3,8,"Porites compressa","Susceptible",240,20,NA,NA,NA,NA,0.24,0.828706412961357
"251","235",3,6,1145,201,27.9077,40.1197,274.179,284.178,27.8197,40.2257,1.26218263857344,2026-01-21,"CAREER - Phys",3,8,"Porites compressa","Susceptible",240,20,NA,NA,NA,NA,0.24,0.908771499772878
"252","235",3,7,1495,301,43.0954466666667,64.3414466666667,285.178,300.178,42.9084466666667,64.3414466666667,1.39500307661933,2026-01-21,"CAREER - Phys",3,8,"Porites compressa","Susceptible",240,20,NA,NA,NA,NA,0.24,1.00440221516592
"253","19",4,1,0,301,82.47376,74.67676,406.179,421.179,74.47076,83.14576,-0.714225398078349,2026-01-21,"CAREER - Phys",4,8,"Montipora capitata","Susceptible",240,20,"Remove 10% light level from this coral",NA,NA,NA,0.24,-0.514242286616411
"254","19",4,2,205,313,-0.726742765273315,6.78325723472668,329.582,345.179,-1.82674276527331,6.78325723472668,0.391840520728664,2026-01-21,"CAREER - Phys",4,8,"Montipora capitata","Susceptible",240,20,"Remove 10% light level from this coral",NA,NA,NA,0.24,0.282125174924638
"255","19",4,3,344,201,8.37690000000001,18.5779,346.178,356.179,8.37690000000001,18.5779,0.930734513179031,2026-01-21,"CAREER - Phys",4,8,"Montipora capitata","Susceptible",240,20,"Remove 10% light level from this coral",NA,NA,NA,0.24,0.670128849488902
"256","19",4,4,666,201,20.436645,31.646645,357.179,367.179,20.436645,31.646645,1.13376728350274,2026-01-21,"CAREER - Phys",4,8,"Montipora capitata","Susceptible",240,20,"Remove 10% light level from this coral",NA,NA,NA,0.24,0.81631244412197
"257","19",4,5,923,201,33.874425,45.902425,368.178,378.178,33.803425,45.931425,1.20678428907661,2026-01-21,"CAREER - Phys",4,8,"Montipora capitata","Susceptible",240,20,"Remove 10% light level from this coral",NA,NA,NA,0.24,0.868884688135156
"258","19",4,6,1145,201,48.26497,59.57097,379.179,389.179,48.02097,59.74297,1.17498054762648,2026-01-21,"CAREER - Phys",4,8,"Montipora capitata","Susceptible",240,20,"Remove 10% light level from this coral",NA,NA,NA,0.24,0.845985994291067
"259","19",4,7,1495,301,62.2132333333334,80.2942333333333,390.179,405.179,62.2132333333334,80.2942333333333,1.21779969717395,2026-01-21,"CAREER - Phys",4,8,"Montipora capitata","Susceptible",240,20,"Remove 10% light level from this coral",NA,NA,NA,0.24,0.876815781965242
"260","225",5,1,0,300,118.011403333333,106.392403333333,506.212,521.162,106.370403333333,118.567403333333,-0.960325024206484,2026-01-21,"CAREER - Phys",5,8,"Porites compressa","Susceptible",240,20,NA,NA,NA,NA,0.24,-0.691434017428669
"261","225",5,2,205,260,5.40228846153846,11.2052884615385,432.212,445.162,5.29328846153845,11.2052884615385,0.480943585687014,2026-01-21,"CAREER - Phys",5,8,"Porites compressa","Susceptible",240,20,NA,NA,NA,NA,0.24,0.34627938169465
"262","225",5,3,344,200,12.202895,21.965895,446.212,456.162,12.202895,21.965895,1.01825552138664,2026-01-21,"CAREER - Phys",5,8,"Porites compressa","Susceptible",240,20,NA,NA,NA,NA,0.24,0.733143975398381
"263","225",5,4,666,200,23.560575,38.540575,457.212,467.162,23.560575,38.540575,1.53461352060092,2026-01-21,"CAREER - Phys",5,8,"Porites compressa","Susceptible",240,20,NA,NA,NA,NA,0.24,1.10492173483266
"264","225",5,5,923,200,40.517335,58.550335,468.212,478.162,40.517335,58.550335,1.82095686848644,2026-01-21,"CAREER - Phys",5,8,"Porites compressa","Susceptible",240,20,NA,NA,NA,NA,0.24,1.31108894531024
"265","225",5,6,1145,200,61.108585,80.685585,479.212,489.162,61.094585,80.685585,1.96668755335897,2026-01-21,"CAREER - Phys",5,8,"Porites compressa","Susceptible",240,20,NA,NA,NA,NA,0.24,1.41601503841846
"266","225",5,7,1495,300,83.33403,114.98803,490.212,505.162,83.27703,114.98803,2.1380943673601,2026-01-21,"CAREER - Phys",5,8,"Porites compressa","Susceptible",240,20,NA,NA,NA,NA,0.24,1.53942794449927
"267","206",1,1,0,300,43.9903322259136,35.2703322259136,80.15,95.101,35.2703322259136,43.9903322259136,-0.579336021581407,2026-01-21,"CAREER - Phys",1,9,"Montipora capitata","Resistant",240,20,NA,NA,NA,NA,0.24,-0.417121935538613
"268","206",1,2,205,300,-10.6493554817276,-6.04435548172756,0.151,15.1,-10.6493554817276,-5.92935548172755,0.329761372532898,2026-01-21,"CAREER - Phys",1,9,"Montipora capitata","Resistant",240,20,NA,NA,NA,NA,0.24,0.237428188223686
"269","206",1,3,344,200,-5.2575472636816,0.339452736318407,16.15,26.1,-5.31454726368159,0.39545273631839,0.605241767282856,2026-01-21,"CAREER - Phys",1,9,"Montipora capitata","Resistant",240,20,NA,NA,NA,NA,0.24,0.435774072443657
"270","206",1,4,666,200,1.31560696517414,9.28960696517413,27.15,37.101,1.26860696517414,9.28960696517413,0.822281191516429,2026-01-21,"CAREER - Phys",1,9,"Montipora capitata","Resistant",240,20,NA,NA,NA,NA,0.24,0.592042457891829
"271","206",1,5,923,200,10.3586218905473,19.1976218905473,38.151,48.1,10.3586218905473,19.1976218905473,0.887530756581119,2026-01-21,"CAREER - Phys",1,9,"Montipora capitata","Resistant",240,20,NA,NA,NA,NA,0.24,0.639022144738405
"272","206",1,6,1145,200,20.5763930348259,29.3433930348259,49.15,59.1,20.3123930348258,29.3433930348259,0.901466824881901,2026-01-21,"CAREER - Phys",1,9,"Montipora capitata","Resistant",240,20,NA,NA,NA,NA,0.24,0.649056113914969
"273","206",1,7,1495,300,30.7512126245847,43.8282126245847,60.151,75.101,30.7512126245847,43.8492126245847,0.875117502016388,2026-01-21,"CAREER - Phys",1,9,"Montipora capitata","Resistant",240,20,NA,NA,NA,NA,0.24,0.630084601451799
"274","43",2,1,0,300,125.341696666667,116.233696666667,192.167,207.117,116.221696666667,126.418696666667,-0.806337274108912,2026-01-21,"CAREER - Phys",2,9,"Porites compressa","Susceptible",240,20,NA,NA,NA,NA,0.24,-0.580562837358416
"275","43",2,2,205,293,54.1962046979866,55.6382046979866,115.511,130.117,53.9532046979866,55.6382046979866,0.12412124457252,2026-01-21,"CAREER - Phys",2,9,"Porites compressa","Susceptible",240,20,NA,NA,NA,NA,0.24,0.089367296092214
"276","43",2,3,344,200,56.33622,60.69522,131.167,141.117,56.11322,60.82922,0.496301824871961,2026-01-21,"CAREER - Phys",2,9,"Porites compressa","Susceptible",240,20,NA,NA,NA,NA,0.24,0.357337313907812
"277","43",2,4,666,200,61.83065,70.80765,142.167,152.117,61.83065,70.80765,0.957579119880654,2026-01-21,"CAREER - Phys",2,9,"Porites compressa","Susceptible",240,20,NA,NA,NA,NA,0.24,0.689456966314071
"278","43",2,5,923,220,72.4405636363636,85.2455636363636,153.167,164.117,72.3065636363636,85.2455636363636,1.18203293986215,2026-01-21,"CAREER - Phys",2,9,"Porites compressa","Susceptible",240,20,NA,NA,NA,NA,0.24,0.851063716700749
"279","43",2,6,1145,200,86.86014,99.97714,165.167,175.117,86.86014,100.08514,1.31684769872517,2026-01-21,"CAREER - Phys",2,9,"Porites compressa","Susceptible",240,20,NA,NA,NA,NA,0.24,0.948130343082119
"280","43",2,7,1495,300,102.584536666667,123.577536666667,176.167,191.117,102.302536666667,123.577536666667,1.42108790300358,2026-01-21,"CAREER - Phys",2,9,"Porites compressa","Susceptible",240,20,NA,NA,NA,NA,0.24,1.02318329016258
"281","214",3,1,0,301,52.8527166666667,45.1157166666667,301.134,316.134,45.0597166666667,53.9337166666666,-0.68943458070533,2026-01-21,"CAREER - Phys",3,9,"Montipora capitata","Resistant",240,20,NA,NA,NA,NA,0.24,-0.496392898107838
"282","214",3,2,205,285,-9.31566898954705,-7.34466898954705,223.926,238.134,-9.77666898954703,-7.10166898954705,0.213600354902962,2026-01-21,"CAREER - Phys",3,9,"Montipora capitata","Resistant",240,20,NA,NA,NA,NA,0.24,0.153792255530133
"283","214",3,3,344,201,-5.70656,-0.452560000000005,240.133,250.134,-5.70656,-0.411560000000009,0.541290455279543,2026-01-21,"CAREER - Phys",3,9,"Montipora capitata","Resistant",240,20,NA,NA,NA,NA,0.24,0.389729127801271
"284","214",3,4,666,221,1.12343636363639,9.71943636363636,251.134,262.134,0.948436363636375,9.71943636363636,0.805785359890736,2026-01-21,"CAREER - Phys",3,9,"Montipora capitata","Resistant",240,20,NA,NA,NA,NA,0.24,0.58016545912133
"285","214",3,5,923,201,11.57296,21.09396,263.134,273.134,11.57296,21.09396,0.940733808512496,2026-01-21,"CAREER - Phys",3,9,"Montipora capitata","Resistant",240,20,NA,NA,NA,NA,0.24,0.677328342128997
"286","214",3,6,1145,201,22.9907,32.9737,274.133,284.134,22.9637,32.9737,0.978711963563194,2026-01-21,"CAREER - Phys",3,9,"Montipora capitata","Resistant",240,20,NA,NA,NA,NA,0.24,0.704672613765499
"287","214",3,7,1495,301,35.1444466666667,50.3584466666667,285.134,300.134,35.1444466666667,50.4674466666667,1.01818496282822,2026-01-21,"CAREER - Phys",3,9,"Montipora capitata","Resistant",240,20,NA,NA,NA,NA,0.24,0.733093173236317
"288","44",4,1,0,301,51.17576,42.25576,406.134,421.134,42.25576,51.37176,-0.682034915513839,2026-01-21,"CAREER - Phys",4,9,"Porites compressa","Resistant",240,20,NA,NA,NA,NA,0.24,-0.491065139169964
"289","44",4,2,205,312,-6.12274276527333,-6.22074276527331,329.577,345.134,-6.69974276527333,-6.04974276527332,0.0288834399813042,2026-01-21,"CAREER - Phys",4,9,"Porites compressa","Resistant",240,20,NA,NA,NA,NA,0.24,0.020796076786539
"290","44",4,3,344,201,-4.8571,-1.9051,346.133,356.134,-5.00409999999999,-1.8561,0.336256736458275,2026-01-21,"CAREER - Phys",4,9,"Porites compressa","Resistant",240,20,NA,NA,NA,NA,0.24,0.242104850249958
"291","44",4,4,666,201,-0.56135500000002,5.71364499999999,357.134,367.134,-0.585355000000021,5.71364499999999,0.649164327178795,2026-01-21,"CAREER - Phys",4,9,"Porites compressa","Resistant",240,20,NA,NA,NA,NA,0.24,0.467398315568733
"292","44",4,5,923,201,7.440425,16.134425,368.133,378.134,7.440425,16.204425,0.875438563079722,2026-01-21,"CAREER - Phys",4,9,"Porites compressa","Resistant",240,20,NA,NA,NA,NA,0.24,0.6303157654174
"293","44",4,6,1145,201,18.22897,28.69997,379.133,389.133,18.19397,28.69997,1.05717430963329,2026-01-21,"CAREER - Phys",4,9,"Porites compressa","Resistant",240,20,NA,NA,NA,NA,0.24,0.76116550293597
"294","44",4,7,1495,301,30.8832333333334,48.5192333333333,390.134,405.134,30.8832333333334,48.5192333333333,1.15801378437242,2026-01-21,"CAREER - Phys",4,9,"Porites compressa","Resistant",240,20,NA,NA,NA,NA,0.24,0.83376992474814
