"","Colony_ID","Run.x","Interval","Temperature","N_points","O2_start","O2_end","DeltaT_min","DeltaT_max","O2_min","O2_max","Slope","Avg_Blank_Slope","Blank_Corrected_Slope","Date","Project","Species","Phenotype","Run.y","Chamber","Measured_Temperature","Chamber_Volume_mL","Surface_Area_cm2","Notes","Chamber_Volume_L","Slope_norm"
"1","1",1,1,18,120,257.684,282.06,0,59.498,257.684,282.06,0.441923752034725,-0.0675444015977468,0.509468153632472,2025-10-07,"CAREER","Montipora capitata","Susceptible",1,8,18,336.359,23.112491,NA,0.336359,0.444861262304435
"2","12",1,1,18,120,262.73,269.695,0,59.495,262.394,269.695,0.146332314646444,-0.0675444015977468,0.213876716244191,2025-10-07,"CAREER","Montipora capitata","Resistant",1,10,18,339.423,6.608517,NA,0.339423,0.659101066013012
"3","2",1,1,18,120,263.082,281.804,0,59.509,263.082,281.804,0.205656053432457,-0.0675444015977468,0.273200455030204,2025-10-07,"CAREER","Montipora capitata","Resistant",1,6,18,334.618,12.413482,NA,0.334618,0.441863724592165
"4","202",1,1,18,121,243.129,250.98,0,60.002,243.129,250.98,0.144880163772628,-0.0675444015977468,0.212424565370375,2025-10-07,"CAREER","Montipora capitata","Resistant",1,1,18,339.474,12.250694,NA,0.339474,0.353184645235002
"5","240",1,1,18,120,257.309,273.547,0,59.509,256.968,273.547,0.312204478588777,-0.0675444015977468,0.379748880186524,2025-10-07,"CAREER","Porites compressa","Resistant",1,2,18,335.219,13.722717,NA,0.335219,0.556591117636163
"6","243",1,1,18,120,251.057,269.368,0,59.497,251.057,269.368,0.337470695779334,-0.0675444015977468,0.405015097377081,2025-10-07,"CAREER","Porites compressa","Susceptible",1,5,18,337.783,8.215619,NA,0.337783,0.999125309759296
"7","27",1,1,18,120,257.732,284.894,0,59.497,257.732,284.894,0.52425773468171,-0.0675444015977468,0.591802136279457,2025-10-07,"CAREER","Porites compressa","Resistant",1,9,18,333.244,9.701497,NA,0.333244,1.2196953383729
"8","3",1,1,18,120,192.701,194.683,0,59.496,192.226,194.98,0.0415268141637649,-0.0675444015977468,0.109071215761512,2025-10-07,"CAREER","Montipora capitata","Susceptible",1,3,18,338.008,9.064197,NA,0.338008,0.244038893884039
"9","44",1,1,18,120,207.85,218.664,0,59.502,207.744,218.704,0.200975059953581,-0.0675444015977468,0.268519461551328,2025-10-07,"CAREER","Porites compressa","Resistant",1,7,18,342.44,13.705399,NA,0.34244,0.402549992511579
"10","1",2,1,22,122,235.198,274.428,94.149,154.648,233.496,274.428,0.610816844919784,-0.0664344953195769,0.677251340239361,2025-10-07,"CAREER","Montipora capitata","Susceptible",2,8,21.8,340.365,23.112491,"Temp probe fell out at beginning of run, put back in at 10:12",0.340365,0.598410580029397
"11","12",2,1,22,121,237.55,252.402,94.205,154.212,237.55,252.402,0.227485038168978,-0.0664344953195769,0.293919533488555,2025-10-07,"CAREER","Montipora capitata","Resistant",2,10,21.8,340.89,6.608517,"Temp probe fell out at beginning of run, put back in at 10:12",0.34089,0.909682730067095
"12","2",2,1,22,122,245.386,266.071,94.134,154.642,245.386,266.071,0.317430284111602,-0.0664344953195769,0.383864779431179,2025-10-07,"CAREER","Montipora capitata","Resistant",2,6,21.8,330.424,12.413482,NA,0.330424,0.613066354204732
"13","202",2,1,22,122,215.606,240.949,94.051,154.551,215.606,240.949,0.311517353098307,-0.0664344953195769,0.377951848417884,2025-10-07,"CAREER","Montipora capitata","Resistant",2,1,21.8,343.731,12.250694,NA,0.343731,0.636276280226382
"14","240",2,1,22,122,237.084,260.017,94.004,154.508,236.994,260.017,0.364238584149943,-0.0664344953195769,0.43067307946952,2025-10-07,"CAREER","Porites compressa","Resistant",2,2,21.8,337.323,13.722717,NA,0.337323,0.635191712483309
"15","243",2,1,22,122,227.688,258.155,94.123,154.63,227.688,258.155,0.45045273276363,-0.0664344953195769,0.516887228083207,2025-10-07,"CAREER","Porites compressa","Susceptible",2,5,21.8,335.526,8.215619,NA,0.335526,1.26658091683545
"16","27",2,1,22,122,237.391,276.715,94.156,154.664,236.901,276.715,0.665918326625026,-0.0664344953195769,0.732352821944603,2025-10-07,"CAREER","Porites compressa","Resistant",2,9,21.8,330.926,9.701497,NA,0.330926,1.49886923608701
"17","3",2,1,22,122,175.598,183.81,94.103,154.596,175.598,183.81,0.0966225500487807,-0.0664344953195769,0.163057045368358,2025-10-07,"CAREER","Montipora capitata","Susceptible",2,3,21.8,334.787,9.064197,NA,0.334787,0.361351672173959
"18","44",2,1,22,122,192.432,208.71,94.143,154.636,192.432,208.71,0.256644010915747,-0.0664344953195769,0.323078506235324,2025-10-07,"CAREER","Porites compressa","Resistant",2,7,21.8,342.247,13.705399,NA,0.342247,0.484069013343665
"19","1",3,1,25,122,222.056,281.307,184.243,244.748,222.056,281.307,1.01799025660814,-0.0755905146726627,1.09358077128081,2025-10-07,"CAREER","Montipora capitata","Susceptible",3,8,24.7,341.694,23.112491,NA,0.341694,0.970046858372878
"20","12",3,1,25,121,225.315,245.271,184.28,244.278,224.828,245.271,0.374239122404788,-0.0755905146726627,0.449829637077451,2025-10-07,"CAREER","Montipora capitata","Resistant",3,10,24.7,340.545,6.608517,NA,0.340545,1.39081643060197
"21","2",3,1,25,122,229.858,259.419,184.198,244.691,229.858,259.419,0.489433823522973,-0.0755905146726627,0.565024338195636,2025-10-07,"CAREER","Montipora capitata","Resistant",3,6,24.7,330.429,12.413482,NA,0.330429,0.902408012734763
"22","202",3,1,25,122,208.057,235.299,184.193,244.686,208.057,235.299,0.485207590434508,-0.0755905146726627,0.56079810510717,2025-10-07,"CAREER","Montipora capitata","Resistant",3,1,24.7,337.488,12.250694,NA,0.337488,0.926948126676294
"23","240",3,1,25,122,222.173,247.854,184.21,244.709,221.505,247.854,0.425777404455243,-0.0755905146726627,0.501367919127906,2025-10-07,"CAREER","Porites compressa","Resistant",3,2,24.7,337.323,13.722717,NA,0.337323,0.739458216258409
"24","243",3,1,25,122,217.672,253.923,184.189,244.697,217.672,253.923,0.609942513141075,-0.0755905146726627,0.685533027813737,2025-10-07,"CAREER","Porites compressa","Susceptible",3,5,24.7,337.656,8.215619,NA,0.337656,1.69049470312201
"25","27",3,1,25,121,223.223,272.393,184.256,244.264,222.772,272.393,0.822842003625654,-0.0755905146726627,0.898432518298317,2025-10-07,"CAREER","Porites compressa","Resistant",3,9,24.7,330.731,9.701497,NA,0.330731,1.83769258626367
"26","3",3,1,25,122,167.373,176.851,184.198,244.696,166.618,176.851,0.167453672184266,-0.0755905146726627,0.243044186856928,2025-10-07,"CAREER","Montipora capitata","Susceptible",3,3,24.7,344.039,9.064197,NA,0.344039,0.553496436598217
"27","44",3,1,25,122,182.206,199.174,184.236,244.735,182.147,199.174,0.289270335597167,-0.0755905146726627,0.36486085026983,2025-10-07,"CAREER","Porites compressa","Resistant",3,7,24.7,343.44,13.705399,NA,0.34344,0.548577142847153
"28","1",4,1,28,125,219.686,289.304,273.748,335.748,219.686,289.304,1.18179345661451,-0.0915444887292023,1.27333794534371,2025-10-07,"CAREER","Montipora capitata","Susceptible",4,8,27.8,340.503,23.112491,NA,0.340503,1.12556121381301
"29","12",4,1,28,124,219.599,243.899,273.735,335.228,219.599,243.899,0.425010650074436,-0.0915444887292023,0.516555138803638,2025-10-07,"CAREER","Montipora capitata","Resistant",4,10,27.8,341.25,6.608517,NA,0.34125,1.60042963754266
"30","2",4,1,28,124,224.439,262.785,273.825,335.325,224.439,262.785,0.611620642313932,-0.0915444887292023,0.703165131043134,2025-10-07,"CAREER","Montipora capitata","Resistant",4,6,27.8,330.799,12.413482,NA,0.330799,1.1242920665641
"31","202",4,1,28,124,205.418,238.316,274.052,335.552,205.351,238.316,0.575313660867852,-0.0915444887292023,0.666858149597054,2025-10-07,"CAREER","Montipora capitata","Resistant",4,1,27.8,343.205,12.250694,NA,0.343205,1.12092776735321
"32","240",4,1,28,124,217.448,249.867,273.992,335.492,217.448,249.867,0.525825112295873,-0.0915444887292023,0.617369601025075,2025-10-07,"CAREER","Porites compressa","Resistant",4,2,27.8,333.98,13.722717,NA,0.33398,0.901523070177814
"33","243",4,1,28,124,213.827,257.077,273.863,335.363,213.827,257.077,0.720265829731184,-0.0915444887292023,0.811810318460386,2025-10-07,"CAREER","Porites compressa","Susceptible",4,5,27.8,330.345,8.215619,NA,0.330345,1.95854369331243
"34","27",4,1,28,124,218.015,273.929,273.747,335.247,217.921,273.929,0.945277672495671,-0.0915444887292023,1.03682216122487,2025-10-07,"CAREER","Porites compressa","Resistant",4,9,27.8,338.753,9.701497,NA,0.338753,2.17220054336816
"35","3",4,1,28,124,163.251,175.078,273.979,335.479,163.251,175.078,0.189850707872979,-0.0915444887292023,0.281395196602181,2025-10-07,"CAREER","Montipora capitata","Susceptible",4,3,27.8,324.53,9.064197,NA,0.32453,0.604496017595199
"36","44",4,1,28,124,178.673,195.308,273.802,335.302,178.621,195.469,0.285524001599122,-0.0915444887292023,0.377068490328324,2025-10-07,"CAREER","Porites compressa","Resistant",4,7,27.8,343.593,13.705399,NA,0.343593,0.567184189810366
"37","1",5,1,31,124,219.308,290.072,0.201,61.702,219.308,290.072,1.07151959919551,-0.105501456810205,1.17702105600572,2025-10-07,"CAREER","Montipora capitata","Susceptible",5,8,31.3,337.212,23.112491,NA,0.337212,1.03036654336688
"38","12",5,1,31,124,208.425,230.427,0.145,61.645,208.425,230.427,0.281434429338609,-0.105501456810205,0.386935886148815,2025-10-07,"CAREER","Montipora capitata","Resistant",5,10,31.3,342.054,6.608517,NA,0.342054,1.20165811119875
"39","2",5,1,31,124,215.833,246.472,0.348,61.848,215.833,246.472,0.449660760088628,-0.105501456810205,0.555162216898833,2025-10-07,"CAREER","Montipora capitata","Resistant",5,6,31.3,332.726,12.413482,NA,0.332726,0.892820743349278
"40","202",5,1,31,124,196.802,229.825,0.557,62.057,196.802,229.825,0.481259394543111,-0.105501456810205,0.586760851353317,2025-10-07,"CAREER","Montipora capitata","Resistant",5,1,31.3,340.122,12.250694,NA,0.340122,0.977431683220524
"41","240",5,1,31,124,202.228,240.054,0.505,62.005,202.164,240.054,0.373981145788476,-0.105501456810205,0.479482602598681,2025-10-07,"CAREER","Porites compressa","Resistant",5,2,31.3,328.552,13.722717,NA,0.328552,0.688792028789934
"42","243",5,1,31,124,205.275,232.493,0.397,61.897,205.275,232.493,0.383798506220835,-0.105501456810205,0.48929996303104,2025-10-07,"CAREER","Porites compressa","Susceptible",5,5,31.3,335.615,8.215619,NA,0.335615,1.19929909426907
"43","27",5,1,31,124,214.313,260.916,0.203,61.703,214.313,260.916,0.693943771170628,-0.105501456810205,0.799445227980834,2025-10-07,"CAREER","Porites compressa","Resistant",5,9,31.3,324.793,9.701497,NA,0.324793,1.60586070746553
"44","3",5,1,31,124,153.328,160.903,0.456,61.956,153.328,160.903,0.0696907392301875,-0.105501456810205,0.175192196040393,2025-10-07,"CAREER","Montipora capitata","Susceptible",5,3,31.3,339.903,9.064197,NA,0.339903,0.394177353012414
"45","44",5,1,31,124,169.043,181.956,0.297,61.797,169.043,181.956,0.128833366619305,-0.105501456810205,0.234334823429511,2025-10-07,"CAREER","Porites compressa","Resistant",5,7,31.3,341.187,13.705399,NA,0.341187,0.350016787113361
"46","1",6,1,34,125,184.077,225.698,87.661,149.669,184.077,225.698,0.660606808226265,-0.0844905825401803,0.745097390766445,2025-10-07,"CAREER","Montipora capitata","Susceptible",6,8,34.4,328.1,23.112491,NA,0.3281,0.634634632616114
"47","12",6,1,34,125,183.85,195.604,87.65,149.645,183.537,195.604,0.315891805635485,-0.0844905825401803,0.400382388175665,2025-10-07,"CAREER","Montipora capitata","Resistant",6,10,34.4,329.132,6.608517,NA,0.329132,1.19644382712521
"48","2",6,1,34,125,188.278,209.584,87.687,149.681,188.168,209.584,0.460813357927601,-0.0844905825401803,0.545303940467781,2025-10-07,"CAREER","Montipora capitata","Resistant",6,6,34.4,331.671,12.413482,NA,0.331671,0.874185840389777
"49","202",6,1,34,125,172.736,185.431,87.655,149.656,172.245,185.431,0.319819611905044,-0.0844905825401803,0.404310194445225,2025-10-07,"CAREER","Montipora capitata","Resistant",6,1,34.4,342.26,12.250694,NA,0.34226,0.67773731260036
"50","240",6,1,34,125,185.467,204.212,87.652,149.654,185.467,204.212,0.435494753931618,-0.0844905825401803,0.519985336471798,2025-10-07,"CAREER","Porites compressa","Resistant",6,2,34.4,336.932,13.722717,NA,0.336932,0.7660277453282
"51","243",6,1,34,125,180.146,191.863,87.727,149.73,180.146,192.115,0.304472892060034,-0.0844905825401803,0.388963474600214,2025-10-07,"CAREER","Porites compressa","Susceptible",6,5,34.4,333.731,8.215619,NA,0.333731,0.948017448290658
"52","27",6,1,34,125,183.331,204.596,87.669,149.669,183.331,204.596,0.433609394787313,-0.0844905825401803,0.518099977327493,2025-10-07,"CAREER","Porites compressa","Resistant",6,9,34.4,329.132,9.701497,NA,0.329132,1.05462042654501
"53","3",6,1,34,125,132.972,132.183,87.698,149.706,131.878,135.15,0.0902792757322627,-0.0844905825401803,0.174769858272443,2025-10-07,"CAREER","Montipora capitata","Susceptible",6,3,34.4,339.429,9.064197,NA,0.339429,0.392678744009362
"54","44",6,1,34,125,145.046,144.443,87.698,149.697,144.131,147.604,0.08981515105137,-0.0844905825401803,0.17430573359155,2025-10-07,"CAREER","Porites compressa","Resistant",6,7,34.4,339.065,13.705399,NA,0.339065,0.258734416532721
"55","1",7,1,38,41,164.335,161.838,217.169,237.168,161.772,164.335,-0.192171144093201,-0.228527229276337,0.0363560851831354,2025-10-07,"CAREER","Montipora capitata","Susceptible",7,8,37.3,335.66,23.112491,NA,0.33566,0.0316797100387956
"56","12",7,1,38,41,161.463,156.908,217.112,237.112,156.908,161.463,-0.243473922729345,-0.228527229276337,-0.014946693453008,2025-10-07,"CAREER","Montipora capitata","Resistant",7,10,37.3,328.14,6.608517,NA,0.32814,-0.0445298815725529
"57","2",7,1,38,41,165.457,162.71,217.298,237.298,162.71,165.471,-0.156742507989198,-0.228527229276337,0.0717847212871387,2025-10-07,"CAREER","Montipora capitata","Resistant",7,6,37.3,328.036,12.413482,NA,0.328036,0.113818054428956
"58","202",7,1,38,41,138.389,127.392,217.506,237.506,127.392,138.389,-0.575409672174263,-0.228527229276337,-0.346882442897926,2025-10-07,"CAREER","Montipora capitata","Resistant",7,1,37.3,343.777,12.250694,NA,0.343777,-0.584049551341925
"59","240",7,1,38,41,163.153,162.068,217.455,237.454,162.004,163.389,-0.0429046830245674,-0.228527229276337,0.185622546251769,2025-10-07,"CAREER","Porites compressa","Resistant",7,2,37.3,338.358,13.722717,NA,0.338358,0.274611245737952
"60","243",7,1,38,41,162.074,160.079,217.38,237.38,160.079,162.074,-0.130824634524296,-0.228527229276337,0.0977025947520411,2025-10-07,"CAREER","Porites compressa","Susceptible",7,5,37.3,334.228,8.215619,NA,0.334228,0.238484351614542
"61","27",7,1,38,41,165.395,164.672,217.169,237.17,164.662,165.59,-0.0355216819973318,-0.228527229276337,0.193005547279005,2025-10-07,"CAREER","Porites compressa","Resistant",7,9,37.3,330.591,9.701497,NA,0.330591,0.394614749953622
"62","3",7,1,38,41,106.004,103.253,217.456,237.457,103.253,106.004,-0.117952962784677,-0.228527229276337,0.11057426649166,2025-10-07,"CAREER","Montipora capitata","Susceptible",7,3,37.3,343.012,9.064197,NA,0.343012,0.251064492295372
"63","44",7,1,38,41,119.428,117.425,217.264,237.264,117.425,119.428,-0.0901936758893258,-0.228527229276337,0.138333553387011,2025-10-07,"CAREER","Porites compressa","Resistant",7,7,37.3,340.442,13.705399,NA,0.340442,0.206172260649314
"64","201",8,1,18,122,207.782,220.871,0,60.508,207.782,220.871,0.204027970699945,-0.0675444015977468,0.271572372297692,2025-10-08,"CAREER","Montipora capitata","Susceptible",8,7,18.3,341.507,11.547586,NA,0.341507,0.481887034119172
"65","204",8,1,18,122,252.532,281.635,0,60.501,252.532,281.635,0.504135475353819,-0.0675444015977468,0.571679876951565,2025-10-08,"CAREER","Montipora capitata","Resistant",8,5,18.3,335.91,15.13832,"Sample stuck in dewar, mean SA of all other fragments",0.33591,0.761113468866296
"66","211",8,1,18,122,263.001,273.828,0,60.494,263.001,273.95,0.196837103204737,-0.0675444015977468,0.264381504802484,2025-10-08,"CAREER","Montipora capitata","Susceptible",8,9,18.3,340.15,7.723791,NA,0.34015,0.698589867529287
"67","226",8,1,18,122,261.151,279.103,0,60.509,261.151,279.13,0.311553979993381,-0.0675444015977468,0.379098381591127,2025-10-08,"CAREER","Porites compressa","Resistant",8,4,18.3,345.455,10.989949,NA,0.345455,0.714988384819054
"68","233",8,1,18,122,261.003,273.674,0.046,60.546,261.003,273.721,0.209996682620693,-0.0675444015977468,0.27754108421844,2025-10-08,"CAREER","Porites compressa","Susceptible",8,2,18.3,343.911,5.115712,NA,0.343911,1.11948559826645
"69","236",8,1,18,122,262.669,300.22,0,60.503,262.669,300.22,0.690582020095188,-0.0675444015977468,0.758126421692935,2025-10-08,"CAREER","Porites compressa","Resistant",8,8,18.3,338.161,18.855747,NA,0.338161,0.815779259934188
"70","237",8,1,18,122,250.772,296.027,0,60.5,250.772,296.044,0.347486540338705,-0.0675444015977468,0.415030941936452,2025-10-08,"CAREER","Porites compressa","Susceptible",8,6,18.3,333.616,8.471925,NA,0.333616,0.980610400057162
"71","4",8,1,18,122,190.146,214.434,0,60.499,190.146,214.434,0.444687786843149,-0.0675444015977468,0.512232188440896,2025-10-08,"CAREER","Montipora capitata","Resistant",8,3,18.3,334.329,32.606172,NA,0.334329,0.315131887292853
"72","42",8,1,18,122,259.36,316.948,0,60.502,259.36,316.948,0.992392524258034,-0.0675444015977468,1.05993692585578,2025-10-08,"CAREER","Porites compressa","Resistant",8,10,18.3,330.433,23.302988,NA,0.330433,0.901785139883272
"73","201",9,1,22,120,193.299,216.472,84.808,144.308,193.299,216.472,0.304274581535148,-0.0664344953195769,0.370709076854725,2025-10-08,"CAREER","Montipora capitata","Susceptible",9,7,21.3,344.295,11.547586,NA,0.344295,0.663168639483773
"74","204",9,1,22,121,238.298,275.688,84.885,144.885,238.298,275.688,0.667635015361782,-0.0664344953195769,0.734069510681359,2025-10-08,"CAREER","Montipora capitata","Resistant",9,5,21.3,331.296,15.13832,"Sample stuck in dewar, mean SA of all other fragments",0.331296,0.96388883024282
"75","211",9,1,22,120,246.814,261.568,84.728,144.228,246.814,261.568,0.247057774845917,-0.0664344953195769,0.313492270165494,2025-10-08,"CAREER","Montipora capitata","Susceptible",9,9,21.3,340.458,7.723791,NA,0.340458,0.829108022078824
"76","226",9,1,22,120,242.656,270.814,84.942,144.442,242.656,270.995,0.456947914744468,-0.0664344953195769,0.523382410064045,2025-10-08,"CAREER","Porites compressa","Resistant",9,4,21.3,345.954,10.989949,NA,0.345954,0.988537280516752
"77","233",9,1,22,121,244.108,262.589,85.013,145.012,244.108,262.589,0.273790723697226,-0.0664344953195769,0.340225219016802,2025-10-08,"CAREER","Porites compressa","Susceptible",9,2,21.3,335.621,5.115712,NA,0.335621,1.33924734111269
"78","236",9,1,22,120,240.99,291.422,84.77,144.269,240.99,291.422,0.810574778810039,-0.0664344953195769,0.877009274129616,2025-10-08,"CAREER","Porites compressa","Resistant",9,8,21.3,339.819,18.855747,NA,0.339819,0.948329698713454
"79","237",9,1,22,120,250.892,286.448,84.883,144.383,250.892,286.448,0.486315225087978,-0.0664344953195769,0.552749720407555,2025-10-08,"CAREER","Porites compressa","Susceptible",9,6,21.3,330.085,8.471925,NA,0.330085,1.29218135047745
"80","4",9,1,22,120,180.553,213.313,84.999,144.498,180.553,213.313,0.578036712292176,-0.0664344953195769,0.644471207611753,2025-10-08,"CAREER","Montipora capitata","Resistant",9,3,21.3,337.312,32.606172,NA,0.337312,0.400024643153944
"81","42",9,1,22,120,242.289,327.136,84.636,144.135,242.289,327.136,1.4427314607998,-0.0664344953195769,1.50916595611938,2025-10-08,"CAREER","Porites compressa","Resistant",9,10,21.3,335.851,23.302988,NA,0.335851,1.30503838098869
"82","201",10,1,25,119,184.33,206.536,172.494,231.492,184.33,206.536,0.368429786215841,-0.0755905146726627,0.444020300888503,2025-10-08,"CAREER","Montipora capitata","Susceptible",10,7,24.7,344.202,11.547586,NA,0.344202,0.794101947921018
"83","204",10,1,25,119,221.22,276.453,172.448,231.451,221.22,276.453,0.973650497329962,-0.0755905146726627,1.04924101200262,2025-10-08,"CAREER","Montipora capitata","Resistant",10,5,24.7,331.415,15.13832,"Sample stuck in dewar, mean SA of all other fragments",0.331415,1.37822774254812
"84","211",10,1,25,119,228.478,247.47,172.493,231.495,228.478,247.47,0.331012359324626,-0.0755905146726627,0.406602873997289,2025-10-08,"CAREER","Montipora capitata","Susceptible",10,9,24.7,349.803,7.723791,NA,0.349803,1.10487897820804
"85","226",10,1,25,119,225.513,256.839,172.454,231.458,225.513,256.864,0.51811398702646,-0.0755905146726627,0.593704501699122,2025-10-08,"CAREER","Porites compressa","Resistant",10,4,24.7,342.62,10.989949,NA,0.34262,1.11055130304328
"86","233",10,1,25,120,224.292,247.071,172.382,231.879,224.292,247.301,0.313944173587785,-0.0755905146726627,0.389534688260447,2025-10-08,"CAREER","Porites compressa","Susceptible",10,2,24.7,339.475,5.115712,NA,0.339475,1.55095464674965
"87","236",10,1,25,119,228.116,280.806,172.497,231.503,228.116,280.806,0.923941900452488,-0.0755905146726627,0.99953241512515,2025-10-08,"CAREER","Porites compressa","Resistant",10,8,24.7,336.716,18.855747,NA,0.336716,1.07094740937481
"88","237",10,1,25,119,233.129,273.634,172.451,231.45,233.129,273.634,0.637891996089361,-0.0755905146726627,0.713482510762024,2025-10-08,"CAREER","Porites compressa","Susceptible",10,6,24.7,331.711,8.471925,NA,0.331711,1.67614796255195
"89","4",10,1,25,120,169.451,212.444,172.451,231.948,169.445,212.444,0.79177619881776,-0.0755905146726627,0.867366713490423,2025-10-08,"CAREER","Montipora capitata","Resistant",10,3,24.7,336.075,32.606172,NA,0.336075,0.536402006778889
"90","42",10,1,25,119,228.101,311.354,172.459,231.451,228.101,311.354,1.46326775374976,-0.0755905146726627,1.53885826842242,2025-10-08,"CAREER","Porites compressa","Resistant",10,10,24.7,334.432,23.302988,NA,0.334432,1.32509216867394
"91","201",11,1,28,125,166.909,194.096,257.346,319.341,166.909,194.096,0.397081156053387,-0.0915444887292023,0.488625644782589,2025-10-08,"CAREER","Montipora capitata","Susceptible",11,7,28.4,342.718,11.547586,NA,0.342718,0.870108109497168
"92","204",11,1,28,125,206.328,274.307,257.364,319.368,206.328,274.307,1.15223463819826,-0.0915444887292023,1.24377912692746,2025-10-08,"CAREER","Montipora capitata","Resistant",11,5,28.4,330.61,15.13832,"Sample stuck in dewar, mean SA of all other fragments",0.33061,1.62979439126728
"93","211",11,1,28,125,213.452,235.996,257.469,319.477,213.452,235.996,0.37033784568222,-0.0915444887292023,0.461882334411422,2025-10-08,"CAREER","Montipora capitata","Susceptible",11,9,28.4,340.14,7.723791,NA,0.34014,1.22042134925739
"94","226",11,1,28,125,210.741,243.571,257.301,319.309,210.741,243.571,0.524412900331061,-0.0915444887292023,0.615957389060263,2025-10-08,"CAREER","Porites compressa","Resistant",11,4,28.4,342.375,10.989949,NA,0.342375,1.15135244620066
"95","233",11,1,28,125,213.86,234.644,257.311,319.313,213.86,234.644,0.341709040201221,-0.0915444887292023,0.433253528930423,2025-10-08,"CAREER","Porites compressa","Susceptible",11,2,28.4,339.568,5.115712,NA,0.339568,1.72549628648187
"96","236",11,1,28,125,212.238,286.021,257.35,319.353,212.238,286.021,1.23730883623349,-0.0915444887292023,1.3288533249627,2025-10-08,"CAREER","Porites compressa","Resistant",11,8,28.4,338.902,18.855747,NA,0.338902,1.43304123523669
"97","237",11,1,28,125,212.241,260.698,257.373,319.366,212.241,260.698,0.851855625822602,-0.0915444887292023,0.943400114551805,2025-10-08,"CAREER","Porites compressa","Susceptible",11,6,28.4,330.525,8.471925,NA,0.330525,2.20835753051805
"98","4",11,1,28,125,155.848,211.308,257.303,319.299,155.848,211.308,0.956675971971037,-0.0915444887292023,1.04822046070024,2025-10-08,"CAREER","Montipora capitata","Resistant",11,3,28.4,329.602,32.606172,NA,0.329602,0.635761033747329
"99","42",11,1,28,125,210.703,329.067,257.432,319.434,210.703,329.067,1.97865791654633,-0.0915444887292023,2.07020240527553,2025-10-08,"CAREER","Porites compressa","Resistant",11,10,28.4,334.494,23.302988,NA,0.334494,1.78295663204281
"100","201",12,1,31,125,159.716,181.021,347.775,409.775,159.716,181.021,0.354302826852273,-0.105501456810205,0.459804283662478,2025-10-08,"CAREER","Montipora capitata","Susceptible",12,7,31.9,340.152,11.547586,NA,0.340152,0.8126547662673
"101","204",12,1,31,124,197.955,263.619,347.918,409.418,197.955,263.619,1.10756652829807,-0.105501456810205,1.21306798510827,2025-10-08,"CAREER","Montipora capitata","Resistant",12,5,31.9,328.614,15.13832,"Sample stuck in dewar, mean SA of all other fragments",0.328614,1.57995519790189
"102","211",12,1,31,124,200.892,221.232,347.728,409.228,200.892,221.232,0.348484554312818,-0.105501456810205,0.453986011123023,2025-10-08,"CAREER","Montipora capitata","Susceptible",12,9,31.9,333.223,7.723791,NA,0.333223,1.17516318541851
"103","226",12,1,31,125,200.672,233.674,347.925,409.925,200.672,233.674,0.557057998157907,-0.105501456810205,0.662559454968112,2025-10-08,"CAREER","Porites compressa","Resistant",12,4,31.9,343.097,10.989949,NA,0.343097,1.24107306405805
"104","233",12,1,31,125,203.859,222.173,348.013,410.013,203.637,222.173,0.313843393962524,-0.105501456810205,0.419344850772729,2025-10-08,"CAREER","Porites compressa","Susceptible",12,2,31.9,335.835,5.115712,NA,0.335835,1.65174284196522
"105","236",12,1,31,125,203.949,268.452,347.737,409.737,203.949,268.452,1.04553824301284,-0.105501456810205,1.15103969982304,2025-10-08,"CAREER","Porites compressa","Resistant",12,8,31.9,339.264,18.855747,NA,0.339264,1.24261213110495
"106","237",12,1,31,124,202.111,242.376,347.866,409.367,202.111,242.376,0.617187481574667,-0.105501456810205,0.722688938384872,2025-10-08,"CAREER","Porites compressa","Susceptible",12,6,31.9,328.747,8.471925,NA,0.328747,1.68260569181534
"107","4",12,1,31,125,146.348,199.19,347.965,409.965,146.348,199.19,0.89353322978001,-0.105501456810205,0.999034686590216,2025-10-08,"CAREER","Montipora capitata","Resistant",12,3,31.9,334.16,32.606172,NA,0.33416,0.614308415359497
"108","42",12,1,31,124,203.905,291.813,347.634,409.135,203.905,291.813,1.45407086539009,-0.105501456810205,1.55957232220029,2025-10-08,"CAREER","Porites compressa","Resistant",12,10,31.9,332.78,23.302988,NA,0.33278,1.33629509841866
"109","201",13,1,34,121,142.843,149.789,433.774,493.775,142.6,150.252,0.118617305686917,-0.0844905825401803,0.203107888227097,2025-10-08,"CAREER","Montipora capitata","Susceptible",13,7,34.5,342.222,11.547586,NA,0.342222,0.361155938868195
"110","204",13,1,34,121,179.229,220.673,433.885,493.885,179.229,220.673,0.80422128027586,-0.0844905825401803,0.888711862816041,2025-10-08,"CAREER","Montipora capitata","Resistant",13,5,34.5,318.296,15.13832,"Sample stuck in dewar, mean SA of all other fragments",0.318296,1.12115517872615
"111","211",13,1,34,120,181.047,195.937,433.727,493.228,181.047,195.974,0.291362397894379,-0.0844905825401803,0.37585298043456,2025-10-08,"CAREER","Montipora capitata","Susceptible",13,9,34.5,338.492,7.723791,NA,0.338492,0.988296242505176
"112","226",13,1,34,121,181.575,201.349,433.925,493.925,181.575,201.446,0.38038003768504,-0.0844905825401803,0.46487062022522,2025-10-08,"CAREER","Porites compressa","Resistant",13,4,34.5,342.955,10.989949,NA,0.342955,0.870411883945996
"113","233",13,1,34,120,185.351,197.538,434.03,493.53,185.058,197.627,0.232609143362766,-0.0844905825401803,0.317099725902946,2025-10-08,"CAREER","Porites compressa","Susceptible",13,2,34.5,339.558,5.115712,NA,0.339558,1.26285938764519
"114","236",13,1,34,121,182.431,223.86,433.736,493.737,182.431,223.86,0.762839164351723,-0.0844905825401803,0.847329746891903,2025-10-08,"CAREER","Porites compressa","Resistant",13,8,34.5,337.255,18.855747,NA,0.337255,0.909323381740417
"115","237",13,1,34,121,185.945,212.513,433.85,493.85,185.945,212.513,0.466932256609277,-0.0844905825401803,0.551422839149457,2025-10-08,"CAREER","Porites compressa","Susceptible",13,6,34.5,333.488,8.471925,NA,0.333488,1.30236917665542
"116","4",13,1,34,121,125.731,160.872,433.965,493.965,125.454,160.872,0.692541033434652,-0.0844905825401803,0.777031615974833,2025-10-08,"CAREER","Montipora capitata","Resistant",13,3,34.5,335.354,32.606172,NA,0.335354,0.479505525291881
"117","42",13,1,34,120,181.081,244.055,433.64,493.135,180.754,244.055,1.12496348983858,-0.0844905825401803,1.20945407237877,2025-10-08,"CAREER","Porites compressa","Resistant",13,10,34.5,335.052,23.302988,NA,0.335052,1.04337694168314
"118","201",14,1,38,41,116.208,111.096,558.741,578.741,111.096,116.208,-0.256828778757759,-0.228527229276337,-0.0283015494814225,2025-10-08,"CAREER","Montipora capitata","Susceptible",14,7,37.6,333.948,11.547586,NA,0.333948,-0.0491076447296713
"119","204",14,1,38,41,162.097,154.753,558.868,578.868,154.753,162.097,-0.379476307007784,-0.228527229276337,-0.150949077731448,2025-10-08,"CAREER","Montipora capitata","Resistant",14,5,37.6,326.495,15.13832,"Sample stuck in dewar, mean SA of all other fragments",0.326495,-0.195335225311378
"120","211",14,1,38,41,164.003,159.94,558.678,578.678,159.94,164.003,-0.19577146225987,-0.228527229276337,0.0327557670164667,2025-10-08,"CAREER","Montipora capitata","Susceptible",14,9,37.6,333.848,7.723791,NA,0.333848,0.0849488079642241
"121","226",14,1,38,41,164.381,161.518,558.925,578.925,160.75,165.11,-0.179260161520905,-0.228527229276337,0.0492670677554319,2025-10-08,"CAREER","Porites compressa","Resistant",14,4,37.6,348.161,10.989949,NA,0.348161,0.0936466852219183
"122","233",14,1,38,41,168.177,165.844,558.996,578.996,165.836,168.177,-0.103394079794078,-0.228527229276337,0.125133149482259,2025-10-08,"CAREER","Porites compressa","Susceptible",14,2,37.6,340.352,5.115712,NA,0.340352,0.499511907932885
"123","236",14,1,38,41,171.894,170.607,558.736,578.736,170.605,171.923,-0.0424148172264271,-0.228527229276337,0.18611241204991,2025-10-08,"CAREER","Porites compressa","Resistant",14,8,37.6,338.27,18.855747,NA,0.33827,0.200330155970346
"124","237",14,1,38,41,171.049,168.708,558.816,578.816,168.643,171.049,-0.11500785667476,-0.228527229276337,0.113519372601576,2025-10-08,"CAREER","Porites compressa","Susceptible",14,6,37.6,336.366,8.471925,NA,0.336366,0.270427728889256
"125","4",14,1,38,41,106.062,98.351,558.932,578.932,98.351,106.062,-0.41607202222046,-0.228527229276337,-0.187544792944123,2025-10-08,"CAREER","Montipora capitata","Resistant",14,3,37.6,331.32,32.606172,NA,0.33132,-0.114341556190491
"126","42",14,1,38,41,169.847,166.662,558.602,578.602,166.662,169.903,-0.152788502857423,-0.228527229276337,0.0757387264189137,2025-10-08,"CAREER","Porites compressa","Resistant",14,10,37.6,335.104,23.302988,NA,0.335104,0.065348744576147
"127","19",15,1,18,120,264.973,305.131,0.447,59.947,264.973,305.131,0.73059163272862,-0.0675444015977468,0.798136034326366,2025-10-09,"CAREER","Montipora capitata","Susceptible",15,4,18.3,339.456,21.245619,NA,0.339456,0.765142401362721
"128","206",15,1,18,121,265.436,312.082,0.247,60.247,265.436,312.082,0.82661063222775,-0.0675444015977468,0.894155033825497,2025-10-09,"CAREER","Montipora capitata","Resistant",15,9,18.3,336.141,23.618174,NA,0.336141,0.763553102517924
"129","209",15,1,18,121,270.918,294.557,0.358,60.359,270.918,294.557,0.26167323739036,-0.0675444015977468,0.329217638988107,2025-10-09,"CAREER","Montipora capitata","Susceptible",15,6,18.3,333.664,8.160202,NA,0.333664,0.807686434443615
"130","210",15,1,18,121,247.147,287.831,0.55,60.551,247.147,287.831,0.648724040751196,-0.0675444015977468,0.716268442348943,2025-10-09,"CAREER","Montipora capitata","Resistant",15,1,18.3,342.981,20.982387,NA,0.342981,0.702493381592712
"131","241",15,1,18,121,257.359,299.301,0.395,60.396,257.359,299.317,0.783857281076241,-0.0675444015977468,0.851401682673988,2025-10-09,"CAREER","Porites compressa","Susceptible",15,5,18.3,334.416,15.13832,"Sample stuck in dewar, mean SA of all other fragments",0.334416,1.12848326014949
"132","242",15,1,18,120,266.027,299.643,0.297,59.798,266.027,299.643,0.595750639490304,-0.0675444015977468,0.663295041088051,2025-10-09,"CAREER","Porites compressa","Resistant",15,8,18.3,340.274,9.909312,NA,0.340274,1.36660581568849
"133","247",15,1,18,120,197.124,225.335,0.498,59.999,196.789,225.335,0.521404989522226,-0.0675444015977468,0.588949391119972,2025-10-09,"CAREER","Porites compressa","Susceptible",15,3,18.3,337.587,16.334258,NA,0.337587,0.730323929375983
"134","26",15,1,18,121,264.799,291.14,0.502,60.503,264.683,291.14,0.477709393282447,-0.0675444015977468,0.545253794880194,2025-10-09,"CAREER","Porites compressa","Susceptible",15,2,18.3,339.783,10.522366,NA,0.339783,1.0564238319734
"135","41",15,1,18,121,265.791,293.704,0.204,60.204,265.791,293.704,0.48060752361597,-0.0675444015977468,0.548151925213717,2025-10-09,"CAREER","Porites compressa","Susceptible",15,10,18.3,341.944,11.246255,NA,0.341944,0.99999828519954
"136","19",16,1,22,122,246.961,301.666,81.816,142.314,246.913,301.666,0.92420083158349,-0.0664344953195769,0.990635326903066,2025-10-09,"CAREER","Montipora capitata","Susceptible",16,4,22,339.086,21.245619,NA,0.339086,0.94864895334399
"137","206",16,1,22,121,248.985,308.875,81.856,141.863,248.985,308.875,1.00107488279809,-0.0664344953195769,1.06750937811767,2025-10-09,"CAREER","Montipora capitata","Resistant",16,9,22,336.473,23.618174,NA,0.336473,0.9124873488951
"138","209",16,1,22,122,258.365,278.88,81.816,142.308,258.365,278.88,0.300933626589838,-0.0664344953195769,0.367368121909415,2025-10-09,"CAREER","Montipora capitata","Susceptible",16,6,22,333.036,8.160202,NA,0.333036,0.899586626764072
"139","210",16,1,22,122,231.823,279.691,81.829,142.334,231.823,279.691,0.786739277787044,-0.0664344953195769,0.853173773106621,2025-10-09,"CAREER","Montipora capitata","Resistant",16,1,22,339.73,20.982387,NA,0.33973,0.82883437219277
"140","241",16,1,22,122,240.35,302.539,81.816,142.312,240.35,302.539,1.09081022034693,-0.0664344953195769,1.15724471566651,2025-10-09,"CAREER","Porites compressa","Susceptible",16,5,22,333.921,15.13832,"Sample stuck in dewar, mean SA of all other fragments",0.333921,1.53158994934738
"141","242",16,1,22,121,249.468,291.74,81.821,141.815,249.468,291.74,0.733602021787506,-0.0664344953195769,0.800036517107083,2025-10-09,"CAREER","Porites compressa","Resistant",16,8,22,340.567,9.909312,NA,0.340567,1.64975754031122
"142","247",16,1,22,122,185.518,230.986,81.812,142.315,185.518,230.986,0.748572778379223,-0.0664344953195769,0.8150072736988,2025-10-09,"CAREER","Porites compressa","Susceptible",16,3,22,336.226,16.334258,NA,0.336226,1.00657147305982
"143","26",16,1,22,122,248.091,285.995,81.812,142.319,248.091,285.995,0.644714911080713,-0.0664344953195769,0.71114940640029,2025-10-09,"CAREER","Porites compressa","Susceptible",16,2,22,338.133,10.522366,NA,0.338133,1.3711540668763
"144","41",16,1,22,121,249.999,285.728,81.853,141.854,249.999,285.728,0.596214572151309,-0.0664344953195769,0.662649067470886,2025-10-09,"CAREER","Porites compressa","Susceptible",16,10,22,341.887,11.246255,NA,0.341887,1.20867489700573
"145","19",17,1,25,125,231.768,304.484,166.43,228.43,231.768,304.484,1.21471957785302,-0.0755905146726627,1.29031009252568,2025-10-09,"CAREER","Montipora capitata","Susceptible",17,4,25.2,338.732,21.245619,NA,0.338732,1.23433255089835
"146","206",17,1,25,124,232.754,306.519,166.28,227.78,232.754,306.519,1.19267633477633,-0.0755905146726627,1.268266849449,2025-10-09,"CAREER","Montipora capitata","Resistant",17,9,25.2,335.32,23.618174,NA,0.33532,1.08037625590506
"147","209",17,1,25,125,242.506,265.642,166.359,228.359,242.506,265.642,0.373477373320204,-0.0755905146726627,0.449067887992867,2025-10-09,"CAREER","Montipora capitata","Susceptible",17,6,25.2,334.305,8.160202,NA,0.334305,1.103837676779
"148","210",17,1,25,124,219.193,289.037,166.584,228.084,219.193,289.037,1.15264277252743,-0.0755905146726627,1.22823328720009,2025-10-09,"CAREER","Montipora capitata","Resistant",17,1,25.2,338.512,20.982387,NA,0.338512,1.18891632258049
"149","241",17,1,25,124,226.222,302.574,166.429,227.928,226.222,302.574,1.26640908236008,-0.0755905146726627,1.34199959703274,2025-10-09,"CAREER","Porites compressa","Susceptible",17,5,25.2,333.311,15.13832,"Sample stuck in dewar, mean SA of all other fragments",0.333311,1.77286473407847
"150","242",17,1,25,124,233.836,287.744,166.314,227.814,233.836,287.744,0.89173251000185,-0.0755905146726627,0.967323024674513,2025-10-09,"CAREER","Porites compressa","Resistant",17,8,25.2,341.032,9.909312,NA,0.341032,1.99744304600036
"151","247",17,1,25,125,174.131,230.997,166.465,228.465,174.131,230.997,0.912971969201644,-0.0755905146726627,0.988562483874307,2025-10-09,"CAREER","Porites compressa","Susceptible",17,3,25.2,336.362,16.334258,NA,0.336362,1.22141399089299
"152","26",17,1,25,124,233.126,283.193,166.519,228.019,233.126,283.193,0.833502093476145,-0.0755905146726627,0.909092608148808,2025-10-09,"CAREER","Porites compressa","Susceptible",17,2,25.2,333.075,10.522366,NA,0.333075,1.72658518317552
"153","41",17,1,25,124,234.322,277.03,166.221,227.721,234.322,277.03,0.724586991383072,-0.0755905146726627,0.800177506055735,2025-10-09,"CAREER","Porites compressa","Susceptible",17,10,25.2,337.2176667,11.246255,"No chamber vol for this frag at 25C; averaged the other volumes from other temps",0.3372176667,1.43959384633164
"154","19",18,1,28,125,213.012,294.824,251.436,313.43,212.663,294.824,1.35018715418564,-0.0915444887292023,1.44173164291485,2025-10-09,"CAREER","Montipora capitata","Susceptible",18,4,28,331.223,21.245619,NA,0.331223,1.34861125004976
"155","206",18,1,28,124,215.94,298.531,251.493,312.996,215.94,298.531,1.35392699419938,-0.0915444887292023,1.44547148292858,2025-10-09,"CAREER","Montipora capitata","Resistant",18,9,28,336.118,23.618174,NA,0.336118,1.23425879722706
"156","209",18,1,28,124,224.051,248.028,251.451,312.959,224.025,248.028,0.401114216027459,-0.0915444887292023,0.492658704756661,2025-10-09,"CAREER","Montipora capitata","Susceptible",18,6,28,333.995,8.160202,NA,0.333995,1.20986375652368
"157","210",18,1,28,124,202.418,270.12,251.584,313.084,202.418,270.12,1.07329952712926,-0.0915444887292023,1.16484401585846,2025-10-09,"CAREER","Montipora capitata","Resistant",18,1,28,339.117,20.982387,NA,0.339117,1.12957141089584
"158","241",18,1,28,124,209.922,283.857,251.45,312.945,209.922,283.857,1.19609606208945,-0.0915444887292023,1.28764055081865,2025-10-09,"CAREER","Porites compressa","Susceptible",18,5,28,330.511,15.13832,"Sample stuck in dewar, mean SA of all other fragments",0.330511,1.68676325810905
"159","242",18,1,28,124,216.675,275.679,251.48,312.981,216.675,275.679,0.973116258967306,-0.0915444887292023,1.06466074769651,2025-10-09,"CAREER","Porites compressa","Resistant",18,8,28,341.539,9.909312,NA,0.341539,2.20170583249887
"160","247",18,1,28,124,159.708,219.164,251.482,312.982,159.674,219.164,0.97910042375521,-0.0915444887292023,1.07064491248441,2025-10-09,"CAREER","Porites compressa","Susceptible",18,3,28,337.586,16.334258,NA,0.337586,1.32764426798926
"161","26",18,1,28,124,216.168,266.605,251.519,313.019,216.168,266.605,0.848314220241243,-0.0915444887292023,0.939858708970445,2025-10-09,"CAREER","Porites compressa","Susceptible",18,2,28,336.661,10.522366,NA,0.336661,1.80423550836779
"162","41",18,1,28,124,216.036,266.154,251.494,312.987,216.036,266.154,0.839412377465486,-0.0915444887292023,0.930956866194688,2025-10-09,"CAREER","Porites compressa","Susceptible",18,10,28,339.952,11.246255,NA,0.339952,1.688458861603
"163","19",19,1,31,128,198.113,278.271,335.447,398.947,198.113,278.271,1.38468024009604,-0.105501456810205,1.49018169690624,2025-10-09,"CAREER","Montipora capitata","Susceptible",19,4,31.3,330.858,21.245619,NA,0.330858,1.39239587006151
"164","206",19,1,31,128,200.264,291.128,335.461,398.964,200.264,291.128,1.51424662082727,-0.105501456810205,1.61974807763748,2025-10-09,"CAREER","Montipora capitata","Resistant",19,9,31.3,335.857,23.618174,NA,0.335857,1.38199607669354
"165","209",19,1,31,128,204.644,228.799,335.396,398.892,204.644,228.799,0.424056778934974,-0.105501456810205,0.529558235745179,2025-10-09,"CAREER","Montipora capitata","Susceptible",19,6,31.3,327.319,8.160202,NA,0.327319,1.27448662789874
"166","210",19,1,31,128,182.628,262.763,335.551,399.051,182.628,262.763,1.33044077361039,-0.105501456810205,1.4359422304206,2025-10-09,"CAREER","Montipora capitata","Resistant",19,1,31.3,337.39,20.982387,NA,0.33739,1.38536921215381
"167","241",19,1,31,128,195.506,271.586,335.445,398.945,195.506,271.586,1.27362391120964,-0.105501456810205,1.37912536801985,2025-10-09,"CAREER","Porites compressa","Susceptible",19,5,31.3,331.236,15.13832,"Sample stuck in dewar, mean SA of all other fragments",0.331236,1.81056803027584
"168","242",19,1,31,128,197.922,252.396,335.454,398.948,197.922,252.396,0.915413957419058,-0.105501456810205,1.02091541422926,2025-10-09,"CAREER","Porites compressa","Resistant",19,8,31.3,336.651,9.909312,NA,0.336651,2.08102557543266
"169","247",19,1,31,128,144.658,197.554,335.482,398.982,144.658,197.554,0.925709588139715,-0.105501456810205,1.03121104494992,2025-10-09,"CAREER","Porites compressa","Susceptible",19,3,31.3,329.737,16.334258,NA,0.329737,1.24901334237032
"170","26",19,1,31,128,201.348,248.827,335.536,399.036,201.348,248.827,0.889527251642134,-0.105501456810205,0.99502870845234,2025-10-09,"CAREER","Porites compressa","Susceptible",19,2,31.3,331.717,10.522366,NA,0.331717,1.88209346499647
"171","41",19,1,31,128,195.383,244.305,335.474,398.971,195.383,244.307,0.798321017418615,-0.105501456810205,0.90382247422882,2025-10-09,"CAREER","Porites compressa","Susceptible",19,10,31.3,335.155,11.246255,NA,0.335155,1.61611463380562
"172","19",20,1,34,122,181.68,233.083,420.487,480.98,181.531,233.083,0.844754780766415,-0.0844905825401803,0.929245363306596,2025-10-09,"CAREER","Montipora capitata","Susceptible",20,4,34.1,338.353,21.245619,NA,0.338353,0.887937291196486
"173","206",20,1,34,122,180.716,237.1,420.529,481.03,176.217,240.55,-0.184984664198839,-0.0844905825401803,-0.100494081658659,2025-10-09,"CAREER","Montipora capitata","Resistant",20,9,34.1,334.686,23.618174,"Probe too close to coral for first 40 mins of run",0.334686,-0.0854442740933568
"174","209",20,1,34,122,190.629,200.553,420.517,481.025,190.629,200.553,0.171672578979031,-0.0844905825401803,0.256163161519211,2025-10-09,"CAREER","Montipora capitata","Susceptible",20,6,34.1,330.232,8.160202,NA,0.330232,0.621993964032842
"175","210",20,1,34,122,170.388,211.42,420.584,481.084,170.296,211.42,0.643174849226369,-0.0844905825401803,0.727665431766549,2025-10-09,"CAREER","Montipora capitata","Resistant",20,1,34.1,339.471,20.982387,NA,0.339471,0.706367617146387
"176","241",20,1,34,122,181.861,228.711,420.495,480.995,181.82,228.711,0.7679010041998,-0.0844905825401803,0.852391586739981,2025-10-09,"CAREER","Porites compressa","Susceptible",20,5,34.1,331.791,15.13832,"Sample stuck in dewar, mean SA of all other fragments",0.331791,1.12092698643989
"177","242",20,1,34,122,185.708,227.1,420.523,481.031,185.708,227.1,0.67794658548433,-0.0844905825401803,0.76243716802451,2025-10-09,"CAREER","Porites compressa","Resistant",20,8,34.1,338.041,9.909312,NA,0.338041,1.56056256609646
"178","247",20,1,34,123,131.462,166.145,420.466,481.465,131.462,166.145,0.610622454135507,-0.0844905825401803,0.695113036675687,2025-10-09,"CAREER","Porites compressa","Susceptible",20,3,34.1,330.962,16.334258,NA,0.330962,0.845055836062803
"179","26",20,1,34,122,186.205,212.132,420.519,481.019,186.016,212.132,0.373278265468004,-0.0844905825401803,0.457768848008184,2025-10-09,"CAREER","Porites compressa","Susceptible",20,2,34.1,332.967,10.522366,NA,0.332967,0.869131068134721
"180","41",20,1,34,122,186.812,217.134,420.542,481.037,186.629,217.134,0.490698206773874,-0.0844905825401803,0.575188789314054,2025-10-09,"CAREER","Porites compressa","Susceptible",20,10,34.1,332.668,11.246255,NA,0.332668,1.02085665404276
"181","19",21,1,38,41,175.377,168.742,553.414,573.414,168.742,175.377,-0.329743772126945,-0.228527229276337,-0.101216542850608,2025-10-09,"CAREER","Montipora capitata","Susceptible",21,4,37.7,339.687,21.245619,NA,0.339687,-0.0970984478012937
"182","206",21,1,38,41,182.704,176.77,553.247,573.246,176.77,182.791,-0.30587879273364,-0.228527229276337,-0.0773515634573032,2025-10-09,"CAREER","Montipora capitata","Resistant",21,9,37.7,328.893,23.618174,NA,0.328893,-0.0646291819854392
"183","209",21,1,38,41,165.477,156.442,553.326,573.325,156.442,165.477,-0.522575079263612,-0.228527229276337,-0.294047849987276,2025-10-09,"CAREER","Montipora capitata","Susceptible",21,6,37.7,384.734,8.160202,NA,0.384734,-0.831819154846935
"184","210",21,1,38,41,155.513,143.606,553.534,573.534,143.606,155.513,-0.581416935483876,-0.228527229276337,-0.352889706207539,2025-10-09,"CAREER","Montipora capitata","Resistant",21,1,37.7,342.731,20.982387,NA,0.342731,-0.34585076111183
"185","241",21,1,38,41,179.897,175.674,553.379,573.379,175.674,179.897,-0.204444482919977,-0.228527229276337,0.0240827463563595,2025-10-09,"CAREER","Porites compressa","Susceptible",21,5,37.7,331.658,15.13832,"Sample stuck in dewar, mean SA of all other fragments",0.331658,0.0316570220119173
"186","242",21,1,38,41,181.129,176.237,553.282,573.281,176.237,181.129,-0.251507915167394,-0.228527229276337,-0.0229806858910576,2025-10-09,"CAREER","Porites compressa","Resistant",21,8,37.7,334.086,9.909312,NA,0.334086,-0.0464867314295879
"187","247",21,1,38,41,119.936,113.15,553.465,573.465,113.15,119.936,-0.167135294117644,-0.228527229276337,0.0613919351586924,2025-10-09,"CAREER","Porites compressa","Susceptible",21,3,37.7,329.655,16.334258,NA,0.329655,0.0743400467339456
"188","26",21,1,38,41,173.735,169.195,553.469,573.469,169.14,173.826,-0.283064615384616,-0.228527229276337,-0.0545373861082797,2025-10-09,"CAREER","Porites compressa","Susceptible",21,2,37.7,334.042,10.522366,NA,0.334042,-0.103880310932248
"189","41",21,1,38,41,174.308,170.815,553.187,573.188,170.722,174.341,-0.112572684642451,-0.228527229276337,0.115954544633886,2025-10-09,"CAREER","Porites compressa","Susceptible",21,10,37.7,331.7,11.246255,NA,0.3317,0.205199628436631
"190","205",22,1,18,122,239.074,325.4,0,60.507,239.074,325.4,1.00466837798592,-0.0675444015977468,1.07221277958366,2025-10-10,"CAREER","Montipora capitata","Susceptible",22,6,18.5,328.746,15.13832,"Sample stuck in dewar, mean SA of all other fragments",0.328746,1.39705989477172
"191","213",22,1,18,122,235.017,247.413,0.1,60.6,235.017,247.413,0.151554094570674,-0.0675444015977468,0.219098496168421,2025-10-10,"CAREER","Montipora capitata","Susceptible",22,1,18.5,336.184,4.952924,NA,0.336184,0.892289994789556
"192","214",22,1,18,122,169.099,188.455,0,60.502,169.099,188.455,0.170828920894778,-0.0675444015977468,0.238373322492525,2025-10-10,"CAREER","Montipora capitata","Resistant",22,3,18.5,339.801,24.06844,NA,0.339801,0.201922916540372
"193","221",22,1,18,122,244.077,268.137,0,60.499,244.077,268.137,0.304689429143555,-0.0675444015977468,0.372233830741302,2025-10-10,"CAREER","Montipora capitata","Susceptible",22,8,18.5,340.559,19.222887,NA,0.340559,0.395677031748957
"194","239",22,1,18,122,250.014,272.912,0,60.493,250.014,272.912,0.374416382139641,-0.0675444015977468,0.441960783737387,2025-10-10,"CAREER","Porites compressa","Susceptible",22,4,18.5,343.947,11.256645,NA,0.343947,0.810247204299984
"195","244",22,1,18,122,188.631,248.484,0,60.507,188.631,248.484,0.94264042997371,-0.0675444015977468,1.01018483157146,2025-10-10,"CAREER","Porites compressa","Resistant",22,7,18.5,335.519,15.13832,"Sample stuck in dewar, mean SA of all other fragments",0.335519,1.34335727281769
"196","248",22,1,18,122,251.553,289.782,0.043,60.543,251.553,289.782,0.650888907474788,-0.0675444015977468,0.718433309072534,2025-10-10,"CAREER","Porites compressa","Resistant",22,2,18.5,336.895,15.645005,NA,0.336895,0.928232070210236
"197","28",22,1,18,122,250.348,300.904,0,60.508,250.348,300.904,0.844563727744964,-0.0675444015977468,0.912108129342711,2025-10-10,"CAREER","Porites compressa","Susceptible",22,9,18.5,316.134,15.13832,"Sample stuck in dewar, mean SA of all other fragments",0.316134,1.14285491928416
"198","43",22,1,18,122,242.252,265.891,0,60.501,242.252,265.891,0.384560266642257,-0.0675444015977468,0.452104668240004,2025-10-10,"CAREER","Porites compressa","Susceptible",22,5,18.5,336.43,11.246255,NA,0.33643,0.811478524376254
"199","205",23,1,22,123,241.003,325.464,83.859,144.857,241.003,325.464,1.45071566761909,-0.0664344953195769,1.51715016293867,2025-10-10,"CAREER","Montipora capitata","Susceptible",23,6,22,328.683,15.13832,"Sample stuck in dewar, mean SA of all other fragments",0.328683,1.97642063454269
"200","213",23,1,22,122,218.808,231.604,84.1,144.6,218.808,231.676,0.197497798485731,-0.0664344953195769,0.263932293805308,2025-10-10,"CAREER","Montipora capitata","Susceptible",23,1,22,346.003,4.952924,NA,0.346003,1.10627215907433
"201","214",23,1,22,122,165.551,185.26,84.003,144.502,165.551,185.26,0.304751514409277,-0.0664344953195769,0.371186009728854,2025-10-10,"CAREER","Montipora capitata","Resistant",23,3,22,339.476,24.06844,NA,0.339476,0.314126071748844
"202","221",23,1,22,122,229.615,252.8,83.871,144.366,228.813,252.8,0.373638597721456,-0.0664344953195769,0.440073093041033,2025-10-10,"CAREER","Montipora capitata","Susceptible",23,8,22,335.731,19.222887,NA,0.335731,0.461157097577775
"203","239",23,1,22,122,233.438,261.18,83.96,144.46,233.426,261.18,0.466637933132654,-0.0664344953195769,0.533072428452231,2025-10-10,"CAREER","Porites compressa","Susceptible",23,4,22,343.201,11.256645,NA,0.343201,0.97516262003768
"204","244",23,1,22,122,179.151,246.447,83.848,144.356,179.151,246.447,1.16563042007996,-0.0664344953195769,1.23206491539954,2025-10-10,"CAREER","Porites compressa","Resistant",23,7,22,334.651,15.13832,"Sample stuck in dewar, mean SA of all other fragments",0.334651,1.63417772647178
"205","248",23,1,22,122,233.483,288.492,84.06,144.56,233.391,288.492,0.947794618402966,-0.0664344953195769,1.01422911372254,2025-10-10,"CAREER","Porites compressa","Resistant",23,2,22,332.522,15.645005,NA,0.332522,1.29339745185092
"206","28",23,1,22,122,231.807,295.917,83.873,144.375,231.807,295.917,1.0731285926108,-0.0664344953195769,1.13956308793038,2025-10-10,"CAREER","Porites compressa","Susceptible",23,9,22,338.686,15.13832,"Sample stuck in dewar, mean SA of all other fragments",0.338686,1.52971028753041
"207","43",23,1,22,122,225.854,257.821,83.918,144.418,225.854,257.821,0.538982539913976,-0.0664344953195769,0.605417035233553,2025-10-10,"CAREER","Porites compressa","Susceptible",23,5,22,335.956,11.246255,NA,0.335956,1.08512648248998
"208","205",24,1,25,122,248.789,356.061,180.89,241.39,248.789,356.061,1.80369179697256,-0.0755905146726627,1.87928231164523,2025-10-10,"CAREER","Montipora capitata","Susceptible",24,6,25,324.365,15.13832,"Sample stuck in dewar, mean SA of all other fragments",0.324365,2.41601475071264
"209","213",24,1,25,122,213.641,228.026,181.1,241.6,213.641,228.118,0.239641489585524,-0.0755905146726627,0.315232004258187,2025-10-10,"CAREER","Montipora capitata","Susceptible",24,1,25,345.53,4.952924,NA,0.34553,1.31948862245411
"210","214",24,1,25,122,170.759,192.339,181.002,241.502,170.759,192.339,0.356074195120404,-0.0755905146726627,0.431664709793066,2025-10-10,"CAREER","Montipora capitata","Resistant",24,3,25,339.933,24.06844,NA,0.339933,0.365799561070231
"211","221",24,1,25,123,230.673,259.465,180.766,241.766,230.673,259.465,0.458746480567112,-0.0755905146726627,0.534336995239775,2025-10-10,"CAREER","Montipora capitata","Susceptible",24,8,25,336.724,19.222887,NA,0.336724,0.561593345635704
"212","239",24,1,25,123,229.832,262.512,180.943,241.943,229.832,262.512,0.551271136123455,-0.0755905146726627,0.626861650796118,2025-10-10,"CAREER","Porites compressa","Susceptible",24,4,25,342.249,11.256645,NA,0.342249,1.14355266488365
"213","244",24,1,25,122,191.925,283.308,180.839,241.34,191.925,283.308,1.52883547773222,-0.0755905146726627,1.60442599240489,2025-10-10,"CAREER","Porites compressa","Resistant",24,7,25,336.776,15.13832,"Sample stuck in dewar, mean SA of all other fragments",0.336776,2.14158044492975
"214","248",24,1,25,122,236.876,309.209,181.059,241.56,236.876,309.209,1.19083797775802,-0.0755905146726627,1.26642849243068,2025-10-10,"CAREER","Porites compressa","Resistant",24,2,25,335.416,15.645005,NA,0.335416,1.62907092410822
"215","28",24,1,25,123,218.341,318.916,180.724,241.724,218.341,318.916,1.32331324736599,-0.0755905146726627,1.39890376203865,2025-10-10,"CAREER","Porites compressa","Susceptible",24,9,25,332.603,15.13832,"Sample stuck in dewar, mean SA of all other fragments",0.332603,1.84411316961991
"216","43",24,1,25,122,223.978,262.548,180.934,241.435,223.978,262.548,0.67279791283077,-0.0755905146726627,0.748388427503433,2025-10-10,"CAREER","Porites compressa","Susceptible",24,5,25,335.176,11.246255,NA,0.335176,1.33826863917041
"217","205",25,1,28,121,212.258,312.832,264.5,324.507,212.152,312.832,1.69639781903332,-0.0915444887292023,1.78794230776252,2025-10-10,"CAREER","Montipora capitata","Susceptible",25,6,28,327.218,15.13832,"Sample stuck in dewar, mean SA of all other fragments",0.327218,2.31880514903147
"218","213",25,1,28,122,191.404,205.152,264.491,325,191.404,205.165,0.2267857583611,-0.0915444887292023,0.318330247090302,2025-10-10,"CAREER","Montipora capitata","Susceptible",25,1,28,322.9,4.952924,NA,0.3229,1.24518975197833
"219","214",25,1,28,121,149.757,171.893,264.499,324.502,149.179,171.893,0.403210826442816,-0.0915444887292023,0.494755315172018,2025-10-10,"CAREER","Montipora capitata","Resistant",25,3,28,340.184,24.06844,NA,0.340184,0.419573122653096
"220","221",25,1,28,121,203.161,229.462,264.514,324.516,202.398,229.462,0.491529563196893,-0.0915444887292023,0.583074051926095,2025-10-10,"CAREER","Montipora capitata","Susceptible",25,8,28,335.774,19.222887,NA,0.335774,0.611087523049267
"221","239",25,1,28,121,203.358,242.943,264.504,324.51,203.358,242.943,0.689741207441207,-0.0915444887292023,0.781285696170409,2025-10-10,"CAREER","Porites compressa","Susceptible",25,4,28,342.538,11.256645,NA,0.342538,1.42646431398425
"222","244",25,1,28,121,157.402,247.676,264.501,324.506,157.126,247.676,1.64334002642659,-0.0915444887292023,1.73488451515579,2025-10-10,"CAREER","Porites compressa","Resistant",25,7,28,334.479,15.13832,"Sample stuck in dewar, mean SA of all other fragments",0.334479,2.29992140902607
"223","248",25,1,28,122,203.589,273.434,264.488,324.993,203.589,273.434,1.199827175993,-0.0915444887292023,1.2913716647222,2025-10-10,"CAREER","Porites compressa","Resistant",25,2,28,336.941,15.645005,NA,0.336941,1.66870918897053
"224","28",25,1,28,121,200.748,274.5,264.512,324.508,200.748,274.5,1.27288154673898,-0.0915444887292023,1.36442603546818,2025-10-10,"CAREER","Porites compressa","Susceptible",25,9,28,330.141,15.13832,"Sample stuck in dewar, mean SA of all other fragments",0.330141,1.78534860846712
"225","43",25,1,28,121,198.673,234.541,264.506,324.501,198.334,234.541,0.651192722507849,-0.0915444887292023,0.742737211237051,2025-10-10,"CAREER","Porites compressa","Susceptible",25,5,28,331.846,11.246255,NA,0.331846,1.31496772534592
"226","205",26,1,31,122,194.365,286.936,347.072,407.574,194.365,286.936,1.65719353239971,-0.105501456810205,1.76269498920992,2025-10-10,"CAREER","Montipora capitata","Susceptible",26,6,31.3,325.505,15.13832,"Sample stuck in dewar, mean SA of all other fragments",0.325505,2.27409395149306
"227","213",26,1,31,122,177.107,192.399,347.084,407.584,177.107,192.399,0.241929985316539,-0.105501456810205,0.347431442126744,2025-10-10,"CAREER","Montipora capitata","Susceptible",26,1,31.3,345.831,4.952924,NA,0.345831,1.45553490902102
"228","214",26,1,31,122,142.834,162.575,347.085,407.585,142.644,162.575,0.372599614148127,-0.105501456810205,0.478101070958332,2025-10-10,"CAREER","Montipora capitata","Resistant",26,3,31.3,339.5,24.06844,NA,0.3395,0.404634401540824
"229","221",26,1,31,122,194.686,217.796,347.06,407.566,194.686,217.796,0.413560510373276,-0.105501456810205,0.519061967183481,2025-10-10,"CAREER","Montipora capitata","Susceptible",26,8,31.3,339.891,19.222887,NA,0.339891,0.550670118659993
"230","239",26,1,31,122,195.714,229.72,347.087,407.593,195.643,229.72,0.593309364278287,-0.105501456810205,0.698810821088492,2025-10-10,"CAREER","Porites compressa","Susceptible",26,4,31.3,337.479,11.256645,NA,0.337479,1.25703872027655
"231","244",26,1,31,122,155.561,242.72,347.063,407.556,155.494,242.72,1.50668705919548,-0.105501456810205,1.61218851600569,2025-10-10,"CAREER","Porites compressa","Resistant",26,7,31.3,335.155,15.13832,"Sample stuck in dewar, mean SA of all other fragments",0.335155,2.14158390923915
"232","248",26,1,31,122,194.885,256.423,347.086,407.593,194.372,256.423,1.06251602805602,-0.105501456810205,1.16801748486623,2025-10-10,"CAREER","Porites compressa","Resistant",26,2,31.3,332.959,15.645005,NA,0.332959,1.49147386176063
"233","28",26,1,31,122,193.771,262.497,347.059,407.558,193.445,262.497,1.20843610815837,-0.105501456810205,1.31393756496857,2025-10-10,"CAREER","Porites compressa","Susceptible",26,9,31.3,333.262,15.13832,"Sample stuck in dewar, mean SA of all other fragments",0.333262,1.7355378698953
"234","43",26,1,31,122,190.077,220.849,347.084,407.584,190.077,220.849,0.530968214445298,-0.105501456810205,0.636469671255503,2025-10-10,"CAREER","Porites compressa","Susceptible",26,5,31.3,331.19,11.246255,NA,0.33119,1.12460044925058
"235","205",27,1,34,122,178.22,233.183,429.886,490.391,178.22,233.183,1.03446199004016,-0.0844905825401803,1.11895257258034,2025-10-10,"CAREER","Montipora capitata","Susceptible",27,6,34.4,326.593,15.13832,"Sample stuck in dewar, mean SA of all other fragments",0.326593,1.44841202010552
"236","213",27,1,34,122,156.496,162.919,430.083,490.583,156.496,163.56,0.115750310576883,-0.0844905825401803,0.200240893117064,2025-10-10,"CAREER","Montipora capitata","Susceptible",27,1,34.4,343.921,4.952924,NA,0.343921,0.834259296549435
"237","214",27,1,34,122,123.466,135.026,430.002,490.502,123.396,135.352,0.304887947358651,-0.0844905825401803,0.389378529898832,2025-10-10,"CAREER","Montipora capitata","Resistant",27,3,34.4,340.184,24.06844,NA,0.340184,0.330209217917998
"238","221",27,1,34,122,174.142,175.766,429.876,490.382,174.142,177.409,-0.0500505914903742,-0.0844905825401803,0.0344399910498061,2025-10-10,"CAREER","Montipora capitata","Susceptible",27,8,34.4,337.123,19.222887,NA,0.337123,0.0362396546450607
"239","239",27,1,34,123,170.888,181.666,429.943,490.944,170.888,182.08,0.282235527049418,-0.0844905825401803,0.366726109589598,2025-10-10,"CAREER","Porites compressa","Susceptible",27,4,34.4,342.148,11.256645,NA,0.342148,0.668802853481807
"240","244",27,1,34,122,133.779,188.749,429.872,490.373,133.779,188.749,0.976460105556627,-0.0844905825401803,1.06095068809681,2025-10-10,"CAREER","Porites compressa","Resistant",27,7,34.4,335.635,15.13832,"Sample stuck in dewar, mean SA of all other fragments",0.335635,1.41135416954869
"241","248",27,1,34,122,178.527,215.967,430.043,490.543,178.243,215.99,0.682539612801149,-0.0844905825401803,0.76703019534133,2025-10-10,"CAREER","Porites compressa","Resistant",27,2,34.4,340.495,15.645005,NA,0.340495,1.00161021244575
"242","28",27,1,34,122,176.994,221.353,429.876,490.375,176.977,221.353,0.835325516476976,-0.0844905825401803,0.919816099017156,2025-10-10,"CAREER","Porites compressa","Susceptible",27,9,34.4,336.231,15.13832,"Sample stuck in dewar, mean SA of all other fragments",0.336231,1.22577942646993
"243","43",27,1,34,122,167.885,179.9,429.935,490.435,167.885,180.125,0.254525531255864,-0.0844905825401803,0.339016113796044,2025-10-10,"CAREER","Porites compressa","Susceptible",27,5,34.4,334.971,11.246255,NA,0.334971,0.605858038899392
"244","205",28,1,38,41,165.339,150.167,554.84,574.84,150.167,165.339,-0.842964673866128,-0.228527229276337,-0.614437444589791,2025-10-10,"CAREER","Montipora capitata","Susceptible",28,6,37.5,324.824,15.13832,"Sample stuck in dewar, mean SA of all other fragments",0.324824,-0.79104165522238
"245","213",28,1,38,41,151.917,148.476,555.05,575.05,148.38,151.917,-0.182625724248647,-0.228527229276337,0.0459015050276895,2025-10-10,"CAREER","Montipora capitata","Susceptible",28,1,37.5,344.737,4.952924,NA,0.344737,0.191692185933771
"246","214",28,1,38,41,107.582,104.475,554.952,574.953,104.475,107.582,-0.161582031638761,-0.228527229276337,0.0669451976375761,2025-10-10,"CAREER","Montipora capitata","Resistant",28,3,37.5,339.245,24.06844,NA,0.339245,0.0566156100833112
"247","221",28,1,38,41,152.645,145.147,554.733,574.733,145.147,152.674,-0.3910822093639,-0.228527229276337,-0.162554980087563,2025-10-10,"CAREER","Montipora capitata","Susceptible",28,8,37.5,337.16,19.222887,NA,0.33716,-0.171068072406572
"248","239",28,1,38,41,158.838,155.136,554.91,574.91,154.963,158.838,-0.198626324786325,-0.228527229276337,0.0299009044900119,2025-10-10,"CAREER","Porites compressa","Susceptible",28,4,37.5,342.148,11.256645,NA,0.342148,0.0545306421377697
"249","244",28,1,38,41,129.845,128.264,554.789,574.789,128.264,130.348,0.010938282482526,-0.228527229276337,0.239465511758863,2025-10-10,"CAREER","Porites compressa","Resistant",28,7,37.5,333.517,15.13832,"Sample stuck in dewar, mean SA of all other fragments",0.333517,0.316544315691361
"250","248",28,1,38,41,170.807,168.958,554.993,574.993,168.958,170.934,-0.0942926108374378,-0.228527229276337,0.134234618438899,2025-10-10,"CAREER","Porites compressa","Resistant",28,2,37.5,336.164,15.645005,NA,0.336164,0.173057840273854
"251","28",28,1,38,41,167.9,166.499,554.725,574.725,166.459,168.11,-0.115341133216032,-0.228527229276337,0.113186096060304,2025-10-10,"CAREER","Porites compressa","Susceptible",28,9,37.5,334.241,15.13832,"Sample stuck in dewar, mean SA of all other fragments",0.334241,0.149943060788617
"252","43",28,1,38,41,158.16,152.741,554.901,574.901,152.741,158.16,-0.285750162825741,-0.228527229276337,-0.0572229335494042,2025-10-10,"CAREER","Porites compressa","Susceptible",28,5,37.5,333.441,11.246255,NA,0.333441,-0.101796405215675
"253","20",29,1,18,121,212.404,274.457,0,59.995,212.404,274.457,1.00141432166075,-0.0675444015977468,1.0689587232585,2025-10-11,"CAREER","Montipora capitata","Resistant",29,7,18.4,335.623,36.159809,NA,0.335623,0.595302591741325
"254","203",29,1,18,121,198.206,232.75,0,59.994,198.206,232.75,0.587941885127293,-0.0675444015977468,0.65548628672504,2025-10-11,"CAREER","Montipora capitata","Susceptible",29,3,18.4,331.843,33.212299,NA,0.331843,0.392960214851186
"255","225",29,1,18,121,265.143,303.564,0,60.004,265.143,303.564,0.617497108716526,-0.0675444015977468,0.685041510314273,2025-10-11,"CAREER","Porites compressa","Susceptible",29,4,18.4,344.188,13.888969,NA,0.344188,1.01857697580885
"256","234",29,1,18,121,262.325,330.729,0,59.994,262.325,330.729,0.807423782687612,-0.0675444015977468,0.874968184285359,2025-10-11,"CAREER","Porites compressa","Resistant",29,6,18.4,221.058,14.574758,NA,0.221058,0.796248075810602
"257","235",29,1,18,121,258.061,304.294,0,59.997,258.061,304.294,0.661383733421471,-0.0675444015977468,0.728928135019218,2025-10-11,"CAREER","Porites compressa","Susceptible",29,2,18.4,339.304,13.972095,NA,0.339304,1.06209511998549
"258","238",29,1,18,121,249.864,290.696,0,60,249.864,290.696,0.631829244801414,-0.0675444015977468,0.699373646399161,2025-10-11,"CAREER","Porites compressa","Resistant",29,1,18.4,343.4395,12.292257,"no vol for 238 18C, averaged vols from other temps",0.3434395,1.17240895028067
"259","29",29,1,18,121,261.993,305.421,0,60,261.993,305.421,0.695035701861053,-0.0675444015977468,0.7625801034588,2025-10-11,"CAREER","Porites compressa","Resistant",29,8,18.4,337.838,15.336746,NA,0.337838,1.00788734582543
"260","20",30,1,22,124,193.13,274.619,79.078,140.578,193.13,274.619,1.34198547799776,-0.0664344953195769,1.40841997331733,2025-10-11,"CAREER","Montipora capitata","Resistant",30,7,21.7,334.475,36.159809,NA,0.334475,0.78166552911048
"261","203",30,1,22,124,171.737,219.664,79.243,140.743,171.737,219.664,0.643843898850556,-0.0664344953195769,0.710278394170133,2025-10-11,"CAREER","Montipora capitata","Susceptible",30,3,21.7,332.484,33.212299,NA,0.332484,0.426630270203088
"262","225",30,1,22,124,240.634,293.747,79.221,140.721,240.634,293.747,0.863894957022257,-0.0664344953195769,0.930329452341834,2025-10-11,"CAREER","Porites compressa","Susceptible",30,4,21.7,341.107,13.888969,NA,0.341107,1.37090905091645
"263","234",30,1,22,124,252.11,325.499,79.144,140.644,252.11,325.499,1.14262629015964,-0.0664344953195769,1.20906078547922,2025-10-11,"CAREER","Porites compressa","Resistant",30,6,21.7,332.461,14.574758,NA,0.332461,1.65477419714773
"264","235",30,1,22,124,237.997,302.796,79.28,140.78,237.997,302.796,1.02456786957211,-0.0664344953195769,1.09100236489168,2025-10-11,"CAREER","Porites compressa","Susceptible",30,2,21.7,339.773,13.972095,NA,0.339773,1.59185782744682
"265","238",30,1,22,124,225.609,282.732,79.334,140.834,225.609,282.732,0.888491490857947,-0.0664344953195769,0.954925986177523,2025-10-11,"CAREER","Porites compressa","Resistant",30,1,21.7,343.722,12.292257,NA,0.343722,1.60212597159778
"266","29",30,1,22,124,240.137,297.773,79.033,140.533,240.137,297.773,0.920461392703397,-0.0664344953195769,0.986895888022974,2025-10-11,"CAREER","Porites compressa","Resistant",30,8,21.7,337.032,15.336746,NA,0.337032,1.30124928038383
"267","20",31,1,25,121,181.61,281.187,159.706,219.711,181.61,281.187,1.7338496093866,-0.0755905146726627,1.80944012405927,2025-10-11,"CAREER","Montipora capitata","Resistant",31,7,25.1,336.214,36.159809,NA,0.336214,1.00945074439491
"268","203",31,1,25,122,162.588,218.472,159.706,220.21,162.588,218.472,0.924777321712131,-0.0755905146726627,1.00036783638479,2025-10-11,"CAREER","Montipora capitata","Susceptible",31,3,25.1,333.899,33.212299,NA,0.333899,0.603430350065883
"269","225",31,1,25,121,223.403,283.209,159.71,219.704,223.403,283.209,1.00434763497372,-0.0755905146726627,1.07993814964638,2025-10-11,"CAREER","Porites compressa","Susceptible",31,4,25.1,344.048,13.888969,NA,0.344048,1.60508916324692
"270","234",31,1,25,121,231.737,313.204,159.711,219.71,231.737,313.204,1.25986073801973,-0.0755905146726627,1.33545125269239,2025-10-11,"CAREER","Porites compressa","Resistant",31,6,25.1,328.939,14.574758,NA,0.328939,1.80839503314998
"271","235",31,1,25,122,225.154,293.645,159.706,220.213,225.154,293.645,1.13928380041012,-0.0755905146726627,1.21487431508278,2025-10-11,"CAREER","Porites compressa","Susceptible",31,2,25.1,339.842,13.972095,NA,0.339842,1.7729566696463
"272","238",31,1,25,122,211.507,266.939,159.706,220.201,211.507,266.939,0.866276242214995,-0.0755905146726627,0.941866756887658,2025-10-11,"CAREER","Porites compressa","Resistant",31,1,25.1,342.812,12.292257,NA,0.342812,1.57603226158795
"273","29",31,1,25,121,227.307,292.754,159.705,219.7,227.307,292.754,1.09883327779423,-0.0755905146726627,1.17442379246689,2025-10-11,"CAREER","Porites compressa","Resistant",31,8,25.1,337.323,15.336746,NA,0.337323,1.54984697645632
"274","20",32,1,28,122,170.236,274.14,240.095,300.595,170.236,274.14,1.80255522701426,-0.0915444887292023,1.89409971574346,2025-10-11,"CAREER","Montipora capitata","Resistant",32,7,28.1,337.272,36.159809,NA,0.337272,1.06000581915944
"275","203",32,1,28,122,153.656,214.699,240.243,300.744,153.656,214.699,1.0119573562455,-0.0915444887292023,1.1035018449747,2025-10-11,"CAREER","Montipora capitata","Susceptible",32,3,28.1,335.337,33.212299,NA,0.335337,0.668508370688126
"276","225",32,1,28,122,209.969,277.522,240.204,300.704,209.969,277.522,1.11311888296618,-0.0915444887292023,1.20466337169538,2025-10-11,"CAREER","Porites compressa","Susceptible",32,4,28.1,344.646,13.888969,NA,0.344646,1.79357767621769
"277","234",32,1,28,123,214.913,307.897,240.11,301.11,214.913,307.897,1.4863018560978,-0.0915444887292023,1.577846344827,2025-10-11,"CAREER","Porites compressa","Resistant",32,6,28.1,329.362,14.574758,NA,0.329362,2.13938081644269
"278","235",32,1,28,122,209.874,288.377,240.297,300.796,209.874,288.377,1.3192965242825,-0.0915444887292023,1.41084101301171,2025-10-11,"CAREER","Porites compressa","Susceptible",32,2,28.1,336.316,13.972095,NA,0.336316,2.03758308026983
"279","238",32,1,28,122,194.962,255.503,240.334,300.834,194.962,255.503,0.973574900888587,-0.0915444887292023,1.06511938961779,2025-10-11,"CAREER","Porites compressa","Resistant",32,1,28.1,345.006,12.292257,NA,0.345006,1.79367831376032
"280","29",32,1,28,122,213.316,278.345,240.05,300.55,213.316,278.345,1.10828158074299,-0.0915444887292023,1.1998260694722,2025-10-11,"CAREER","Porites compressa","Resistant",32,8,28.1,339.497,15.336746,NA,0.339497,1.59357409103966
"281","20",33,1,31,122,161.323,260.56,320.258,380.762,161.047,260.56,1.75124705214544,-0.105501456810205,1.85674850895565,2025-10-11,"CAREER","Montipora capitata","Resistant",33,7,31.3,333.851,36.159809,NA,0.333851,1.02856297686199
"282","203",33,1,31,122,144.255,201.147,320.26,380.76,144.255,201.147,0.936573993976167,-0.105501456810205,1.04207545078637,2025-10-11,"CAREER","Montipora capitata","Susceptible",33,3,31.3,331.415,33.212299,NA,0.331415,0.62391242868619
"283","225",33,1,31,122,198.863,262.783,320.257,380.754,198.863,262.783,1.06137467905229,-0.105501456810205,1.1668761358625,2025-10-11,"CAREER","Porites compressa","Susceptible",33,4,31.3,343.138,13.888969,NA,0.343138,1.72971605095058
"284","234",33,1,31,122,206.138,294.834,320.266,380.76,206.138,294.834,1.58646576425424,-0.105501456810205,1.69196722106444,2025-10-11,"CAREER","Porites compressa","Resistant",33,6,31.3,327.505,14.574758,NA,0.327505,2.28118116843399
"285","235",33,1,31,122,200.952,269.697,320.296,380.796,200.858,269.697,1.13722820129566,-0.105501456810205,1.24272965810587,2025-10-11,"CAREER","Porites compressa","Susceptible",33,2,31.3,338.24,13.972095,NA,0.33824,1.80505878133979
"286","238",33,1,31,123,184.995,237.756,320.301,381.301,184.995,237.756,0.85976941855747,-0.105501456810205,0.965270875367675,2025-10-11,"CAREER","Porites compressa","Resistant",33,1,31.3,342.436,12.292257,NA,0.342436,1.61342297420598
"287","29",33,1,31,122,201.977,263.308,320.254,380.75,201.977,263.308,1.05108973843058,-0.105501456810205,1.15659119524079,2025-10-11,"CAREER","Porites compressa","Resistant",33,8,31.3,335.774,15.336746,NA,0.335774,1.51930501551286
"288","20",34,1,34,122,141.446,204.79,401.095,461.596,141.446,204.987,1.01822452444593,-0.0844905825401803,1.10271510698611,2025-10-11,"CAREER","Montipora capitata","Resistant",34,7,34.6,332.694,36.159809,NA,0.332694,0.608742208461837
"289","203",34,1,34,122,125.383,162.913,401.26,461.761,125.383,162.913,0.639740440253774,-0.0844905825401803,0.724231022793954,2025-10-11,"CAREER","Montipora capitata","Susceptible",34,3,34.6,329.973,33.212299,NA,0.329973,0.431725638657636
"290","225",34,1,34,122,182.484,229.813,401.204,461.704,182.484,229.813,0.804983620368737,-0.0844905825401803,0.889474202908917,2025-10-11,"CAREER","Porites compressa","Susceptible",34,4,34.6,341.91,13.888969,NA,0.34191,1.31379136082709
"291","234",34,1,34,123,192.986,247.681,401.11,462.11,192.134,247.681,1.02850372280497,-0.0844905825401803,1.11299430534515,2025-10-11,"CAREER","Porites compressa","Resistant",34,6,34.6,324.402,14.574758,NA,0.324402,1.48636805623494
"292","235",34,1,34,122,183.497,237.666,401.296,461.797,183.497,237.666,0.912847506050715,-0.0844905825401803,0.997338088590895,2025-10-11,"CAREER","Porites compressa","Susceptible",34,2,34.6,334.402,13.972095,NA,0.334402,1.43219117033332
"293","238",34,1,34,123,169.747,208.4,401.301,462.301,169.747,208.4,0.638396774338139,-0.0844905825401803,0.722887356878319,2025-10-11,"CAREER","Porites compressa","Resistant",34,1,34.6,343.401,12.292257,NA,0.343401,1.21169078016855
"294","29",34,1,34,122,185.917,216.761,401.033,461.533,185.917,216.761,0.557542396630921,-0.0844905825401803,0.642032979171101,2025-10-11,"CAREER","Porites compressa","Resistant",34,8,34.6,335.672,15.336746,NA,0.335672,0.843122110195952
"295","20",35,1,38,41,151.038,144.341,545.029,565.028,144.301,151.222,-0.246306348131679,-0.228527229276337,-0.0177791188553419,2025-10-11,"CAREER","Montipora capitata","Resistant",35,7,38.1,328.995,36.159809,NA,0.328995,-0.00970565061526717
"296","203",35,1,38,41,114.976,108.299,545.077,565.077,108.236,114.976,-0.316320945526089,-0.228527229276337,-0.087793716249752,2025-10-11,"CAREER","Montipora capitata","Susceptible",35,3,38.1,330.512,33.212299,NA,0.330512,-0.0524207193458147
"297","225",35,1,38,41,188.873,186.217,545.037,565.037,186.079,188.893,-0.139398380232724,-0.228527229276337,0.0891288490436132,2025-10-11,"CAREER","Porites compressa","Susceptible",35,4,38.1,335.825,13.888969,NA,0.335825,0.1293041797274
"298","234",35,1,38,41,199.37,197.746,545.044,565.043,197.746,199.416,-0.0660515416258186,-0.228527229276337,0.162475687650518,2025-10-11,"CAREER","Porites compressa","Resistant",35,6,38.1,321.246,14.574758,NA,0.321246,0.214870112100572
"299","235",35,1,38,41,195.478,194.434,545.08,565.08,194.434,195.879,-0.0588556668882077,-0.228527229276337,0.169671562388129,2025-10-11,"CAREER","Porites compressa","Susceptible",35,2,38.1,338.283,13.972095,NA,0.338283,0.246478449249065
"300","238",35,1,38,41,169.17,165.78,545.068,565.068,165.78,169.19,-0.174202491422062,-0.228527229276337,0.054324737854275,2025-10-11,"CAREER","Porites compressa","Resistant",35,1,38.1,343.26,12.292257,NA,0.34326,0.0910207597312281
"301","29",35,1,38,41,179.213,173.184,545,565,173.184,179.292,-0.29300403238799,-0.228527229276337,-0.064476803111653,2025-10-11,"CAREER","Porites compressa","Resistant",35,8,38.1,327.107,15.336746,NA,0.327107,-0.0825109066895031
