"","Colony_ID","Run.x","Interval","Light_Value","N_points","O2_start","O2_end","DeltaT_min","DeltaT_max","O2_min","O2_max","Slope","Date","Project","Species","Phenotype","Run.y","Chamber","Chamber_Volume_mL","Surface_Area_cm2","Notes","Chamber_Volume_L","Slope_norm"
"1","214",1,1,0,300,41.9110166666667,33.8260166666667,70.753,85.703,33.8260166666667,43.6750166666667,-0.872365453670736,2025-05-08,"CAREER - Phys","Montipora capitata","Resistant",1,1,235.296,16.84629821,"Chamber vol for May 2025 from https://docs.google.com/spreadsheets/d/1ynUEL58zBLLtYkHcnG4ZssgsjUJf6HJE8lvM_JxutIM/edit?gid=0#gid=0 and cross-referencing round and zub # to Run and light zub # from https://docs.google.com/spreadsheets/d/1FRW4BGAmn3yW8qYeTmIi_E8RQmw-t8Nx4o4o9Cgf9BA/edit?gid=0#gid=0. SA for May 2025 has not been received from Spencer yet",0.235296,-0.731071357854977
"2","214",1,2,139,275,1.2461586715867,0.763158671586694,0,13.703,0.534158671586709,1.2461586715867,-0.0126750183660185,2025-05-08,"CAREER - Phys","Montipora capitata","Resistant",1,1,235.296,16.84629821,"Chamber vol for May 2025 from https://docs.google.com/spreadsheets/d/1ynUEL58zBLLtYkHcnG4ZssgsjUJf6HJE8lvM_JxutIM/edit?gid=0#gid=0 and cross-referencing round and zub # to Run and light zub # from https://docs.google.com/spreadsheets/d/1FRW4BGAmn3yW8qYeTmIi_E8RQmw-t8Nx4o4o9Cgf9BA/edit?gid=0#gid=0. SA for May 2025 has not been received from Spencer yet",0.235296,-0.0106220883102271
"3","214",1,3,267,200,0.635595000000023,2.91359500000002,14.753,24.703,0.605595000000022,2.91359500000002,0.272807907490475,2025-05-08,"CAREER - Phys","Montipora capitata","Resistant",1,1,235.296,16.84629821,"Chamber vol for May 2025 from https://docs.google.com/spreadsheets/d/1ynUEL58zBLLtYkHcnG4ZssgsjUJf6HJE8lvM_JxutIM/edit?gid=0#gid=0 and cross-referencing round and zub # to Run and light zub # from https://docs.google.com/spreadsheets/d/1FRW4BGAmn3yW8qYeTmIi_E8RQmw-t8Nx4o4o9Cgf9BA/edit?gid=0#gid=0. SA for May 2025 has not been received from Spencer yet",0.235296,0.22862212908985
"4","214",1,4,385,180,3.38947777777778,8.12447777777777,25.753,34.703,3.19647777777777,8.12447777777777,0.601780254961132,2025-05-08,"CAREER - Phys","Montipora capitata","Resistant",1,1,235.296,16.84629821,"Chamber vol for May 2025 from https://docs.google.com/spreadsheets/d/1ynUEL58zBLLtYkHcnG4ZssgsjUJf6HJE8lvM_JxutIM/edit?gid=0#gid=0 and cross-referencing round and zub # to Run and light zub # from https://docs.google.com/spreadsheets/d/1FRW4BGAmn3yW8qYeTmIi_E8RQmw-t8Nx4o4o9Cgf9BA/edit?gid=0#gid=0. SA for May 2025 has not been received from Spencer yet",0.235296,0.504311932887247
"5","214",1,5,716,180,8.93457222222222,15.6175722222222,35.753,44.704,8.91757222222222,15.6185722222222,0.787533071019736,2025-05-08,"CAREER - Phys","Montipora capitata","Resistant",1,1,235.296,16.84629821,"Chamber vol for May 2025 from https://docs.google.com/spreadsheets/d/1ynUEL58zBLLtYkHcnG4ZssgsjUJf6HJE8lvM_JxutIM/edit?gid=0#gid=0 and cross-referencing round and zub # to Run and light zub # from https://docs.google.com/spreadsheets/d/1FRW4BGAmn3yW8qYeTmIi_E8RQmw-t8Nx4o4o9Cgf9BA/edit?gid=0#gid=0. SA for May 2025 has not been received from Spencer yet",0.235296,0.65997899064376
"6","214",1,6,930,180,16.9023611111111,25.0233611111111,45.754,54.703,16.9023611111111,25.0393611111111,0.906117906289399,2025-05-08,"CAREER - Phys","Montipora capitata","Resistant",1,1,235.296,16.84629821,"Chamber vol for May 2025 from https://docs.google.com/spreadsheets/d/1ynUEL58zBLLtYkHcnG4ZssgsjUJf6HJE8lvM_JxutIM/edit?gid=0#gid=0 and cross-referencing round and zub # to Run and light zub # from https://docs.google.com/spreadsheets/d/1FRW4BGAmn3yW8qYeTmIi_E8RQmw-t8Nx4o4o9Cgf9BA/edit?gid=0#gid=0. SA for May 2025 has not been received from Spencer yet",0.235296,0.759357039346642
"7","214",1,7,1243,280,26.6096178571429,40.4956178571429,55.753,69.703,26.4886178571429,40.4956178571429,1.02335894662136,2025-05-08,"CAREER - Phys","Montipora capitata","Resistant",1,1,235.296,16.84629821,"Chamber vol for May 2025 from https://docs.google.com/spreadsheets/d/1ynUEL58zBLLtYkHcnG4ZssgsjUJf6HJE8lvM_JxutIM/edit?gid=0#gid=0 and cross-referencing round and zub # to Run and light zub # from https://docs.google.com/spreadsheets/d/1FRW4BGAmn3yW8qYeTmIi_E8RQmw-t8Nx4o4o9Cgf9BA/edit?gid=0#gid=0. SA for May 2025 has not been received from Spencer yet",0.235296,0.857608943054152
"8","239",2,1,0,300,14.0927066666667,5.68170666666668,177.754,192.703,5.68170666666668,14.4467066666667,-0.696254399419392,2025-05-08,"CAREER - Phys","Porites compressa","Susceptible",2,1,243.136,10.31630341,NA,0.243136,-0.98456493336444
"9","239",2,2,139,272,-15.6248921933086,-17.2098921933086,106.146,119.703,-17.3398921933086,-15.5938921933086,-0.109286228665935,2025-05-08,"CAREER - Phys","Porites compressa","Susceptible",2,1,243.136,10.31630341,NA,0.243136,-0.154540335449017
"10","239",2,3,267,180,-17.2147333333333,-16.8367333333333,120.754,129.703,-17.5027333333333,-16.7437333333333,0.046050779758955,2025-05-08,"CAREER - Phys","Porites compressa","Susceptible",2,1,243.136,10.31630341,NA,0.243136,0.0651198512247322
"11","239",2,4,385,180,-16.4340222222222,-13.7410222222222,130.753,139.704,-16.4340222222222,-13.6190222222222,0.325835301863788,2025-05-08,"CAREER - Phys","Porites compressa","Susceptible",2,1,243.136,10.31630341,NA,0.243136,0.460759763291727
"12","239",2,5,716,180,-12.8316,-8.65159999999997,140.753,149.703,-12.8316,-8.58159999999998,0.499223186405591,2025-05-08,"CAREER - Phys","Porites compressa","Susceptible",2,1,243.136,10.31630341,NA,0.243136,0.705945475773341
"13","239",2,6,930,180,-7.39150555555554,-1.66850555555556,150.754,159.704,-7.39150555555554,-1.55150555555554,0.669528548636109,2025-05-08,"CAREER - Phys","Porites compressa","Susceptible",2,1,243.136,10.31630341,NA,0.243136,0.946772230700739
"14","239",2,7,1243,320,0.0986437500000079,12.31264375,160.753,176.703,0.0566437500000063,12.31264375,0.764372397279818,2025-05-08,"CAREER - Phys","Porites compressa","Susceptible",2,1,243.136,10.31630341,NA,0.243136,1.08088977106787
"15","236",3,1,0,301,58.2584733333333,42.8104733333333,276.72,291.72,42.6844733333333,61.0224733333334,-1.54684544340052,2025-05-08,"CAREER - Phys","Porites compressa","Resistant",3,1,240.841,19.75105953,NA,0.240841,-1.13171792997181
"16","236",3,2,139,239,-13.9665714285714,-19.4075714285714,208.814,220.72,-19.4525714285714,-13.9665714285714,-0.306182510050022,2025-05-08,"CAREER - Phys","Porites compressa","Resistant",3,1,240.841,19.75105953,NA,0.240841,-0.224012190710937
"17","236",3,3,267,181,-18.7577888888889,-16.9577888888889,221.72,230.72,-19.2487888888889,-16.9407888888889,0.348192575799865,2025-05-08,"CAREER - Phys","Porites compressa","Resistant",3,1,240.841,19.75105953,NA,0.240841,0.254747998771938
"18","236",3,4,385,181,-15.6772722222222,-7.24927222222223,231.72,240.72,-15.8382722222222,-7.10327222222222,1.07140313181957,2025-05-08,"CAREER - Phys","Porites compressa","Resistant",3,1,240.841,19.75105953,NA,0.240841,0.783870256515471
"19","236",3,5,716,181,-5.07315,7.81184999999999,241.72,250.72,-5.07315,7.81184999999999,1.5241920168698,2025-05-08,"CAREER - Phys","Porites compressa","Resistant",3,1,240.841,19.75105953,NA,0.240841,1.1151440123322
"20","236",3,6,930,181,10.3758722222222,25.5658722222222,251.72,260.72,10.2788722222222,25.7368722222222,1.77324259023286,2025-05-08,"CAREER - Phys","Porites compressa","Resistant",3,1,240.841,19.75105953,NA,0.240841,1.29735678643141
"21","236",3,7,1243,281,28.6951714285714,55.0331714285714,261.72,275.72,28.6951714285714,55.0331714285714,1.91247198730607,2025-05-08,"CAREER - Phys","Porites compressa","Resistant",3,1,240.841,19.75105953,NA,0.240841,1.39922113604641
"22","226",4,1,0,320,20.1722584615385,15.0702584615385,377.753,393.703,14.8992584615385,20.8932584615385,-0.443351371831673,2025-05-08,"CAREER - Phys","Porites compressa","Resistant",4,1,242.71,6.344232824,NA,0.24271,-1.01767209157454
"23","226",4,2,139,272,-2.34875746268656,-3.51675746268657,307.152,320.704,-3.84775746268656,-2.34875746268656,-0.0593765899206833,2025-05-08,"CAREER - Phys","Porites compressa","Resistant",4,1,242.71,6.344232824,NA,0.24271,-0.136293473516278
"24","226",4,3,267,180,-3.07279558011049,-2.2227955801105,321.753,330.703,-3.22179558011049,-2.2107955801105,0.109884103117664,2025-05-08,"CAREER - Phys","Porites compressa","Resistant",4,1,242.71,6.344232824,NA,0.24271,0.252228801252029
"25","226",4,4,385,180,-1.47922651933703,1.13177348066299,331.753,340.703,-1.58622651933703,1.13177348066299,0.308668695618645,2025-05-08,"CAREER - Phys","Porites compressa","Resistant",4,1,242.71,6.344232824,NA,0.24271,0.708520458109858
"26","226",4,5,716,180,2.14154696132596,5.29354696132594,341.753,350.703,1.99454696132597,5.38854696132594,0.37589780952533,2025-05-08,"CAREER - Phys","Porites compressa","Resistant",4,1,242.71,6.344232824,NA,0.24271,0.862838674565259
"27","226",4,6,930,200,6.61071144278606,10.6857114427861,351.754,361.703,6.56271144278605,10.6857114427861,0.408293879720959,2025-05-08,"CAREER - Phys","Porites compressa","Resistant",4,1,242.71,6.344232824,NA,0.24271,0.937200859074972
"28","226",4,7,1243,280,11.9731459074733,18.4851459074733,362.753,376.703,11.9731459074733,18.4851459074733,0.469847472134524,2025-05-08,"CAREER - Phys","Porites compressa","Resistant",4,1,242.71,6.344232824,NA,0.24271,1.07849144057614
"29","219",5,1,0,300,95.69617,89.30117,84.034,98.984,89.27917,96.15317,-0.550884542468899,2025-05-08,"CAREER - Phys","Montipora capitata","Susceptible",5,1,241.58,12.97586276,NA,0.24158,-0.615370354470225
"30","219",5,2,139,281,48.17885,48.88285,12.979,26.984,47.70785,48.91985,0.0790066554329643,2025-05-08,"CAREER - Phys","Montipora capitata","Susceptible",5,1,241.58,12.97586276,NA,0.24158,0.0882550694586516
"31","219",5,3,267,180,50.28525,52.84325,28.034,36.984,50.12025,53.11525,0.360153645998218,2025-05-08,"CAREER - Phys","Montipora capitata","Susceptible",5,1,241.58,12.97586276,NA,0.24158,0.402312752883568
"32","219",5,4,385,180,54.5108222222222,59.4438222222222,38.034,46.984,54.5108222222222,59.5018222222222,0.604020454617683,2025-05-08,"CAREER - Phys","Montipora capitata","Susceptible",5,1,241.58,12.97586276,NA,0.24158,0.674726285837535
"33","219",5,5,716,180,61.4637222222222,67.9897222222222,48.034,56.984,61.3347222222222,67.9897222222222,0.728185869340792,2025-05-08,"CAREER - Phys","Montipora capitata","Susceptible",5,1,241.58,12.97586276,NA,0.24158,0.813426338898864
"34","219",5,6,930,180,69.9957666666667,77.2687666666667,58.034,66.984,69.9207666666667,77.4727666666667,0.81285879496331,2025-05-08,"CAREER - Phys","Montipora capitata","Susceptible",5,1,241.58,12.97586276,NA,0.24158,0.908010964600722
"35","219",5,7,1243,300,79.8160733333333,93.1950733333333,68.034,82.983,79.7620733333333,93.2610733333333,0.887215565987747,2025-05-08,"CAREER - Phys","Montipora capitata","Susceptible",5,1,241.58,12.97586276,NA,0.24158,0.99107184036518
"36","3",1,1,0,300,12.3570166666667,12.6460166666667,70.507,85.457,12.0170166666667,13.9190166666667,-0.145242459005331,2025-05-08,"CAREER - Phys","Montipora capitata","Susceptible",1,10,NA,18.25277406,"Stir bar kept stopping, data probably not usable; No SA values recorded for this frag; avged the Mcap SAs from other frags to get SA for 3",NA,NA
"37","3",1,2,139,270,-0.556841328413299,-1.7468413284133,0,13.457,-1.87384132841331,-0.556841328413299,-0.073279543818475,2025-05-08,"CAREER - Phys","Montipora capitata","Susceptible",1,10,NA,18.25277406,"Stir bar kept stopping, data probably not usable; No SA values recorded for this frag; avged the Mcap SAs from other frags to get SA for 3",NA,NA
"38","3",1,3,267,200,-1.63940499999998,-2.13540499999999,14.507,24.457,-2.13540499999999,-1.118405,-0.164714551455145,2025-05-08,"CAREER - Phys","Montipora capitata","Susceptible",1,10,NA,18.25277406,"Stir bar kept stopping, data probably not usable; No SA values recorded for this frag; avged the Mcap SAs from other frags to get SA for 3",NA,NA
"39","3",1,4,385,180,-1.95452222222221,-0.58552222222221,25.507,34.457,-1.95452222222221,-0.426522222222218,0.0349536967886474,2025-05-08,"CAREER - Phys","Montipora capitata","Susceptible",1,10,NA,18.25277406,"Stir bar kept stopping, data probably not usable; No SA values recorded for this frag; avged the Mcap SAs from other frags to get SA for 3",NA,NA
"40","3",1,5,716,180,-0.20942777777779,1.60557222222221,35.507,44.457,-0.376427777777792,1.60557222222221,0.107968587623997,2025-05-08,"CAREER - Phys","Montipora capitata","Susceptible",1,10,NA,18.25277406,"Stir bar kept stopping, data probably not usable; No SA values recorded for this frag; avged the Mcap SAs from other frags to get SA for 3",NA,NA
"41","3",1,6,930,180,2.60136111111112,5.35136111111112,45.507,54.457,2.60136111111112,5.5203611111111,0.244423707807828,2025-05-08,"CAREER - Phys","Montipora capitata","Susceptible",1,10,NA,18.25277406,"Stir bar kept stopping, data probably not usable; No SA values recorded for this frag; avged the Mcap SAs from other frags to get SA for 3",NA,NA
"42","3",1,7,1243,280,6.22461785714285,11.4866178571428,55.507,69.457,6.05161785714287,12.3176178571429,0.313611405639841,2025-05-08,"CAREER - Phys","Montipora capitata","Susceptible",1,10,NA,18.25277406,"Stir bar kept stopping, data probably not usable; No SA values recorded for this frag; avged the Mcap SAs from other frags to get SA for 3",NA,NA
"43","242",2,1,0,300,36.7437066666667,29.4567066666667,177.507,192.457,29.3347066666667,38.4747066666667,-0.745669771599927,2025-05-08,"CAREER - Phys","Porites compressa","Resistant",2,10,244.036,11.98276695,NA,0.244036,-0.911159847177833
"44","242",2,2,139,267,-14.6108921933086,-13.8418921933086,106.155,119.457,-14.9168921933086,-13.8198921933086,0.0764820991997413,2025-05-08,"CAREER - Phys","Porites compressa","Resistant",2,10,244.036,11.98276695,NA,0.244036,0.0934561389945487
"45","242",2,3,267,180,-13.7477333333333,-11.2977333333333,120.507,129.457,-13.7787333333333,-11.2977333333333,0.313233359559403,2025-05-08,"CAREER - Phys","Porites compressa","Resistant",2,10,244.036,11.98276695,NA,0.244036,0.382750744226592
"46","242",2,4,385,180,-10.4560222222222,-5.43402222222224,130.507,139.457,-10.7240222222222,-5.29702222222224,0.635175473579264,2025-05-08,"CAREER - Phys","Porites compressa","Resistant",2,10,244.036,11.98276695,NA,0.244036,0.776143018639226
"47","242",2,5,716,180,-4.12359999999998,3.32940000000002,140.507,149.457,-4.18759999999997,3.32940000000002,0.854661765483682,2025-05-08,"CAREER - Phys","Porites compressa","Resistant",2,10,244.036,11.98276695,NA,0.244036,1.04434095800341
"48","242",2,6,930,180,4.96049444444446,13.8844944444445,150.507,159.457,4.90049444444446,13.9884944444445,1.04149184149185,2025-05-08,"CAREER - Phys","Porites compressa","Resistant",2,10,244.036,11.98276695,NA,0.244036,1.27263513055457
"49","242",2,7,1243,320,16.13364375,34.60564375,160.507,176.457,16.08064375,34.60564375,1.17035015056893,2025-05-08,"CAREER - Phys","Porites compressa","Resistant",2,10,244.036,11.98276695,NA,0.244036,1.43009158336793
"50","211",3,1,0,300,40.7324733333333,36.9494733333333,276.507,291.457,36.9494733333333,42.0644733333333,-0.436108370129958,2025-05-08,"CAREER - Phys","Montipora capitata","Susceptible",3,10,240.873,12.92747515,NA,0.240873,-0.487551034766352
"51","211",3,2,139,232,-1.56457142857144,-0.666571428571416,208.912,220.457,-2.18757142857143,-0.618571428571414,0.135760589318601,2025-05-08,"CAREER - Phys","Montipora capitata","Susceptible",3,10,240.873,12.92747515,NA,0.240873,0.151774697153942
"52","211",3,3,267,180,0.246211111111108,3.82421111111111,221.507,230.457,0.242211111111118,3.82421111111111,0.418462978414659,2025-05-08,"CAREER - Phys","Montipora capitata","Susceptible",3,10,240.873,12.92747515,NA,0.240873,0.467824220105382
"53","211",3,4,385,180,4.93372777777779,10.2207277777778,231.507,240.457,4.85472777777778,10.2707277777778,0.62436548384536,2025-05-08,"CAREER - Phys","Montipora capitata","Susceptible",3,10,240.873,12.92747515,NA,0.240873,0.698014664635964
"54","211",3,5,716,180,11.79085,18.15585,241.507,250.457,11.78185,18.17385,0.719502861631692,2025-05-08,"CAREER - Phys","Montipora capitata","Susceptible",3,10,240.873,12.92747515,NA,0.240873,0.80437429944614
"55","211",3,6,930,180,19.9008722222222,26.6128722222222,251.507,260.457,19.7568722222222,26.6128722222222,0.755938146360673,2025-05-08,"CAREER - Phys","Montipora capitata","Susceptible",3,10,240.873,12.92747515,NA,0.240873,0.845107433658464
"56","211",3,7,1243,280,28.3361714285714,38.7121714285714,261.507,275.457,28.3361714285714,38.7121714285714,0.734758626981875,2025-05-08,"CAREER - Phys","Montipora capitata","Susceptible",3,10,240.873,12.92747515,NA,0.240873,0.821429611134879
"57","220",4,1,0,325,71.6032584615384,60.5522584615385,377.507,393.707,60.5522584615385,74.8312584615385,-1.22507588794967,2025-05-08,"CAREER - Phys","Montipora capitata","Resistant",4,10,238.423,24.46794204,NA,0.238423,-0.716250515769058
"58","220",4,2,139,267,1.49924253731342,0.382242537313431,307.163,320.457,-0.0647574626865719,1.49924253731342,0.0159270138671375,2025-05-08,"CAREER - Phys","Montipora capitata","Resistant",4,10,238.423,24.46794204,NA,0.238423,0.00931185733815279
"59","220",4,3,267,180,1.05520441988949,4.9912044198895,321.507,330.457,1.05520441988949,4.9912044198895,0.54731601731602,2025-05-08,"CAREER - Phys","Montipora capitata","Resistant",4,10,238.423,24.46794204,NA,0.238423,0.319992731509358
"60","220",4,4,385,180,6.31177348066296,14.900773480663,331.507,340.457,6.20777348066298,14.900773480663,1.09022617860703,2025-05-08,"CAREER - Phys","Montipora capitata","Resistant",4,10,238.423,24.46794204,NA,0.238423,0.637409543697016
"61","220",4,5,716,180,16.7225469613259,28.408546961326,341.507,350.457,16.7225469613259,28.408546961326,1.33126596165154,2025-05-08,"CAREER - Phys","Montipora capitata","Resistant",4,10,238.423,24.46794204,NA,0.238423,0.778335400311042
"62","220",4,6,930,200,30.5787114427861,44.5757114427861,351.507,361.457,30.4507114427861,44.5757114427861,1.44050493774151,2025-05-08,"CAREER - Phys","Montipora capitata","Resistant",4,10,238.423,24.46794204,NA,0.238423,0.842202850267527
"63","220",4,7,1243,280,46.9841459074733,68.6881459074733,362.507,376.457,46.9841459074733,68.8761459074733,1.57610927244039,2025-05-08,"CAREER - Phys","Montipora capitata","Resistant",4,10,238.423,24.46794204,NA,0.238423,0.921485020151018
"64","1",5,1,0,301,133.43517,122.03017,83.767,98.767,122.03017,135.56517,-1.13280904586451,2025-05-08,"CAREER - Phys","Montipora capitata","Susceptible",5,10,237.736,21.44760345,NA,0.237736,-0.753397437495923
"65","1",5,2,139,277,59.47085,58.42885,12.962,26.767,58.39085,59.47085,-0.0136287170405784,2025-05-08,"CAREER - Phys","Montipora capitata","Susceptible",5,10,237.736,21.44760345,NA,0.237736,-0.00906405235040546
"66","1",5,3,267,181,60.01025,63.89025,27.767,36.767,59.79625,63.89025,0.536351325791557,2025-05-08,"CAREER - Phys","Montipora capitata","Susceptible",5,10,237.736,21.44760345,NA,0.237736,0.356711235599747
"67","1",5,4,385,181,65.6878222222222,74.6098222222222,37.767,46.767,65.6538222222222,74.6698222222222,1.16140100643655,2025-05-08,"CAREER - Phys","Montipora capitata","Susceptible",5,10,237.736,21.44760345,NA,0.237736,0.77241309587771
"68","1",5,5,716,181,77.1487222222222,89.5037222222222,47.767,56.767,77.1487222222222,89.5037222222222,1.42260461589383,2025-05-08,"CAREER - Phys","Montipora capitata","Susceptible",5,10,237.736,21.44760345,NA,0.237736,0.946131809325674
"69","1",5,6,930,181,92.2547666666667,105.593766666667,57.767,66.767,92.2547666666667,105.593766666667,1.5086348633793,2025-05-08,"CAREER - Phys","Montipora capitata","Susceptible",5,10,237.736,21.44760345,NA,0.237736,1.00334795554141
"70","1",5,7,1243,301,108.618073333333,130.914073333333,67.767,82.767,108.618073333333,130.914073333333,1.48882956554785,2025-05-08,"CAREER - Phys","Montipora capitata","Susceptible",5,10,237.736,21.44760345,NA,0.237736,0.990176043920887
"71","42",1,1,0,300,51.4120166666667,42.6600166666667,70.705,85.654,42.5150166666667,54.1700166666667,-0.981319847719245,2025-05-08,"CAREER - Phys","Porites compressa","Resistant",1,2,241.517,14.34298723,"No SA values recorded for this frag; avged the Pcomp SAs from other frags to get SA for 42",0.241517,-0.991447967683684
"72","42",1,2,139,274,-1.27584132841329,-1.55284132841331,0,13.655,-1.83984132841329,-1.1938413284133,-0.00833639264147341,2025-05-08,"CAREER - Phys","Porites compressa","Resistant",1,2,241.517,14.34298723,"No SA values recorded for this frag; avged the Pcomp SAs from other frags to get SA for 42",0.241517,-0.00842243185176733
"73","42",1,3,267,200,-1.48940499999998,1.107595,14.705,24.655,-1.82840499999998,1.107595,0.309952142284143,2025-05-08,"CAREER - Phys","Porites compressa","Resistant",1,2,241.517,14.34298723,"No SA values recorded for this frag; avged the Pcomp SAs from other frags to get SA for 42",0.241517,0.313151132386692
"74","42",1,4,385,180,1.44547777777777,7.04947777777778,25.704,34.655,1.32547777777779,7.12347777777777,0.72770506885844,2025-05-08,"CAREER - Phys","Porites compressa","Resistant",1,2,241.517,14.34298723,"No SA values recorded for this frag; avged the Pcomp SAs from other frags to get SA for 42",0.241517,0.735215651930064
"75","42",1,5,716,180,8.13457222222223,16.8995722222222,35.705,44.654,8.13457222222223,16.8995722222222,0.992771731333772,2025-05-08,"CAREER - Phys","Porites compressa","Resistant",1,2,241.517,14.34298723,"No SA values recorded for this frag; avged the Pcomp SAs from other frags to get SA for 42",0.241517,1.00301804522992
"76","42",1,6,930,180,18.3973611111111,28.9473611111111,45.705,54.655,18.2573611111111,28.9473611111111,1.22180697568575,2025-05-08,"CAREER - Phys","Porites compressa","Resistant",1,2,241.517,14.34298723,"No SA values recorded for this frag; avged the Pcomp SAs from other frags to get SA for 42",0.241517,1.23441714315755
"77","42",1,7,1243,280,30.7056178571429,49.7186178571428,55.705,69.654,30.6276178571429,49.7186178571428,1.36218287328723,2025-05-08,"CAREER - Phys","Porites compressa","Resistant",1,2,241.517,14.34298723,"No SA values recorded for this frag; avged the Pcomp SAs from other frags to get SA for 42",0.241517,1.37624184864192
"78","26",2,1,0,301,44.1357066666667,33.2687066666667,177.688,192.688,33.2667066666667,45.0007066666666,-0.92971584685043,2025-05-08,"CAREER - Phys","Porites compressa","Susceptible",2,2,239.03,14.34298723,"No SA values recorded for this frag; avged the Pcomp SAs from other frags to get SA for 26",0.23903,-0.929638890319189
"79","26",2,2,139,272,-13.2758921933086,-11.8548921933086,106.145,119.688,-13.6328921933085,-11.8388921933086,0.114838308115741,2025-05-08,"CAREER - Phys","Porites compressa","Susceptible",2,2,239.03,14.34298723,"No SA values recorded for this frag; avged the Pcomp SAs from other frags to get SA for 26",0.23903,0.114828802461001
"80","26",2,3,267,181,-11.6677333333333,-8.78973333333332,120.687,129.687,-11.8387333333333,-8.55473333333333,0.393073063590104,2025-05-08,"CAREER - Phys","Porites compressa","Susceptible",2,2,239.03,14.34298723,"No SA values recorded for this frag; avged the Pcomp SAs from other frags to get SA for 26",0.23903,0.393040527262364
"81","26",2,4,385,181,-7.74102222222223,-2.01402222222222,130.688,139.688,-7.95802222222224,-1.93102222222223,0.700066757742379,2025-05-08,"CAREER - Phys","Porites compressa","Susceptible",2,2,239.03,14.34298723,"No SA values recorded for this frag; avged the Pcomp SAs from other frags to get SA for 26",0.23903,0.700008810242081
"82","26",2,5,716,181,-0.850599999999986,8.01440000000002,140.688,149.687,-0.850599999999986,8.01440000000002,0.911182482472175,2025-05-08,"CAREER - Phys","Porites compressa","Susceptible",2,2,239.03,14.34298723,"No SA values recorded for this frag; avged the Pcomp SAs from other frags to get SA for 26",0.23903,0.911107060026256
"83","26",2,6,930,181,9.36849444444445,19.0964944444445,150.687,159.688,9.08549444444446,19.0964944444445,1.13099955526573,2025-05-08,"CAREER - Phys","Porites compressa","Susceptible",2,2,239.03,14.34298723,"No SA values recorded for this frag; avged the Pcomp SAs from other frags to get SA for 26",0.23903,1.13090593762664
"84","26",2,7,1243,321,21.05664375,41.69364375,160.688,176.688,21.05664375,41.70764375,1.28740746257741,2025-05-08,"CAREER - Phys","Porites compressa","Susceptible",2,2,239.03,14.34298723,"No SA values recorded for this frag; avged the Pcomp SAs from other frags to get SA for 26",0.23903,1.28730089839121
"85","20",4,1,0,321,42.9272584615385,37.7532584615385,377.688,393.688,37.4282584615385,44.5272584615385,-0.544541962555809,2025-05-08,"CAREER - Phys","Montipora capitata","Resistant",4,2,243.262,11.2851565,NA,0.243262,-0.704286379521194
"86","20",4,2,139,272,-6.59175746268656,-4.84075746268658,307.144,320.688,-7.33975746268658,-4.84075746268658,0.190457160376217,2025-05-08,"CAREER - Phys","Montipora capitata","Resistant",4,2,243.262,11.2851565,NA,0.243262,0.246328828921988
"87","20",4,3,267,181,-4.12479558011049,-0.279795580110488,321.688,330.688,-4.14279558011049,-0.0757955801105084,0.484499807338454,2025-05-08,"CAREER - Phys","Montipora capitata","Resistant",4,2,243.262,11.2851565,NA,0.243262,0.626630523729646
"88","20",4,4,385,181,0.930773480662964,7.30677348066297,331.688,340.688,0.930773480662964,7.46277348066297,0.768245929853205,2025-05-08,"CAREER - Phys","Montipora capitata","Resistant",4,2,243.262,11.2851565,NA,0.243262,0.993615151307562
"89","20",4,5,716,181,8.94254696132595,16.089546961326,341.688,350.688,8.71654696132595,16.248546961326,0.811624973477494,2025-05-08,"CAREER - Phys","Montipora capitata","Resistant",4,2,243.262,11.2851565,NA,0.243262,1.04971967893267
"90","20",4,6,930,201,17.5487114427861,26.0587114427861,351.687,361.688,17.5487114427861,26.0587114427861,0.877807726085802,2025-05-08,"CAREER - Phys","Montipora capitata","Resistant",4,2,243.262,11.2851565,NA,0.243262,1.13531751055336
"91","20",4,7,1243,281,28.1221459074733,40.5831459074733,362.688,376.687,27.8231459074733,40.6051459074733,0.904826687800624,2025-05-08,"CAREER - Phys","Montipora capitata","Resistant",4,2,243.262,11.2851565,NA,0.243262,1.17026263514071
"92","233",5,1,0,300,120.05117,105.96417,84.034,98.983,105.88417,121.14117,-1.16553403765968,2025-05-08,"CAREER - Phys","Porites compressa","Susceptible",5,2,234.493,18.03866498,NA,0.234493,-0.909079158782395
"93","233",5,2,139,281,51.36985,49.70585,12.989,26.983,49.52985,51.40585,-0.151355256108312,2025-05-08,"CAREER - Phys","Porites compressa","Susceptible",5,2,234.493,18.03866498,NA,0.234493,-0.118052244254074
"94","233",5,3,267,180,50.87725,52.71425,28.034,36.983,50.35825,52.87625,0.302044232846656,2025-05-08,"CAREER - Phys","Porites compressa","Susceptible",5,2,234.493,18.03866498,NA,0.234493,0.235584811973965
"95","233",5,4,385,180,54.0848222222222,60.5268222222222,38.033,46.983,53.9328222222222,60.7948222222222,0.870327885684714,2025-05-08,"CAREER - Phys","Porites compressa","Susceptible",5,2,234.493,18.03866498,NA,0.234493,0.678827830521189
"96","233",5,5,716,180,62.8027222222222,73.3187222222222,48.034,56.983,62.8027222222222,73.5967222222222,1.25621453851628,2025-05-08,"CAREER - Phys","Porites compressa","Susceptible",5,2,234.493,18.03866498,NA,0.234493,0.979807040399834
"97","233",5,6,930,180,76.4517666666667,89.5907666666667,58.034,66.983,76.3077666666667,89.5907666666667,1.51114910392243,2025-05-08,"CAREER - Phys","Porites compressa","Susceptible",5,2,234.493,18.03866498,NA,0.234493,1.17864782305885
"98","233",5,7,1243,300,93.0450733333333,116.920073333333,68.033,82.983,93.0370733333334,116.947073333333,1.61790518200376,2025-05-08,"CAREER - Phys","Porites compressa","Susceptible",5,2,234.493,18.03866498,NA,0.234493,1.26191413920347
"99","238",1,1,0,300,-1.16998333333333,-7.25598333333332,70.696,85.647,-7.74498333333332,0.690016666666679,-0.685329402750284,2025-05-08,"CAREER - Phys","Porites compressa","Susceptible",1,3,244.895,12.59052663,NA,0.244895,-0.799809645864817
"100","238",1,2,139,274,-48.9178413284133,-47.7078413284133,0,13.646,-49.1118413284133,-47.4078413284133,0.120032353016619,2025-05-08,"CAREER - Phys","Porites compressa","Susceptible",1,3,244.895,12.59052663,NA,0.244895,0.140083051118593
"101","238",1,3,267,200,-47.524405,-44.400405,14.697,24.647,-47.629405,-44.271405,0.399311683597013,2025-05-08,"CAREER - Phys","Porites compressa","Susceptible",1,3,244.895,12.59052663,NA,0.244895,0.466014350129644
"102","238",1,4,385,180,-43.6035222222222,-38.1685222222222,25.697,34.647,-44.0265222222222,-38.1685222222222,0.548066861104016,2025-05-08,"CAREER - Phys","Porites compressa","Susceptible",1,3,244.895,12.59052663,NA,0.244895,0.639618204517001
"103","238",1,5,716,180,-37.5624277777778,-30.0254277777778,35.697,44.647,-37.5624277777778,-30.0034277777778,0.782334669014176,2025-05-08,"CAREER - Phys","Porites compressa","Susceptible",1,3,244.895,12.59052663,NA,0.244895,0.913019070918211
"104","238",1,6,930,180,-28.5166388888889,-20.2926388888889,45.697,54.647,-28.5986388888889,-19.9336388888889,0.998991705335498,2025-05-08,"CAREER - Phys","Porites compressa","Susceptible",1,3,244.895,12.59052663,NA,0.244895,1.16586738998766
"105","238",1,7,1243,280,-18.3463821428572,-2.99738214285713,55.697,69.647,-18.4473821428572,-2.85038214285714,1.12887997054932,2025-05-08,"CAREER - Phys","Porites compressa","Susceptible",1,3,244.895,12.59052663,NA,0.244895,1.31745272542746
"106","2",2,1,0,300,-10.1462933333333,-17.3332933333333,177.697,192.647,-17.3332933333333,-8.60229333333334,-0.719616944262578,2025-05-08,"CAREER - Phys","Montipora capitata","Resistant",2,3,238.042,19.84785402,NA,0.238042,-0.517836507080938
"107","2",2,2,139,271,-63.8448921933086,-62.2998921933086,106.148,119.647,-64.2178921933086,-62.1618921933086,0.137453024431071,2025-05-08,"CAREER - Phys","Montipora capitata","Resistant",2,3,238.042,19.84785402,NA,0.238042,0.0989112257939338
"108","2",2,3,267,180,-62.0837333333333,-58.7187333333333,120.697,129.647,-62.2327333333333,-58.6507333333333,0.455993476384067,2025-05-08,"CAREER - Phys","Montipora capitata","Resistant",2,3,238.042,19.84785402,NA,0.238042,0.328133003183231
"109","2",2,4,385,180,-57.5280222222222,-51.1270222222222,130.697,139.647,-57.6250222222222,-51.1210222222222,0.76633708732766,2025-05-08,"CAREER - Phys","Montipora capitata","Resistant",2,3,238.042,19.84785402,NA,0.238042,0.551456332028134
"110","2",2,5,716,180,-49.5546,-41.6936,140.696,149.647,-49.7306,-41.5456,0.951948405463939,2025-05-08,"CAREER - Phys","Montipora capitata","Resistant",2,3,238.042,19.84785402,NA,0.238042,0.685022276277646
"111","2",2,6,930,180,-40.0305055555555,-30.4795055555555,150.697,159.647,-40.0305055555555,-30.4795055555555,1.03511915047198,2025-05-08,"CAREER - Phys","Montipora capitata","Resistant",2,3,238.042,19.84785402,NA,0.238042,0.744871962182997
"112","2",2,7,1243,320,-28.54835625,-11.99435625,160.697,176.647,-28.54835625,-11.63635625,1.04519410134717,2025-05-08,"CAREER - Phys","Montipora capitata","Resistant",2,3,238.042,19.84785402,NA,0.238042,0.752121898988708
"113","225",3,1,0,300,-18.0975266666667,-23.7765266666667,276.681,291.63,-23.7765266666667,-16.8285266666666,-0.565809277831085,2025-05-08,"CAREER - Phys","Porites compressa","Susceptible",3,3,242.098,13.84966634,NA,0.242098,-0.593435067018445
"114","225",3,2,139,237,-52.7335714285714,-54.1475714285714,208.83,220.63,-54.3595714285714,-52.7335714285714,-0.0731814151024145,2025-05-08,"CAREER - Phys","Porites compressa","Susceptible",3,3,242.098,13.84966634,NA,0.242098,-0.0767545172505477
"115","225",3,3,267,180,-53.6767888888889,-52.1687888888889,221.68,230.63,-53.6767888888889,-52.0717888888889,0.202906501530842,2025-05-08,"CAREER - Phys","Porites compressa","Susceptible",3,3,242.098,13.84966634,NA,0.242098,0.212813465689371
"116","225",3,4,385,180,-51.0742722222222,-47.7322722222222,231.68,240.63,-51.1892722222222,-47.5332722222222,0.368926905463882,2025-05-08,"CAREER - Phys","Porites compressa","Susceptible",3,3,242.098,13.84966634,NA,0.242098,0.386939860208913
"117","225",3,5,716,180,-46.39815,-41.41915,241.68,250.63,-46.39815,-41.30815,0.603848750556244,2025-05-08,"CAREER - Phys","Porites compressa","Susceptible",3,3,242.098,13.84966634,NA,0.242098,0.633331827164432
"118","225",3,6,930,180,-39.5501277777778,-33.5761277777778,251.68,260.63,-39.7541277777778,-33.4451277777778,0.669772043207319,2025-05-08,"CAREER - Phys","Porites compressa","Susceptible",3,3,242.098,13.84966634,NA,0.242098,0.702473842195417
"119","225",3,7,1243,280,-31.6448285714286,-20.1428285714286,261.68,275.63,-31.6448285714286,-20.1428285714286,0.82684919969451,2025-05-08,"CAREER - Phys","Porites compressa","Susceptible",3,3,242.098,13.84966634,NA,0.242098,0.867220332822724
"120","235",4,1,0,321,-2.90174153846155,-11.6387415384615,377.697,393.697,-11.6567415384615,-0.571741538461538,-0.8685908295427,2025-05-08,"CAREER - Phys","Porites compressa","Susceptible",4,3,236.775,16.64198678,NA,0.236775,-0.741476109975516
"121","235",4,2,139,271,-54.6557574626866,-57.0817574626866,307.14,320.647,-57.2867574626866,-54.6557574626866,-0.0937801231069662,2025-05-08,"CAREER - Phys","Porites compressa","Susceptible",4,3,236.775,16.64198678,NA,0.236775,-0.080055785197488
"122","235",4,3,267,180,-56.5187955801105,-54.6727955801105,321.697,330.647,-56.9037955801105,-54.6547955801105,0.326484856853867,2025-05-08,"CAREER - Phys","Porites compressa","Susceptible",4,3,236.775,16.64198678,NA,0.236775,0.278705131797638
"123","235",4,4,385,180,-53.902226519337,-48.101226519337,331.697,340.647,-53.902226519337,-47.998226519337,0.747128900342601,2025-05-08,"CAREER - Phys","Porites compressa","Susceptible",4,3,236.775,16.64198678,NA,0.236775,0.637789637921895
"124","235",4,5,716,180,-46.505453038674,-37.832453038674,341.696,350.647,-46.505453038674,-37.817453038674,0.998390352966702,2025-05-08,"CAREER - Phys","Porites compressa","Susceptible",4,3,236.775,16.64198678,NA,0.236775,0.852280003398816
"125","235",4,6,930,200,-35.9902885572139,-24.9902885572139,351.697,361.647,-35.9902885572139,-24.9902885572139,1.12622171546317,2025-05-08,"CAREER - Phys","Porites compressa","Susceptible",4,3,236.775,16.64198678,NA,0.236775,0.961403768206066
"126","235",4,7,1243,280,-23.1598540925267,-5.63185409252668,362.697,376.647,-23.1598540925267,-5.53585409252671,1.2647087904245,2025-05-08,"CAREER - Phys","Porites compressa","Susceptible",4,3,236.775,16.64198678,NA,0.236775,1.07962382548928
"127","244",1,1,0,300,43.3280166666667,36.2230166666667,70.654,85.603,36.2230166666667,44.8820166666667,-0.721147970726137,2025-05-08,"CAREER - Phys","Porites compressa","Resistant",1,4,239.886,11.80094631,NA,0.239886,-0.879556423160831
"128","244",1,2,139,273,2.9311586715867,2.40415867158671,0,13.604,2.26815867158672,2.9311586715867,-0.0321232876160739,2025-05-08,"CAREER - Phys","Porites compressa","Resistant",1,4,239.886,11.80094631,NA,0.239886,-0.0391795374911904
"129","244",1,3,267,200,2.24859500000002,4.18759500000002,14.654,24.604,2.21959500000003,4.21259500000002,0.225440322801002,2025-05-08,"CAREER - Phys","Porites compressa","Resistant",1,4,239.886,11.80094631,NA,0.239886,0.274960884600996
"130","244",1,4,385,180,4.58347777777777,9.19647777777777,25.654,34.604,4.48847777777777,9.25647777777777,0.578427683204787,2025-05-08,"CAREER - Phys","Porites compressa","Resistant",1,4,239.886,11.80094631,NA,0.239886,0.705485981725123
"131","244",1,5,716,180,9.90257222222223,16.5755722222222,35.654,44.604,9.90257222222223,16.7155722222222,0.78459229914478,2025-05-08,"CAREER - Phys","Porites compressa","Resistant",1,4,239.886,11.80094631,NA,0.239886,0.95693702858298
"132","244",1,6,930,180,17.9423611111111,25.9503611111111,45.654,54.604,17.9423611111111,26.0483611111111,0.923020589852047,2025-05-08,"CAREER - Phys","Porites compressa","Resistant",1,4,239.886,11.80094631,NA,0.239886,1.12577268670201
"133","244",1,7,1243,280,27.6886178571429,41.9226178571429,55.654,69.604,27.5876178571428,41.9226178571429,1.03143879786179,2025-05-08,"CAREER - Phys","Porites compressa","Resistant",1,4,239.886,11.80094631,NA,0.239886,1.25800620203249
"134","234",2,1,0,301,5.45970666666668,-0.451293333333325,177.638,192.637,-0.525293333333337,5.90670666666668,-0.473945279950814,2025-05-08,"CAREER - Phys","Porites compressa","Resistant",2,4,237.645,10.39038065,NA,0.237645,-0.650394224318882
"135","234",2,2,139,271,-12.4218921933086,-13.8628921933086,106.143,119.637,-14.0488921933086,-12.4218921933086,-0.0957508270806253,2025-05-08,"CAREER - Phys","Porites compressa","Resistant",2,4,237.645,10.39038065,NA,0.237645,-0.131398681538632
"136","234",2,3,267,181,-14.0477333333333,-13.7087333333333,120.637,129.638,-14.1707333333333,-13.5267333333333,0.0684875912923224,2025-05-08,"CAREER - Phys","Porites compressa","Resistant",2,4,237.645,10.39038065,NA,0.237645,0.0939853938806214
"137","234",2,4,385,181,-13.1400222222222,-11.3860222222222,130.637,139.637,-13.1910222222222,-11.3280222222222,0.222819774438718,2025-05-08,"CAREER - Phys","Porites compressa","Resistant",2,4,237.645,10.39038065,NA,0.237645,0.305775161162103
"138","234",2,5,716,181,-10.6176,-8.17559999999997,140.637,149.637,-10.8426,-8.06559999999999,0.305814083754409,2025-05-08,"CAREER - Phys","Porites compressa","Resistant",2,4,237.645,10.39038065,NA,0.237645,0.419668097148009
"139","234",2,6,930,181,-7.17350555555555,-4.04550555555554,150.637,159.637,-7.24450555555555,-3.86450555555555,0.371895581255958,2025-05-08,"CAREER - Phys","Porites compressa","Resistant",2,4,237.645,10.39038065,NA,0.237645,0.510351613004123
"140","234",2,7,1243,321,-2.43535624999998,4.24364375000002,160.638,176.637,-2.65235625,4.24364375000002,0.414505179357261,2025-05-08,"CAREER - Phys","Porites compressa","Resistant",2,4,237.645,10.39038065,NA,0.237645,0.568824685061117
"141","209",3,1,0,301,59.0074733333334,51.5844733333334,276.637,291.637,51.5614733333333,61.6494733333334,-0.888458927480013,2025-05-08,"CAREER - Phys","Montipora capitata","Susceptible",3,4,233.199,29.05540257,NA,0.233199,-0.427846903026568
"142","209",3,2,139,237,-8.69257142857143,-12.3525714285714,208.839,220.637,-12.4035714285714,-8.43357142857144,-0.269358671892995,2025-05-08,"CAREER - Phys","Montipora capitata","Susceptible",3,4,233.199,29.05540257,NA,0.233199,-0.129712550584236
"143","209",3,3,267,181,-11.2127888888889,-5.58278888888887,221.637,230.637,-11.2127888888889,-5.58278888888887,0.629686179828849,2025-05-08,"CAREER - Phys","Montipora capitata","Susceptible",3,4,233.199,29.05540257,NA,0.233199,0.303232117530233
"144","209",3,4,385,181,-4.23927222222221,4.87672777777777,231.638,240.638,-4.23927222222221,4.87672777777777,1.06441155883598,2025-05-08,"CAREER - Phys","Montipora capitata","Susceptible",3,4,233.199,29.05540257,NA,0.233199,0.512578775346823
"145","209",3,5,716,181,6.79384999999999,18.19385,241.637,250.637,6.79384999999999,18.19385,1.30346717374065,2025-05-08,"CAREER - Phys","Montipora capitata","Susceptible",3,4,233.199,29.05540257,NA,0.233199,0.627698564596028
"146","209",3,6,930,181,20.4508722222222,33.1508722222222,251.638,260.637,20.4508722222222,33.1508722222222,1.42876371639051,2025-05-08,"CAREER - Phys","Montipora capitata","Susceptible",3,4,233.199,29.05540257,NA,0.233199,0.68803645538039
"147","209",3,7,1243,281,35.5501714285714,56.3761714285714,261.638,275.637,35.5501714285714,56.3761714285714,1.47269348004271,2025-05-08,"CAREER - Phys","Montipora capitata","Susceptible",3,4,233.199,29.05540257,NA,0.233199,0.709191303114987
"148","210",4,1,0,322,52.2582584615384,46.6112584615385,377.637,393.688,46.6112584615385,54.1232584615385,-0.619063308871313,2025-05-08,"CAREER - Phys","Montipora capitata","Resistant",4,4,238.387,16.89215684,NA,0.238387,-0.524184021293656
"149","210",4,2,139,271,1.55524253731343,3.05424253731343,307.139,320.637,0.917242537313427,3.08024253731344,0.182685328200682,2025-05-08,"CAREER - Phys","Montipora capitata","Resistant",4,4,238.387,16.89215684,NA,0.238387,0.154686489403123
"150","210",4,3,267,181,3.98820441988951,7.79320441988949,321.637,330.637,3.94820441988949,7.8242044198895,0.470122269601697,2025-05-08,"CAREER - Phys","Montipora capitata","Resistant",4,4,238.387,16.89215684,NA,0.238387,0.398070081440967
"151","210",4,4,385,181,8.88677348066298,14.957773480663,331.637,340.638,8.82077348066298,15.019773480663,0.73712729956974,2025-05-08,"CAREER - Phys","Montipora capitata","Resistant",4,4,238.387,16.89215684,NA,0.238387,0.624153211079936
"152","210",4,5,716,181,16.444546961326,23.867546961326,341.637,350.638,16.315546961326,23.867546961326,0.833568854726911,2025-05-08,"CAREER - Phys","Montipora capitata","Resistant",4,4,238.387,16.89215684,NA,0.238387,0.705813877247131
"153","210",4,6,930,201,25.4317114427861,34.3787114427861,351.637,361.637,25.4317114427861,34.4207114427861,0.897062638168287,2025-05-08,"CAREER - Phys","Montipora capitata","Resistant",4,4,238.387,16.89215684,NA,0.238387,0.759576434734394
"154","210",4,7,1243,281,36.3941459074733,50.0321459074733,362.637,376.637,36.3271459074733,50.0321459074733,0.976087354065522,2025-05-08,"CAREER - Phys","Montipora capitata","Resistant",4,4,238.387,16.89215684,NA,0.238387,0.826489612703422
"155","202",5,1,0,300,119.98917,108.89317,83.983,98.933,108.89317,120.83117,-0.948429747119566,2025-05-08,"CAREER - Phys","Montipora capitata","Resistant",5,4,238.086,20.63938771,NA,0.238086,-0.656437626771174
"156","202",5,2,139,280,53.07485,55.25885,12.986,26.933,52.68985,55.30185,0.218085438812031,2025-05-08,"CAREER - Phys","Montipora capitata","Resistant",5,4,238.086,20.63938771,NA,0.238086,0.150943692268091
"157","202",5,3,267,180,56.99025,61.83825,27.983,36.933,56.84725,61.83825,0.584796752519596,2025-05-08,"CAREER - Phys","Montipora capitata","Resistant",5,4,238.086,20.63938771,NA,0.238086,0.404755959556653
"158","202",5,4,385,180,63.6318222222222,71.4548222222222,37.983,46.933,63.6128222222222,71.5208222222222,0.927787293724447,2025-05-08,"CAREER - Phys","Montipora capitata","Resistant",5,4,238.086,20.63938771,NA,0.238086,0.642150344915476
"159","202",5,5,716,180,74.0167222222222,83.7077222222222,47.983,56.933,73.8097222222222,83.7077222222222,1.10405742644452,2025-05-08,"CAREER - Phys","Montipora capitata","Resistant",5,4,238.086,20.63938771,NA,0.238086,0.764152367674489
"160","202",5,6,930,180,86.0377666666667,96.4297666666667,57.983,66.933,86.0377666666667,96.6057666666667,1.17070798187522,2025-05-08,"CAREER - Phys","Montipora capitata","Resistant",5,4,238.086,20.63938771,NA,0.238086,0.810283283077325
"161","202",5,7,1243,300,99.3920733333333,117.171073333333,67.983,82.933,99.3920733333333,117.171073333333,1.18720518648983,2025-05-08,"CAREER - Phys","Montipora capitata","Resistant",5,4,238.086,20.63938771,NA,0.238086,0.821701509760394
"162","12",1,1,0,300,44.8850166666667,40.0720166666667,70.643,85.594,40.0720166666667,46.4100166666667,-0.569581521159685,2025-05-08,"CAREER - Phys","Montipora capitata","Resistant",1,5,246.457,12.07297033,NA,0.246457,-0.697644485773133
"163","12",1,2,139,273,6.02815867158671,9.10715867158672,0,13.593,5.83715867158671,9.26215867158672,0.24095311612339,2025-05-08,"CAREER - Phys","Montipora capitata","Resistant",1,5,246.457,12.07297033,NA,0.246457,0.295128276723375
"164","12",1,3,267,200,9.31059500000001,13.520595,14.643,24.593,9.31059500000001,13.645595,0.445241274414475,2025-05-08,"CAREER - Phys","Montipora capitata","Resistant",1,5,246.457,12.07297033,NA,0.246457,0.545347958798645
"165","12",1,4,385,180,14.1304777777778,19.5124777777778,25.644,34.593,14.1304777777778,19.6124777777778,0.636335795918855,2025-05-08,"CAREER - Phys","Montipora capitata","Resistant",1,5,246.457,12.07297033,NA,0.246457,0.779407587203637
"166","12",1,5,716,180,20.4435722222222,26.2875722222222,35.644,44.594,20.4435722222222,26.4345722222222,0.64933973225637,2025-05-08,"CAREER - Phys","Montipora capitata","Resistant",1,5,246.457,12.07297033,NA,0.246457,0.795335288756772
"167","12",1,6,930,180,27.6933611111111,33.2583611111111,45.644,54.593,27.4403611111111,33.3883611111111,0.654046004152312,2025-05-08,"CAREER - Phys","Montipora capitata","Resistant",1,5,246.457,12.07297033,NA,0.246457,0.801099704410686
"168","12",1,7,1243,280,34.6536178571428,43.8436178571428,55.643,69.594,34.5906178571429,43.8806178571429,0.665516232315245,2025-05-08,"CAREER - Phys","Montipora capitata","Resistant",1,5,246.457,12.07297033,NA,0.246457,0.815148863540949
"169","213",2,1,0,301,81.6227066666667,70.1997066666667,177.611,192.61,70.1307066666667,83.7997066666667,-1.18961053261954,2025-05-08,"CAREER - Phys","Montipora capitata","Susceptible",2,5,238.02,24.97326333,NA,0.23802,-0.680290185305398
"170","213",2,2,139,270,-12.1398921933086,-8.28389219330856,106.155,119.61,-12.2808921933086,-8.19989219330856,0.320796752434637,2025-05-08,"CAREER - Phys","Montipora capitata","Susceptible",2,5,238.02,24.97326333,NA,0.23802,0.183450697665371
"171","213",2,3,267,181,-7.69073333333333,-2.09173333333334,120.61,129.611,-7.87773333333334,-2.09173333333334,0.697829042994786,2025-05-08,"CAREER - Phys","Montipora capitata","Susceptible",2,5,238.02,24.97326333,NA,0.23802,0.399060226816466
"172","213",2,4,385,181,-1.03202222222222,9.32897777777777,130.61,139.61,-1.03202222222222,9.32897777777777,1.25459186714627,2025-05-08,"CAREER - Phys","Montipora capitata","Susceptible",2,5,238.02,24.97326333,NA,0.23802,0.717450384290221
"173","213",2,5,716,181,11.0794,24.8774,140.61,149.61,11.0794,25.0484,1.61572572764553,2025-05-08,"CAREER - Phys","Montipora capitata","Susceptible",2,5,238.02,24.97326333,NA,0.23802,0.923968243827079
"174","213",2,6,930,181,27.4194944444445,43.6864944444444,150.61,159.61,27.2344944444445,43.8074944444445,1.85284694129841,2025-05-08,"CAREER - Phys","Montipora capitata","Susceptible",2,5,238.02,24.97326333,NA,0.23802,1.05956828262343
"175","213",2,7,1243,321,46.55964375,78.90464375,160.611,176.61,46.55964375,78.90464375,2.01762782387663,2025-05-08,"CAREER - Phys","Montipora capitata","Susceptible",2,5,238.02,24.97326333,NA,0.23802,1.15379980972423
"176","247",3,1,0,300,89.4704733333333,76.7114733333333,276.644,291.594,76.7114733333333,92.5714733333333,-1.28315911829302,2025-05-08,"CAREER - Phys","Porites compressa","Susceptible",3,5,239.329,20.32601415,NA,0.239329,-0.906514734336983
"177","247",3,2,139,236,1.47242857142857,1.32042857142858,208.847,220.594,0.553428571428583,1.47242857142857,0.0591975228769738,2025-05-08,"CAREER - Phys","Porites compressa","Susceptible",3,5,239.329,20.32601415,NA,0.239329,0.0418213345166541
"178","247",3,3,267,180,2.31821111111111,6.04421111111111,221.644,230.593,2.12121111111111,6.04421111111111,0.525618370750543,2025-05-08,"CAREER - Phys","Porites compressa","Susceptible",3,5,239.329,20.32601415,NA,0.239329,0.371334147831507
"179","247",3,4,385,180,7.18772777777778,16.8867277777778,231.644,240.594,7.18772777777778,16.8867277777778,1.20043840632918,2025-05-08,"CAREER - Phys","Porites compressa","Susceptible",3,5,239.329,20.32601415,NA,0.239329,0.848074948373555
"180","247",3,5,716,180,19.04185,32.80385,241.643,250.594,19.04185,32.82585,1.60193872511619,2025-05-08,"CAREER - Phys","Porites compressa","Susceptible",3,5,239.329,20.32601415,NA,0.239329,1.13172328912306
"181","247",3,6,930,180,35.5928722222222,52.6978722222222,251.644,260.593,35.5928722222222,52.6978722222222,1.92443087584601,2025-05-08,"CAREER - Phys","Porites compressa","Susceptible",3,5,239.329,20.32601415,NA,0.239329,1.35955464859897
"182","247",3,7,1243,280,55.9481714285714,85.8611714285714,261.644,275.594,55.8411714285714,85.8611714285714,2.16851645722066,2025-05-08,"CAREER - Phys","Porites compressa","Susceptible",3,5,239.329,20.32601415,NA,0.239329,1.53199403885143
"183","44",4,1,0,322,63.4052584615385,51.3052584615384,377.644,393.694,51.3052584615384,65.9582584615385,-1.12253267907378,2025-05-08,"CAREER - Phys","Porites compressa","Resistant",4,5,237.838,14.34298723,"No SA values recorded for this frag; avged the Pcomp SAs from other frags to get SA for 44",0.237838,-1.11684235526807
"184","44",4,2,139,270,3.40824253731344,1.99724253731344,307.138,320.594,1.84224253731344,3.47724253731343,-0.0663870516604596,2025-05-08,"CAREER - Phys","Porites compressa","Resistant",4,5,237.838,14.34298723,"No SA values recorded for this frag; avged the Pcomp SAs from other frags to get SA for 44",0.237838,-0.0660505235330411
"185","44",4,3,267,180,2.61220441988951,4.67320441988949,321.644,330.593,2.52320441988951,4.7772044198895,0.313177877668473,2025-05-08,"CAREER - Phys","Porites compressa","Resistant",4,5,237.838,14.34298723,"No SA values recorded for this frag; avged the Pcomp SAs from other frags to get SA for 44",0.237838,0.311590321630291
"186","44",4,4,385,180,5.61377348066299,11.494773480663,331.644,340.594,5.55977348066298,11.533773480663,0.766609713667185,2025-05-08,"CAREER - Phys","Porites compressa","Resistant",4,5,237.838,14.34298723,"No SA values recorded for this frag; avged the Pcomp SAs from other frags to get SA for 44",0.237838,0.762723628580582
"187","44",4,5,716,180,12.985546961326,22.1865469613259,341.643,350.594,12.985546961326,22.1865469613259,1.03529112486187,2025-05-08,"CAREER - Phys","Porites compressa","Resistant",4,5,237.838,14.34298723,"No SA values recorded for this frag; avged the Pcomp SAs from other frags to get SA for 44",0.237838,1.03004304447769
"188","44",4,6,930,200,24.3327114427861,36.5627114427861,351.644,361.593,24.1487114427861,36.6087114427861,1.3063880511141,2025-05-08,"CAREER - Phys","Porites compressa","Resistant",4,5,237.838,14.34298723,"No SA values recorded for this frag; avged the Pcomp SAs from other frags to get SA for 44",0.237838,1.29976573074398
"189","44",4,7,1243,280,38.9291459074733,60.4311459074733,362.643,376.594,38.9291459074733,60.4311459074733,1.57629418912581,2025-05-08,"CAREER - Phys","Porites compressa","Resistant",4,5,237.838,14.34298723,"No SA values recorded for this frag; avged the Pcomp SAs from other frags to get SA for 44",0.237838,1.5683036650935
"190","243",5,1,0,300,118.14817,103.39717,83.933,98.883,103.39717,119.43417,-1.29622191702728,2025-05-08,"CAREER - Phys","Porites compressa","Susceptible",5,5,240.641,17.53422151,NA,0.240641,-1.06736693667569
"191","243",5,2,139,279,52.81585,50.75185,12.974,26.883,50.50285,52.81585,-0.084075136714393,2025-05-08,"CAREER - Phys","Porites compressa","Susceptible",5,5,240.641,17.53422151,NA,0.240641,-0.0692312172372741
"192","243",5,3,267,180,51.95725,54.30225,27.933,36.883,51.63025,54.55125,0.377719531953197,2025-05-08,"CAREER - Phys","Porites compressa","Susceptible",5,5,240.641,17.53422151,NA,0.240641,0.311031108521963
"193","243",5,4,385,180,56.0288222222222,62.2048222222222,37.933,46.883,55.9578222222222,62.2568222222222,0.809515076648914,2025-05-08,"CAREER - Phys","Porites compressa","Susceptible",5,5,240.641,17.53422151,NA,0.240641,0.666590817671967
"194","243",5,5,716,180,64.5177222222222,74.0437222222222,47.933,56.883,64.4077222222222,74.0437222222222,1.09811714107489,2025-05-08,"CAREER - Phys","Porites compressa","Susceptible",5,5,240.641,17.53422151,NA,0.240641,0.904238628882484
"195","243",5,6,930,180,76.0567666666667,88.1697666666667,57.933,66.883,76.0567666666667,88.1697666666667,1.35960918961448,2025-05-08,"CAREER - Phys","Porites compressa","Susceptible",5,5,240.641,17.53422151,NA,0.240641,1.11956284393267
"196","243",5,7,1243,300,91.2340733333334,114.711073333333,67.933,82.883,91.2340733333334,114.915073333333,1.59605012902312,2025-05-08,"CAREER - Phys","Porites compressa","Susceptible",5,5,240.641,17.53422151,NA,0.240641,1.31425885847014
"197","221",1,1,0,300,66.2210166666667,61.2690166666667,70.604,85.553,61.2690166666667,68.9190166666667,-0.811244810846557,2025-05-08,"CAREER - Phys","Montipora capitata","Susceptible",1,6,234.289,16.57748179,NA,0.234289,-0.687917759390025
"198","221",1,2,139,272,14.3271586715867,17.7481586715867,0,13.554,14.1711586715867,17.9111586715867,0.264077284204109,2025-05-08,"CAREER - Phys","Montipora capitata","Susceptible",1,6,234.289,16.57748179,NA,0.234289,0.223931729641417
"199","221",1,3,267,200,18.097595,22.671595,14.604,24.554,18.020595,22.775595,0.557412291904121,2025-05-08,"CAREER - Phys","Montipora capitata","Susceptible",1,6,234.289,16.57748179,NA,0.234289,0.472673365396317
"200","221",1,4,385,180,23.3204777777778,29.7814777777778,25.604,34.554,23.2944777777778,29.8034777777778,0.797118997968448,2025-05-08,"CAREER - Phys","Montipora capitata","Susceptible",1,6,234.289,16.57748179,NA,0.234289,0.675939380712285
"201","221",1,5,716,180,30.9795722222222,39.0685722222222,35.604,44.553,30.9425722222222,39.0685722222222,0.92655087377542,2025-05-08,"CAREER - Phys","Montipora capitata","Susceptible",1,6,234.289,16.57748179,NA,0.234289,0.785694765040557
"202","221",1,6,930,180,40.4723611111111,49.1463611111111,45.603,54.554,40.3983611111111,49.1523611111111,0.972900408720134,2025-05-08,"CAREER - Phys","Montipora capitata","Susceptible",1,6,234.289,16.57748179,NA,0.234289,0.824998151394011
"203","221",1,7,1243,280,50.8436178571428,64.8806178571429,55.604,69.554,50.7666178571428,64.8806178571429,1.0110199338602,2025-05-08,"CAREER - Phys","Montipora capitata","Susceptible",1,6,234.289,16.57748179,NA,0.234289,0.857322670420517
"204","201",3,1,0,300,21.9074733333333,18.8314733333333,276.604,291.553,18.7774733333333,23.0654733333333,-0.399531752691486,2025-05-08,"CAREER - Phys","Montipora capitata","Susceptible",3,6,247.983,11.25776496,NA,0.247983,-0.528046639700103
"205","201",3,2,139,235,-2.70257142857142,-5.00857142857143,208.858,220.553,-5.63257142857142,-2.70257142857142,0.0600172096327923,2025-05-08,"CAREER - Phys","Montipora capitata","Susceptible",3,6,247.983,11.25776496,NA,0.247983,0.0793225711280194
"206","201",3,3,267,180,-4.16178888888888,-2.55578888888888,221.603,230.553,-4.23978888888888,-2.48078888888887,0.153724791068697,2025-05-08,"CAREER - Phys","Montipora capitata","Susceptible",3,6,247.983,11.25776496,NA,0.247983,0.2031724858302
"207","201",3,4,385,180,-1.59127222222222,1.4467277777778,231.603,240.553,-1.6482722222222,1.4467277777778,0.345397575014114,2025-05-08,"CAREER - Phys","Montipora capitata","Susceptible",3,6,247.983,11.25776496,NA,0.247983,0.456499458724132
"208","201",3,5,716,180,2.53985,6.15785,241.604,250.553,2.52884999999998,6.22284999999999,0.407924237588221,2025-05-08,"CAREER - Phys","Montipora capitata","Susceptible",3,6,247.983,11.25776496,NA,0.247983,0.53913868286964
"209","201",3,6,930,180,7.46887222222222,11.6418722222222,251.603,260.554,7.46887222222222,11.6418722222222,0.448349332998516,2025-05-08,"CAREER - Phys","Montipora capitata","Susceptible",3,6,247.983,11.25776496,NA,0.247983,0.592567066589233
"210","201",3,7,1243,280,13.1451714285714,19.9741714285714,261.603,275.554,13.1451714285714,20.0611714285714,0.501393576311551,2025-05-08,"CAREER - Phys","Montipora capitata","Susceptible",3,6,247.983,11.25776496,NA,0.247983,0.662673720811812
"211","203",4,1,0,323,24.2012584615385,21.4422584615384,377.587,393.687,21.3192584615385,24.9972584615385,-0.313053094672217,2025-05-08,"CAREER - Phys","Montipora capitata","Susceptible",4,6,244.34,6.689773558,NA,0.24434,-0.686044684374139
"212","203",4,2,139,270,5.80224253731342,4.03024253731343,307.138,320.587,3.11424253731343,5.80224253731342,0.0795042150883733,2025-05-08,"CAREER - Phys","Montipora capitata","Susceptible",4,6,244.34,6.689773558,NA,0.24434,0.174230649928015
"213","203",4,3,267,181,4.75620441988949,6.1992044198895,321.587,330.587,4.45820441988951,6.25820441988949,0.165007406619894,2025-05-08,"CAREER - Phys","Montipora capitata","Susceptible",4,6,244.34,6.689773558,NA,0.24434,0.361607842632795
"214","203",4,4,385,181,6.90277348066297,9.35777348066298,331.587,340.587,6.89077348066297,9.36577348066297,0.270803843041547,2025-05-08,"CAREER - Phys","Montipora capitata","Susceptible",4,6,244.34,6.689773558,NA,0.24434,0.593456957265561
"215","203",4,5,716,181,10.243546961326,12.908546961326,341.587,350.587,10.135546961326,12.946546961326,0.294574240351193,2025-05-08,"CAREER - Phys","Montipora capitata","Susceptible",4,6,244.34,6.689773558,NA,0.24434,0.645548934624287
"216","203",4,6,930,201,14.0307114427861,16.9337114427861,351.586,361.587,13.9177114427861,16.9737114427861,0.294856709037616,2025-05-08,"CAREER - Phys","Montipora capitata","Susceptible",4,6,244.34,6.689773558,NA,0.24434,0.646167954669515
"217","203",4,7,1243,281,18.2891459074733,22.4881459074733,362.587,376.586,18.2111459074733,22.5551459074733,0.305427125001868,2025-05-08,"CAREER - Phys","Montipora capitata","Susceptible",4,6,244.34,6.689773558,NA,0.24434,0.669332644005972
"218","29",5,1,0,300,98.67517,87.34917,83.933,98.883,87.34917,99.72217,-1.01395436678952,2025-05-08,"CAREER - Phys","Porites compressa","Resistant",5,6,240.011,14.34298723,"No SA values recorded for this frag; avged the Pcomp SAs from other frags to get SA for 29",0.240011,-1.01803145031812
"219","29",5,2,139,279,58.28185,54.58585,12.985,26.883,54.41885,58.28185,-0.133218489745646,2025-05-08,"CAREER - Phys","Porites compressa","Resistant",5,6,240.011,14.34298723,"No SA values recorded for this frag; avged the Pcomp SAs from other frags to get SA for 29",0.240011,-0.133754157748109
"220","29",5,3,267,180,55.73925,56.83325,27.933,36.883,55.37825,56.83325,0.156638019923305,2025-05-08,"CAREER - Phys","Porites compressa","Resistant",5,6,240.011,14.34298723,"No SA values recorded for this frag; avged the Pcomp SAs from other frags to get SA for 29",0.240011,0.157267857233443
"221","29",5,4,385,180,58.0688222222222,61.4978222222222,37.933,46.883,57.9498222222222,61.5348222222222,0.45156596278045,2025-05-08,"CAREER - Phys","Porites compressa","Resistant",5,6,240.011,14.34298723,"No SA values recorded for this frag; avged the Pcomp SAs from other frags to get SA for 29",0.240011,0.453381697501094
"222","29",5,5,716,180,63.4467222222222,68.7407222222222,47.934,56.883,63.2777222222222,68.9097222222222,0.646494382114423,2025-05-08,"CAREER - Phys","Porites compressa","Resistant",5,6,240.011,14.34298723,"No SA values recorded for this frag; avged the Pcomp SAs from other frags to get SA for 29",0.240011,0.649093918822369
"223","29",5,6,930,180,70.7787666666667,77.9527666666667,57.933,66.883,70.7497666666667,78.0977666666667,0.805522159505461,2025-05-08,"CAREER - Phys","Porites compressa","Resistant",5,6,240.011,14.34298723,"No SA values recorded for this frag; avged the Pcomp SAs from other frags to get SA for 29",0.240011,0.808761142674733
"224","29",5,7,1243,300,80.6380733333334,95.9000733333334,67.933,82.883,80.6380733333334,96.0710733333333,1.07100666956837,2025-05-08,"CAREER - Phys","Porites compressa","Resistant",5,6,240.011,14.34298723,"No SA values recorded for this frag; avged the Pcomp SAs from other frags to get SA for 29",0.240011,1.07531315888834
"225","240",1,1,0,300,13.2570166666667,6.03601666666668,70.597,85.547,5.99701666666667,15.2780166666667,-0.813447072815262,2025-05-08,"CAREER - Phys","Porites compressa","Resistant",1,7,240.396,15.17823682,NA,0.240396,-0.773012405204379
"226","240",1,2,139,272,-33.0668413284133,-33.1068413284133,0,13.547,-33.2208413284133,-32.8028413284133,-0.0112891411594602,2025-05-08,"CAREER - Phys","Porites compressa","Resistant",1,7,240.396,15.17823682,NA,0.240396,-0.0107279827440573
"227","240",1,3,267,200,-32.937405,-30.142405,14.597,24.547,-33.050405,-30.142405,0.393997845454709,2025-05-08,"CAREER - Phys","Porites compressa","Resistant",1,7,240.396,15.17823682,NA,0.240396,0.374413077800154
"228","240",1,4,385,180,-29.6245222222222,-23.9945222222222,25.597,34.547,-29.6745222222222,-23.9915222222222,0.703721564099656,2025-05-08,"CAREER - Phys","Porites compressa","Resistant",1,7,240.396,15.17823682,NA,0.240396,0.6687411105632
"229","240",1,5,716,180,-23.0224277777778,-15.3284277777778,35.597,44.547,-23.0224277777778,-15.3284277777778,0.880353158808283,2025-05-08,"CAREER - Phys","Porites compressa","Resistant",1,7,240.396,15.17823682,NA,0.240396,0.836592736592482
"230","240",1,6,930,180,-13.9526388888889,-5.11363888888889,45.597,54.547,-13.9526388888889,-5.11363888888889,0.987793245137312,2025-05-08,"CAREER - Phys","Porites compressa","Resistant",1,7,240.396,15.17823682,NA,0.240396,0.938692212174995
"231","240",1,7,1243,280,-3.45838214285715,11.6786178571429,55.597,69.547,-3.45838214285715,11.7796178571429,1.11869850803061,2025-05-08,"CAREER - Phys","Porites compressa","Resistant",1,7,240.396,15.17823682,NA,0.240396,1.06309046192571
"232","206",2,1,0,301,28.0277066666667,22.1857066666667,177.564,192.564,22.0427066666667,30.2387066666667,-0.737678870998257,2025-05-08,"CAREER - Phys","Montipora capitata","Resistant",2,7,241.64,19.71425138,NA,0.24164,-0.542509230359684
"233","206",2,2,139,269,-47.1818921933086,-44.8708921933085,106.165,119.564,-47.1818921933086,-44.8348921933086,0.164934334596856,2025-05-08,"CAREER - Phys","Montipora capitata","Resistant",2,7,241.64,19.71425138,NA,0.24164,0.121297223547885
"234","206",2,3,267,181,-44.7137333333333,-39.8917333333333,120.564,129.564,-44.7137333333333,-39.8917333333333,0.60705943658891,2025-05-08,"CAREER - Phys","Montipora capitata","Resistant",2,7,241.64,19.71425138,NA,0.24164,0.446448123532077
"235","206",2,4,385,181,-38.8620222222222,-29.5930222222222,130.564,139.564,-38.9530222222222,-29.5930222222222,1.14000004431591,2025-05-08,"CAREER - Phys","Montipora capitata","Resistant",2,7,241.64,19.71425138,NA,0.24164,0.838387231851857
"236","206",2,5,716,181,-27.8486,-15.9906,140.564,149.564,-27.8566,-15.9906,1.33973233629665,2025-05-08,"CAREER - Phys","Montipora capitata","Resistant",2,7,241.64,19.71425138,NA,0.24164,0.985275825602431
"237","206",2,6,930,181,-13.9715055555556,-0.932505555555537,150.564,159.564,-14.0065055555555,-0.825505555555537,1.47078222236505,2025-05-08,"CAREER - Phys","Montipora capitata","Resistant",2,7,241.64,19.71425138,NA,0.24164,1.08165349836061
"238","206",2,7,1243,321,1.61964374999999,25.37064375,160.564,176.564,1.60964375,25.37064375,1.46769630431949,2025-05-08,"CAREER - Phys","Montipora capitata","Resistant",2,7,241.64,19.71425138,NA,0.24164,1.0793840297752
"239","237",3,1,0,300,13.6644733333333,3.05647333333334,276.581,291.53,3.05647333333334,15.6314733333333,-1.02178091028108,2025-05-08,"CAREER - Phys","Porites compressa","Susceptible",3,7,237.735,18.19990454,NA,0.237735,-0.800816567488459
"240","237",3,2,139,234,-32.8775714285714,-35.8975714285714,208.887,220.53,-36.0085714285714,-32.8735714285714,-0.243384378033906,2025-05-08,"CAREER - Phys","Porites compressa","Susceptible",3,7,237.735,18.19990454,NA,0.237735,-0.190751500870973
"241","237",3,3,267,180,-35.2597888888889,-34.3017888888889,221.581,230.531,-35.6937888888889,-34.2407888888889,0.188654372363001,2025-05-08,"CAREER - Phys","Porites compressa","Susceptible",3,7,237.735,18.19990454,NA,0.237735,0.147857085014309
"242","237",3,4,385,180,-33.4252722222222,-28.4532722222222,231.58,240.53,-33.4252722222222,-28.4082722222222,0.603880225191,2025-05-08,"CAREER - Phys","Porites compressa","Susceptible",3,7,237.735,18.19990454,NA,0.237735,0.473288631883503
"243","237",3,5,716,180,-26.94315,-19.29515,241.581,250.531,-26.94315,-19.29515,0.903585972698337,2025-05-08,"CAREER - Phys","Porites compressa","Susceptible",3,7,237.735,18.19990454,NA,0.237735,0.708181773417496
"244","237",3,6,930,180,-17.5391277777778,-8.26512777777779,251.58,260.531,-17.5391277777778,-7.91412777777779,1.10109978837148,2025-05-08,"CAREER - Phys","Porites compressa","Susceptible",3,7,237.735,18.19990454,NA,0.237735,0.862982410528049
"245","237",3,7,1243,280,-5.73282857142857,11.2821714285714,261.58,275.531,-5.77582857142858,11.2821714285714,1.22514858695131,2025-05-08,"CAREER - Phys","Porites compressa","Susceptible",3,7,237.735,18.19990454,NA,0.237735,0.960205143973362
"246","241",4,1,0,324,3.68625846153844,-4.82974153846155,377.564,393.714,-4.82974153846155,5.24925846153846,-0.768485069782832,2025-05-08,"CAREER - Phys","Porites compressa","Susceptible",4,7,241.789,17.16397822,NA,0.241789,-0.649539054953617
"247","241",4,2,139,269,-37.7437574626866,-39.2357574626866,307.156,320.564,-39.3577574626866,-37.6857574626866,-0.0749073620307585,2025-05-08,"CAREER - Phys","Porites compressa","Susceptible",4,7,241.789,17.16397822,NA,0.241789,-0.063313210699431
"248","241",4,3,267,181,-38.5907955801105,-36.5107955801105,321.564,330.564,-38.7847955801105,-36.4547955801105,0.317728551258884,2025-05-08,"CAREER - Phys","Porites compressa","Susceptible",4,7,241.789,17.16397822,NA,0.241789,0.268550569205981
"249","241",4,4,385,181,-35.534226519337,-30.225226519337,331.564,340.564,-35.574226519337,-30.150226519337,0.662258486931402,2025-05-08,"CAREER - Phys","Porites compressa","Susceptible",4,7,241.789,17.16397822,NA,0.241789,0.559754208182595
"250","241",4,5,716,181,-28.596453038674,-21.8964530386741,341.564,350.564,-28.794453038674,-21.876453038674,0.763936740795579,2025-05-08,"CAREER - Phys","Porites compressa","Susceptible",4,7,241.789,17.16397822,NA,0.241789,0.645694715709872
"251","241",4,6,930,201,-20.4132885572139,-12.6392885572139,351.564,361.564,-20.4132885572139,-12.4812885572139,0.78440449328126,2025-05-08,"CAREER - Phys","Porites compressa","Susceptible",4,7,241.789,17.16397822,NA,0.241789,0.662994472242983
"252","241",4,7,1243,281,-10.7118540925267,1.51414590747331,362.564,376.564,-10.7498540925267,1.51414590747331,0.877877140304792,2025-05-08,"CAREER - Phys","Porites compressa","Susceptible",4,7,241.789,17.16397822,NA,0.241789,0.741999435643034
"253","41",5,1,0,300,61.66317,53.57717,83.866,98.817,53.57717,62.71217,-0.720941089270432,2025-05-08,"CAREER - Phys","Porites compressa","Susceptible",5,7,245.431,14.34298723,"No SA values recorded for this frag; avged the Pcomp SAs from other frags to get SA for 41",0.245431,-0.740185944434107
"254","41",5,2,139,278,14.41585,12.44585,12.963,26.817,12.25185,14.50785,-0.107511168166307,2025-05-08,"CAREER - Phys","Porites compressa","Susceptible",5,7,245.431,14.34298723,"No SA values recorded for this frag; avged the Pcomp SAs from other frags to get SA for 41",0.245431,-0.110381079301393
"255","41",5,3,267,180,13.59225,15.45625,27.867,36.816,13.51725,15.48825,0.258104938189836,2025-05-08,"CAREER - Phys","Porites compressa","Susceptible",5,7,245.431,14.34298723,"No SA values recorded for this frag; avged the Pcomp SAs from other frags to get SA for 41",0.245431,0.264994810644629
"256","41",5,4,385,180,16.8648222222222,21.4678222222222,37.867,46.817,16.8438222222222,21.4848222222222,0.584477316150746,2025-05-08,"CAREER - Phys","Porites compressa","Susceptible",5,7,245.431,14.34298723,"No SA values recorded for this frag; avged the Pcomp SAs from other frags to get SA for 41",0.245431,0.600079397185075
"257","41",5,5,716,180,23.4577222222222,30.2087222222222,47.866,56.817,23.2857222222222,30.3847222222222,0.794114958936827,2025-05-08,"CAREER - Phys","Porites compressa","Susceptible",5,7,245.431,14.34298723,"No SA values recorded for this frag; avged the Pcomp SAs from other frags to get SA for 41",0.245431,0.815313122830512
"258","41",5,6,930,180,32.5397666666667,40.6347666666667,57.866,66.817,32.4027666666667,40.7877666666667,0.919188361037748,2025-05-08,"CAREER - Phys","Porites compressa","Susceptible",5,7,245.431,14.34298723,"No SA values recorded for this frag; avged the Pcomp SAs from other frags to get SA for 41",0.245431,0.94372524364796
"259","41",5,7,1243,300,43.4800733333333,58.9690733333333,67.866,82.816,43.4800733333333,58.9690733333333,1.04699703022246,2025-05-08,"CAREER - Phys","Porites compressa","Susceptible",5,7,245.431,14.34298723,"No SA values recorded for this frag; avged the Pcomp SAs from other frags to get SA for 41",0.245431,1.07494564697258
"260","204",2,1,0,300,60.8567066666667,53.6147066666667,177.548,192.499,53.4687066666667,63.1787066666667,-0.868082461985462,2025-05-08,"CAREER - Phys","Montipora capitata","Resistant",2,8,244.229,21.83959592,NA,0.244229,-0.582458335909305
"261","204",2,2,139,268,-17.3918921933086,-13.2398921933085,106.156,119.499,-17.5238921933086,-13.1508921933086,0.341959215584718,2025-05-08,"CAREER - Phys","Montipora capitata","Resistant",2,8,244.229,21.83959592,NA,0.244229,0.229444787080219
"262","204",2,3,267,180,-12.8467333333333,-7.19173333333333,120.548,129.498,-12.9197333333333,-7.19173333333333,0.721810556384799,2025-05-08,"CAREER - Phys","Montipora capitata","Resistant",2,8,244.229,21.83959592,NA,0.244229,0.484314099091545
"263","204",2,4,385,180,-5.94802222222225,3.58797777777775,130.548,139.498,-5.99702222222223,3.64497777777777,1.15223791401822,2025-05-08,"CAREER - Phys","Montipora capitata","Resistant",2,8,244.229,21.83959592,NA,0.244229,0.773118462082122
"264","204",2,5,716,180,5.33240000000001,16.9414,140.549,149.498,5.33240000000001,16.9414,1.31895614269813,2025-05-08,"CAREER - Phys","Montipora capitata","Resistant",2,8,244.229,21.83959592,NA,0.244229,0.884981592942463
"265","204",2,6,930,180,19.0744944444445,31.7524944444445,150.548,159.498,18.9484944444445,31.7524944444445,1.42431850500457,2025-05-08,"CAREER - Phys","Montipora capitata","Resistant",2,8,244.229,21.83959592,NA,0.244229,0.955676704183531
"266","204",2,7,1243,320,34.26264375,58.28264375,160.548,176.498,34.22264375,58.28264375,1.51569169424304,2025-05-08,"CAREER - Phys","Montipora capitata","Resistant",2,8,244.229,21.83959592,NA,0.244229,1.01698548310856
"267","27",3,1,0,301,41.4294733333333,32.0394733333333,276.532,291.532,31.9464733333333,43.0414733333333,-0.926705881264293,2025-05-08,"CAREER - Phys","Porites compressa","Resistant",3,8,242.621,14.34298723,"No SA values recorded for this frag; avged the Pcomp SAs from other frags to get SA for 27",0.242621,-0.940550126746047
"268","27",3,2,139,233,0.318428571428569,-2.05857142857144,208.927,220.531,-2.19257142857143,0.542428571428559,-0.242565080231995,2025-05-08,"CAREER - Phys","Porites compressa","Resistant",3,8,242.621,14.34298723,"No SA values recorded for this frag; avged the Pcomp SAs from other frags to get SA for 27",0.242621,-0.246188808735209
"269","27",3,3,267,181,-1.29778888888887,-0.72378888888889,221.531,230.532,-1.84978888888887,-0.69778888888888,0.113399705067209,2025-05-08,"CAREER - Phys","Porites compressa","Resistant",3,8,242.621,14.34298723,"No SA values recorded for this frag; avged the Pcomp SAs from other frags to get SA for 27",0.242621,0.115093806061115
"270","27",3,4,385,181,0.190727777777795,4.56872777777778,231.532,240.532,0.132727777777774,4.56872777777778,0.547482791893961,2025-05-08,"CAREER - Phys","Porites compressa","Resistant",3,8,242.621,14.34298723,"No SA values recorded for this frag; avged the Pcomp SAs from other frags to get SA for 27",0.242621,0.55566174739781
"271","27",3,5,716,181,5.81084999999999,12.37985,241.532,250.532,5.81084999999999,12.61785,0.783443422156012,2025-05-08,"CAREER - Phys","Porites compressa","Resistant",3,8,242.621,14.34298723,"No SA values recorded for this frag; avged the Pcomp SAs from other frags to get SA for 27",0.242621,0.795147440957097
"272","27",3,6,930,181,14.1868722222222,22.3468722222222,251.532,260.532,14.1868722222222,22.3908722222222,0.948343472895956,2025-05-08,"CAREER - Phys","Porites compressa","Resistant",3,8,242.621,14.34298723,"No SA values recorded for this frag; avged the Pcomp SAs from other frags to get SA for 27",0.242621,0.962510966709505
"273","27",3,7,1243,281,24.4661714285714,38.7711714285714,261.532,275.532,24.4661714285714,38.9801714285714,1.04416939929234,2025-05-08,"CAREER - Phys","Porites compressa","Resistant",3,8,242.621,14.34298723,"No SA values recorded for this frag; avged the Pcomp SAs from other frags to get SA for 27",0.242621,1.05976845588688
"274","28",4,1,0,324,123.793258461538,104.982258461538,377.548,393.698,104.982258461538,128.536258461538,-1.8629088801036,2025-05-08,"CAREER - Phys","Porites compressa","Susceptible",4,8,234.509,14.34298723,"No SA values recorded for this frag; avged the Pcomp SAs from other frags to get SA for 28",0.234509,-1.82752264179858
"275","28",4,2,139,268,-2.33075746268656,-1.84275746268656,307.156,320.499,-3.73075746268657,-1.84275746268656,0.17506751431743,2025-05-08,"CAREER - Phys","Porites compressa","Susceptible",4,8,234.509,14.34298723,"No SA values recorded for this frag; avged the Pcomp SAs from other frags to get SA for 28",0.234509,0.171742080181994
"276","28",4,3,267,180,-1.01679558011051,6.8672044198895,321.548,330.498,-1.03079558011049,6.8672044198895,1.07187575547022,2025-05-08,"CAREER - Phys","Porites compressa","Susceptible",4,8,234.509,14.34298723,"No SA values recorded for this frag; avged the Pcomp SAs from other frags to get SA for 28",0.234509,1.05151531201453
"277","28",4,4,385,180,8.55677348066297,24.843773480663,331.549,340.498,8.55677348066297,24.843773480663,2.0004826540047,2025-05-08,"CAREER - Phys","Porites compressa","Susceptible",4,8,234.509,14.34298723,"No SA values recorded for this frag; avged the Pcomp SAs from other frags to get SA for 28",0.234509,1.96248318088193
"278","28",4,5,716,180,27.7405469613259,48.690546961326,341.549,350.498,27.594546961326,48.7645469613259,2.40442174043414,2025-05-08,"CAREER - Phys","Porites compressa","Susceptible",4,8,234.509,14.34298723,"No SA values recorded for this frag; avged the Pcomp SAs from other frags to get SA for 28",0.234509,2.35874938275659
"279","28",4,6,930,200,52.2307114427861,77.684711442786,351.548,361.499,52.2027114427861,77.6887114427861,2.61727272978698,2025-05-08,"CAREER - Phys","Porites compressa","Susceptible",4,8,234.509,14.34298723,"No SA values recorded for this frag; avged the Pcomp SAs from other frags to get SA for 28",0.234509,2.56755723510304
"280","28",4,7,1243,280,81.4211459074733,119.536145907473,362.549,376.498,81.4211459074733,119.536145907473,2.67619774928308,2025-05-08,"CAREER - Phys","Porites compressa","Susceptible",4,8,234.509,14.34298723,"No SA values recorded for this frag; avged the Pcomp SAs from other frags to get SA for 28",0.234509,2.62536296486667
"281","19",5,1,0,300,117.97317,107.79117,83.867,98.817,107.79117,119.06717,-0.957166077246536,2025-05-08,"CAREER - Phys","Montipora capitata","Susceptible",5,8,237.921,20.54693193,NA,0.237921,-0.665004131148372
"282","19",5,2,139,278,64.14985,64.59285,12.971,26.817,63.98985,64.95285,0.0478416078419844,2025-05-08,"CAREER - Phys","Montipora capitata","Susceptible",5,8,237.921,20.54693193,NA,0.237921,0.0332386067705421
"283","19",5,3,267,180,66.34625,68.89125,27.866,36.817,66.05025,69.39725,0.410502763088182,2025-05-08,"CAREER - Phys","Montipora capitata","Susceptible",5,8,237.921,20.54693193,NA,0.237921,0.285202369568672
"284","19",5,4,385,180,70.6298222222222,76.2158222222222,37.867,46.817,70.5758222222222,76.2938222222222,0.665475144737922,2025-05-08,"CAREER - Phys","Montipora capitata","Susceptible",5,8,237.921,20.54693193,NA,0.237921,0.462347894422185
"285","19",5,5,716,180,78.0467222222222,85.7777222222222,47.867,56.816,78.0047222222222,85.7777222222222,0.871266510028896,2025-05-08,"CAREER - Phys","Montipora capitata","Susceptible",5,8,237.921,20.54693193,NA,0.237921,0.605324240248023
"286","19",5,6,930,180,87.8907666666667,96.6897666666667,57.867,66.816,87.8377666666667,96.7547666666667,0.993292433170296,2025-05-08,"CAREER - Phys","Montipora capitata","Susceptible",5,8,237.921,20.54693193,NA,0.237921,0.690103407547455
"287","19",5,7,1243,300,99.4920733333333,115.309073333333,67.866,82.817,99.3750733333333,115.403073333333,1.06729171302691,2025-05-08,"CAREER - Phys","Montipora capitata","Susceptible",5,8,237.921,20.54693193,NA,0.237921,0.741515412189548
"288","248",1,1,0,301,39.6080166666667,34.1490166666667,70.5,85.5,34.1490166666667,40.8770166666667,-0.560059156651569,2025-05-08,"CAREER - Phys","Porites compressa","Resistant",1,9,242.379,9.378906006,NA,0.242379,-0.868416283796056
"289","248",1,2,139,271,-0.754841328413306,-0.140841328413302,0,13.5,-0.880841328413283,0.0651586715867154,0.0577718256582877,2025-05-08,"CAREER - Phys","Porites compressa","Resistant",1,9,242.379,9.378906006,NA,0.242379,0.0895798123295327
"290","248",1,3,267,201,0.137595000000005,2.72759500000001,14.5,24.5,-0.189404999999994,2.74659500000001,0.333634141238873,2025-05-08,"CAREER - Phys","Porites compressa","Resistant",1,9,242.379,9.378906006,NA,0.242379,0.51732628177063
"291","248",1,4,385,181,3.13247777777778,8.35447777777779,25.5,34.5,3.06047777777778,8.51547777777779,0.623248101709793,2025-05-08,"CAREER - Phys","Porites compressa","Resistant",1,9,242.379,9.378906006,NA,0.242379,0.966395770771207
"292","248",1,5,716,181,9.33957222222222,16.1695722222222,35.5,44.5,9.33957222222222,16.1695722222222,0.784227460382185,2025-05-08,"CAREER - Phys","Porites compressa","Resistant",1,9,242.379,9.378906006,NA,0.242379,1.21600707480194
"293","248",1,6,930,181,17.4453611111111,24.6733611111111,45.5,54.5,17.3403611111111,24.8483611111111,0.823385141254222,2025-05-08,"CAREER - Phys","Porites compressa","Resistant",1,9,242.379,9.378906006,NA,0.242379,1.27672417459596
"294","248",1,7,1243,281,26.2286178571429,38.1366178571429,55.5,69.499,26.1386178571429,38.3826178571429,0.870728265909962,2025-05-08,"CAREER - Phys","Porites compressa","Resistant",1,9,242.379,9.378906006,NA,0.242379,1.35013345625584
"295","205",2,1,0,301,70.1537066666667,58.4947066666667,177.5,192.5,58.4927066666667,72.6897066666667,-1.28456348845431,2025-05-08,"CAREER - Phys","Montipora capitata","Susceptible",2,9,234.382,26.7455347,NA,0.234382,-0.675429142684287
"296","205",2,2,139,268,-14.0098921933086,-12.1438921933086,106.151,119.5,-14.1968921933086,-12.0308921933086,0.180181525004872,2025-05-08,"CAREER - Phys","Montipora capitata","Susceptible",2,9,234.382,26.7455347,NA,0.234382,0.0947402398210986
"297","205",2,3,267,181,-11.7877333333333,-6.55173333333332,120.499,129.5,-11.9377333333333,-6.53473333333332,0.711849558796337,2025-05-08,"CAREER - Phys","Montipora capitata","Susceptible",2,9,234.382,26.7455347,NA,0.234382,0.374293634794603
"298","205",2,4,385,181,-5.36402222222225,5.28297777777777,130.5,139.499,-5.36402222222225,5.28297777777777,1.28325022725244,2025-05-08,"CAREER - Phys","Montipora capitata","Susceptible",2,9,234.382,26.7455347,NA,0.234382,0.674738624157435
"299","205",2,5,716,181,7.0874,20.7654,140.499,149.5,6.96940000000001,20.7654,1.55723919637594,2025-05-08,"CAREER - Phys","Montipora capitata","Susceptible",2,9,234.382,26.7455347,NA,0.234382,0.818803231460506
"300","205",2,6,930,181,22.8654944444445,37.8454944444445,150.5,159.499,22.8654944444445,37.8454944444445,1.68391989493634,2025-05-08,"CAREER - Phys","Montipora capitata","Susceptible",2,9,234.382,26.7455347,NA,0.234382,0.885412500984628
"301","205",2,7,1243,321,40.66864375,67.50764375,160.5,176.499,40.66264375,67.64264375,1.70873145873362,2025-05-08,"CAREER - Phys","Montipora capitata","Susceptible",2,9,234.382,26.7455347,NA,0.234382,0.898458530561895
"302","4",3,1,0,301,65.4924733333333,57.3944733333334,276.5,291.499,57.2464733333333,67.6304733333334,-0.947874978080807,2025-05-08,"CAREER - Phys","Montipora capitata","Resistant",3,9,234.121,18.25277406,"No SA values recorded for this frag; avged the Mcap SAs from other frags to get SA for 4",0.234121,-0.729480692678633
"303","4",3,2,139,234,-0.595571428571418,-1.99357142857141,208.856,220.499,-2.08257142857144,-0.595571428571418,0.00507550093953605,2025-05-08,"CAREER - Phys","Montipora capitata","Resistant",3,9,234.121,18.25277406,"No SA values recorded for this frag; avged the Mcap SAs from other frags to get SA for 4",0.234121,0.00390608469121143
"304","4",3,3,267,181,-0.82878888888888,2.91321111111111,221.499,230.5,-0.914788888888893,2.91321111111111,0.518561093458041,2025-05-08,"CAREER - Phys","Montipora capitata","Resistant",3,9,234.121,18.25277406,"No SA values recorded for this frag; avged the Mcap SAs from other frags to get SA for 4",0.234121,0.399082489146277
"305","4",3,4,385,181,4.10472777777778,12.9617277777778,231.5,240.5,4.10472777777778,12.9817277777778,1.07100211108189,2025-05-08,"CAREER - Phys","Montipora capitata","Resistant",3,9,234.121,18.25277406,"No SA values recorded for this frag; avged the Mcap SAs from other frags to get SA for 4",0.234121,0.824238828874006
"306","4",3,5,716,181,14.93185,26.43585,241.5,250.499,14.89285,26.43585,1.31355747018934,2025-05-08,"CAREER - Phys","Montipora capitata","Resistant",3,9,234.121,18.25277406,"No SA values recorded for this frag; avged the Mcap SAs from other frags to get SA for 4",0.234121,1.01090843770034
"307","4",3,6,930,181,28.7448722222222,40.9458722222222,251.5,260.5,28.6718722222222,40.9458722222222,1.39462705239076,2025-05-08,"CAREER - Phys","Montipora capitata","Resistant",3,9,234.121,18.25277406,"No SA values recorded for this frag; avged the Mcap SAs from other frags to get SA for 4",0.234121,1.07329925542105
"308","4",3,7,1243,281,43.3721714285714,62.6841714285714,261.5,275.5,43.3721714285714,62.7231714285714,1.37459559013938,2025-05-08,"CAREER - Phys","Montipora capitata","Resistant",3,9,234.121,18.25277406,"No SA values recorded for this frag; avged the Mcap SAs from other frags to get SA for 4",0.234121,1.0578831242894
"309","43",5,1,0,300,82.43117,70.97417,83.817,98.767,70.97417,83.12717,-0.946247915162099,2025-05-08,"CAREER - Phys","Porites compressa","Susceptible",5,9,239.012,14.34298723,"No SA values recorded for this frag; avged the Pcomp SAs from other frags to get SA for 43",0.239012,-0.946098339510508
"310","43",5,2,139,277,47.82485,43.11485,12.966,26.767,42.98785,47.82485,-0.298937690921855,2025-05-08,"CAREER - Phys","Porites compressa","Susceptible",5,9,239.012,14.34298723,"No SA values recorded for this frag; avged the Pcomp SAs from other frags to get SA for 43",0.239012,-0.298890437132242
"311","43",5,3,267,180,44.07325,43.58325,27.817,36.767,43.42825,44.16025,-0.0104603306822512,2025-05-08,"CAREER - Phys","Porites compressa","Susceptible",5,9,239.012,14.34298723,"No SA values recorded for this frag; avged the Pcomp SAs from other frags to get SA for 43",0.239012,-0.0104586771929778
"312","43",5,4,385,180,44.7308222222222,46.9468222222222,37.817,46.767,44.4608222222222,46.9468222222222,0.32013678895445,2025-05-08,"CAREER - Phys","Porites compressa","Susceptible",5,9,239.012,14.34298723,"No SA values recorded for this frag; avged the Pcomp SAs from other frags to get SA for 43",0.239012,0.320086184173146
"313","43",5,5,716,180,48.5267222222222,53.5727222222222,47.816,56.767,48.3427222222222,53.5727222222222,0.591151246608102,2025-05-08,"CAREER - Phys","Porites compressa","Susceptible",5,9,239.012,14.34298723,"No SA values recorded for this frag; avged the Pcomp SAs from other frags to get SA for 43",0.239012,0.591057801928877
"314","43",5,6,930,180,55.4277666666667,62.3907666666667,57.817,66.767,55.3307666666667,62.4157666666667,0.811210347323434,2025-05-08,"CAREER - Phys","Porites compressa","Susceptible",5,9,239.012,14.34298723,"No SA values recorded for this frag; avged the Pcomp SAs from other frags to get SA for 43",0.239012,0.811082117380378
"315","43",5,7,1243,300,64.9650733333334,79.7700733333334,67.817,82.766,64.9650733333334,79.7700733333334,1.01026186783885,2025-05-08,"CAREER - Phys","Porites compressa","Susceptible",5,9,239.012,14.34298723,"No SA values recorded for this frag; avged the Pcomp SAs from other frags to get SA for 43",0.239012,1.01010217334998
