"","Colony_ID","Run.x","Interval","Light_Value","N_points","O2_start","O2_end","DeltaT_min","DeltaT_max","O2_min","O2_max","Slope","Avg_Blank_Slope","Blank_Corrected_Slope","Date","Project","Species","Phenotype","Run.y","Chamber","Chamber_Volume_mL","Surface_Area_cm2","Notes","Chamber_Volume_L","Slope_norm"
"1","1",2,1,0,473,144.148,136.558,222.372,245.98,136.528,144.367,-0.33784049371858,0.0157809834320848,-0.353621477150665,2023-09-14,"CAREER - Phys","Montipora capitata","Susceptible",2,3,244,20.03687937,NA,0.244,-0.258374486859314
"2","1",2,2,150,199,143.691,144.037,132.058,141.964,143.499,144.157,0.0903338782734614,0.0409882290702117,0.0493456492032497,2023-09-14,"CAREER - Phys","Montipora capitata","Susceptible",2,3,244,20.03687937,NA,0.244,0.036054531795865
"3","1",2,3,275,180,144.224,146.401,143.014,151.964,144.132,146.454,0.283279980104476,0.0272478428480824,0.256032137256393,2023-09-14,"CAREER - Phys","Montipora capitata","Susceptible",2,3,244,20.03687937,NA,0.244,0.187070572229212
"4","1",2,4,530,180,146.719,150.454,153.014,161.963,146.719,150.454,0.458441527843114,0.0136029466426858,0.444838581200428,2023-09-14,"CAREER - Phys","Montipora capitata","Susceptible",2,3,244,20.03687937,NA,0.244,0.325022510168173
"5","1",2,5,730,180,150.89,155.299,163.014,171.964,150.89,155.325,0.519673717626231,0.000918049300417384,0.518755668325814,2023-09-14,"CAREER - Phys","Montipora capitata","Susceptible",2,3,244,20.03687937,NA,0.244,0.379030229410914
"6","1",2,6,945,180,155.943,160.694,173.014,181.963,155.816,160.775,0.536603566229919,-0.0116762761276081,0.548279842357527,2023-09-14,"CAREER - Phys","Montipora capitata","Susceptible",2,3,244,20.03687937,NA,0.244,0.400602146865857
"7","1",2,7,1190,383,161.373,171.744,183.014,202.113,161.358,171.744,0.539487233203227,-0.0238375213938983,0.563324754597126,2023-09-14,"CAREER - Phys","Montipora capitata","Susceptible",2,3,244,20.03687937,NA,0.244,0.411594752606524
"8","19",2,1,0,475,216.104,205.346,223.099,246.8,205.236,216.104,-0.446543413144171,0.0157809834320848,-0.462324396576255,2023-09-14,"CAREER - Phys","Montipora capitata","Susceptible",2,1,244,19.07264971,NA,0.244,-0.354876184944959
"9","19",2,2,150,201,227.372,215.187,132.834,142.833,214.86,227.372,0.0242121854819136,0.0409882290702117,-0.016776043588298,2023-09-14,"CAREER - Phys","Montipora capitata","Susceptible",2,1,244,19.07264971,NA,0.244,-0.01287714511969
"10","19",2,3,275,181,215.179,217.295,143.833,152.834,215.076,217.379,0.260819589132577,0.0272478428480824,0.233571746284494,2023-09-14,"CAREER - Phys","Montipora capitata","Susceptible",2,1,244,19.07264971,NA,0.244,0.179287640553275
"11","19",2,4,530,181,217.497,221.384,153.833,162.834,217.438,221.418,0.413966998272297,0.0136029466426858,0.400364051629611,2023-09-14,"CAREER - Phys","Montipora capitata","Susceptible",2,1,244,19.07264971,NA,0.244,0.307315963171302
"12","19",2,5,730,181,221.901,226.953,163.834,172.834,221.819,226.953,0.561690371300318,0.000918049300417384,0.560772321999901,2023-09-14,"CAREER - Phys","Montipora capitata","Susceptible",2,1,244,19.07264971,NA,0.244,0.430443956078851
"13","19",2,6,945,181,227.743,233.502,173.833,182.833,227.666,233.55,0.661772612848484,-0.0116762761276081,0.673448888976092,2023-09-14,"CAREER - Phys","Montipora capitata","Susceptible",2,1,244,19.07264971,NA,0.244,0.516933508690229
"14","19",2,7,1190,382,234.318,247.124,183.834,202.884,234.144,247.204,0.683018940010281,-0.0238375213938983,0.706856461404179,2023-09-14,"CAREER - Phys","Montipora capitata","Susceptible",2,1,244,19.07264971,NA,0.244,0.542576870665821
"15","2",2,1,0,468,148.726,139.599,222.378,245.732,139.599,148.816,-0.394985532285802,0.0157809834320848,-0.410766515717887,2023-09-14,"CAREER - Phys","Montipora capitata","Resistant",2,7,244,20.18991445,NA,0.244,-0.297852762328563
"16","2",2,2,150,195,173.211,153.445,132.043,141.749,150.763,173.485,0.318590096425884,0.0409882290702117,0.277601867355672,2023-09-14,"CAREER - Phys","Montipora capitata","Resistant",2,7,244,20.18991445,NA,0.244,0.201293143076544
"17","2",2,3,275,180,153.714,158.122,142.799,151.749,153.714,158.164,0.499425848770382,0.0272478428480824,0.4721780059223,2023-09-14,"CAREER - Phys","Montipora capitata","Resistant",2,7,244,20.18991445,NA,0.244,0.34238312518964
"18","2",2,4,530,180,158.738,164.684,152.799,161.749,158.653,164.684,0.687245735303496,0.0136029466426858,0.67364278866081,2023-09-14,"CAREER - Phys","Montipora capitata","Resistant",2,7,244,20.18991445,NA,0.244,0.488468163172146
"19","2",2,5,730,180,165.497,172.077,162.799,171.749,165.332,172.077,0.745486313832559,0.000918049300417384,0.744568264532142,2023-09-14,"CAREER - Phys","Montipora capitata","Resistant",2,7,244,20.18991445,NA,0.244,0.539897255124355
"20","2",2,6,945,180,172.853,179.641,172.799,181.749,172.853,179.641,0.762475269816381,-0.0116762761276081,0.774151545943989,2023-09-14,"CAREER - Phys","Montipora capitata","Resistant",2,7,244,20.18991445,NA,0.244,0.561348521841805
"21","2",2,7,1190,387,180.272,195.035,182.799,202.099,180.272,195.035,0.760025708378887,-0.0238375213938983,0.783863229772785,2023-09-14,"CAREER - Phys","Montipora capitata","Resistant",2,7,244,20.18991445,NA,0.244,0.568390604739466
"22","20",2,1,0,471,188.982,177.151,222.348,245.844,177.151,188.982,-0.494175773734835,0.0157809834320848,-0.509956757166919,2023-09-14,"CAREER - Phys","Montipora capitata","Resistant",2,5,244,20.10320527,NA,0.244,-0.371371969029479
"23","20",2,2,150,197,189.406,193.484,132.029,141.827,189.288,193.484,0.437683103365332,0.0409882290702117,0.39669487429512,2023-09-14,"CAREER - Phys","Montipora capitata","Resistant",2,5,244,20.10320527,NA,0.244,0.288889899977655
"24","20",2,3,275,180,193.99,201.099,142.877,151.827,193.99,201.099,0.797083181453666,0.0272478428480824,0.769835338605584,2023-09-14,"CAREER - Phys","Montipora capitata","Resistant",2,5,244,20.10320527,NA,0.244,0.56062648745892
"25","20",2,4,530,180,201.917,210.642,152.877,161.827,201.917,210.899,1.04014937778147,0.0136029466426858,1.02654643113879,2023-09-14,"CAREER - Phys","Montipora capitata","Resistant",2,5,244,20.10320527,NA,0.244,0.7475743071827
"26","20",2,5,730,180,211.994,221.708,162.877,171.827,211.994,221.708,1.10851279705789,0.000918049300417384,1.10759474775747,2023-09-14,"CAREER - Phys","Montipora capitata","Resistant",2,5,244,20.10320527,NA,0.244,0.806597101774975
"27","20",2,6,945,180,223.09,232.86,172.877,181.827,222.814,232.9,1.13484504684074,-0.0116762761276081,1.14652132296835,2023-09-14,"CAREER - Phys","Montipora capitata","Resistant",2,5,244,20.10320527,NA,0.244,0.834945071834139
"28","20",2,7,1190,385,234.254,256.89,182.877,202.077,234.129,256.89,1.1737833610689,-0.0238375213938983,1.1976208824628,2023-09-14,"CAREER - Phys","Montipora capitata","Resistant",2,5,244,20.10320527,NA,0.244,0.872157921275377
"29","201",5,1,0,600,181.988,172.068,403.481,433.437,171.967,181.997,-0.305894321346423,0.0157809834320848,-0.321675304778508,2023-09-15,"CAREER - Phys","Montipora capitata","Susceptible",5,9,244,18.06108049,NA,0.244,-0.260744447961726
"30","201",5,2,150,166,176.589,177.887,310.494,318.736,176.428,177.904,0.166757116384451,0.0409882290702117,0.125768887314239,2023-09-15,"CAREER - Phys","Montipora capitata","Susceptible",5,9,244,18.06108049,NA,0.244,0.10194608851336
"31","201",5,3,275,180,178.149,180.781,319.786,328.737,178.016,180.812,0.330275395354352,0.0272478428480824,0.30302755250627,2023-09-15,"CAREER - Phys","Montipora capitata","Susceptible",5,9,244,18.06108049,NA,0.244,0.245628901944603
"32","201",5,4,530,240,181.248,186.552,329.786,341.736,181.199,186.712,0.46458047970031,0.0136029466426858,0.450977533057625,2023-09-15,"CAREER - Phys","Montipora capitata","Susceptible",5,9,244,18.06108049,NA,0.244,0.365554601654047
"33","201",5,5,730,180,187.148,191.739,342.787,351.736,187.148,191.793,0.524407067732797,0.000918049300417384,0.52348901843238,2023-09-15,"CAREER - Phys","Montipora capitata","Susceptible",5,9,244,18.06108049,NA,0.244,0.424331159705166
"34","201",5,6,945,180,192.179,197.235,352.787,361.737,192.179,197.235,0.543231427578957,-0.0116762761276081,0.554907703706565,2023-09-15,"CAREER - Phys","Montipora capitata","Susceptible",5,9,244,18.06108049,NA,0.244,0.449798603508915
"35","201",5,7,1190,280,197.643,205.562,362.787,376.737,197.643,205.562,0.550865365739187,-0.0238375213938983,0.574702887133086,2023-09-15,"CAREER - Phys","Montipora capitata","Susceptible",5,9,244,18.06108049,NA,0.244,0.46584423740799
"36","202",5,1,0,602,144.466,131.067,403.487,433.531,130.977,146.175,-0.389029227638752,0.0157809834320848,-0.404810211070837,2023-09-15,"CAREER - Phys","Montipora capitata","Resistant",5,3,243,19.49749671,NA,0.243,-0.302712341240487
"37","202",5,2,150,174,140.442,139.274,310.48,319.132,137.981,140.442,0.175223898321834,0.0409882290702117,0.134235669251623,2023-09-15,"CAREER - Phys","Montipora capitata","Resistant",5,3,243,19.49749671,NA,0.243,0.100379863466517
"38","202",5,3,275,180,139.305,142.292,320.182,329.132,139.263,142.292,0.340272189795899,0.0272478428480824,0.313024346947816,2023-09-15,"CAREER - Phys","Montipora capitata","Resistant",5,3,243,19.49749671,NA,0.243,0.234075945562714
"39","202",5,4,530,240,142.611,148.007,330.182,342.132,142.558,148.085,0.499832537251193,0.0136029466426858,0.486229590608508,2023-09-15,"CAREER - Phys","Montipora capitata","Resistant",5,3,243,19.49749671,NA,0.243,0.363596800990153
"40","202",5,5,730,180,148.606,153.987,343.182,352.132,148.606,153.987,0.602080798158295,0.000918049300417384,0.601162748857877,2023-09-15,"CAREER - Phys","Montipora capitata","Resistant",5,3,243,19.49749671,NA,0.243,0.4495424724884
"41","202",5,6,945,180,154.39,160.046,353.182,362.131,154.39,160.07,0.651117278834395,-0.0116762761276081,0.662793554962003,2023-09-15,"CAREER - Phys","Montipora capitata","Resistant",5,3,243,19.49749671,NA,0.243,0.495629268468588
"42","202",5,7,1190,274,160.84,169.52,363.182,376.832,160.68,169.52,0.647304558856444,-0.0238375213938983,0.671142080250342,2023-09-15,"CAREER - Phys","Montipora capitata","Resistant",5,3,243,19.49749671,NA,0.243,0.501872198036134
"43","203",5,1,0,603,212.806,196.807,402.88,432.978,196.715,212.806,-0.534331001678076,0.0157809834320848,-0.550111985110161,2023-09-15,"CAREER - Phys","Montipora capitata","Susceptible",5,1,243,21.90329564,NA,0.243,-0.36618383254887
"44","203",5,2,150,177,208.864,208.965,309.886,318.679,207.344,208.975,0.25830392712486,0.0409882290702117,0.217315698054648,2023-09-15,"CAREER - Phys","Montipora capitata","Susceptible",5,1,243,21.90329564,NA,0.243,0.144656901395719
"45","203",5,3,275,181,209.151,213.581,319.679,328.678,209.151,213.655,0.524171859896202,0.0272478428480824,0.496924017048119,2023-09-15,"CAREER - Phys","Montipora capitata","Susceptible",5,1,243,21.90329564,NA,0.243,0.330779088573795
"46","203",5,4,530,241,214.071,223.505,329.679,341.679,214.071,223.505,0.838175015499579,0.0136029466426858,0.824572068856894,2023-09-15,"CAREER - Phys","Montipora capitata","Susceptible",5,1,243,21.90329564,NA,0.243,0.548879080186378
"47","203",5,5,730,181,224.6,233.078,342.678,351.679,224.335,233.098,0.959697449801566,0.000918049300417384,0.958779400501149,2023-09-15,"CAREER - Phys","Montipora capitata","Susceptible",5,1,243,21.90329564,NA,0.243,0.638214627107446
"48","203",5,6,945,181,234.064,243.147,352.679,361.678,234.064,243.147,1.01889233082881,-0.0116762761276081,1.03056860695642,2023-09-15,"CAREER - Phys","Montipora capitata","Susceptible",5,1,243,21.90329564,NA,0.243,0.68600134593374
"49","203",5,7,1190,273,244.277,258.332,362.678,376.278,244.121,258.358,1.04993698433613,-0.0238375213938983,1.07377450573003,2023-09-15,"CAREER - Phys","Montipora capitata","Susceptible",5,1,243,21.90329564,NA,0.243,0.714761493012649
"50","204",5,1,0,601,188.495,173.819,Inf,-Inf,173.819,188.495,-0.483546392955707,0.0402209445354651,-0.523767337491172,2023-09-15,"CAREER - Phys","Montipora capitata","Resistant",5,5,244,19.58648586,NA,0.244,-0.391492066299164
"51","204",5,2,150,171,184.215,182.611,Inf,-Inf,181.455,184.215,0.184589397662348,0.0657972296995885,0.118792167962759,2023-09-15,"CAREER - Phys","Montipora capitata","Resistant",5,5,244,19.58648586,NA,0.244,0.0887916980823224
"52","204",5,3,275,180,182.975,187.255,Inf,-Inf,182.795,187.369,0.565476629595199,0.0437715377381818,0.521705091857018,2023-09-15,"CAREER - Phys","Montipora capitata","Resistant",5,5,244,19.58648586,NA,0.244,0.389950632256334
"53","204",5,4,530,240,187.971,198.517,Inf,-Inf,187.969,198.517,0.960125248249766,0.0255335999419517,0.934591648307814,2023-09-15,"CAREER - Phys","Montipora capitata","Resistant",5,5,244,19.58648586,NA,0.244,0.698564399404028
"54","204",5,5,730,180,199.644,210.246,Inf,-Inf,199.519,210.246,1.18013587807856,0.01345230387971,1.16668357419885,2023-09-15,"CAREER - Phys","Montipora capitata","Resistant",5,5,244,19.58648586,NA,0.244,0.872042470934147
"55","204",5,6,945,180,211.348,223.128,Inf,-Inf,211.348,223.128,1.34869246431575,-0.000959110670189595,1.34965157498594,2023-09-15,"CAREER - Phys","Montipora capitata","Resistant",5,5,244,19.58648586,NA,0.244,1.0088026611321
"56","204",5,7,1190,276,224.604,244.51,Inf,-Inf,224.582,244.588,1.46763356342085,-0.0176339072587118,1.48526747067956,2023-09-15,"CAREER - Phys","Montipora capitata","Resistant",5,5,244,19.58648586,NA,0.244,1.11016932420509
"57","205",4,1,0,593,172.974,163.331,245.202,274.808,163.241,173.121,-0.288833390422434,0.0157809834320848,-0.304614373854519,2023-09-15,"CAREER - Phys","Montipora capitata","Susceptible",4,8,246,15.61989935,NA,0.246,-0.287844886663287
"58","205",4,2,150,186,172.834,170.01,145.562,154.808,168.763,172.834,0.206820221034085,0.0409882290702117,0.165831991963874,2023-09-15,"CAREER - Phys","Montipora capitata","Susceptible",4,8,246,15.61989935,NA,0.246,0.156702687164676
"59","205",4,3,275,200,170.259,173.54,155.858,165.808,170.167,173.55,0.168469050539436,0.0272478428480824,0.141221207691353,2023-09-15,"CAREER - Phys","Montipora capitata","Susceptible",4,8,246,15.61989935,NA,0.246,0.133446764208783
"60","205",4,4,530,220,174.061,179.553,166.858,177.807,173.999,179.618,0.515830206327299,0.0136029466426858,0.502227259684613,2023-09-15,"CAREER - Phys","Montipora capitata","Susceptible",4,8,246,15.61989935,NA,0.246,0.474578880877673
"61","205",4,5,730,180,180.113,185.173,178.858,187.808,180.113,185.302,0.574361235038631,0.000918049300417384,0.573443185738214,2023-09-15,"CAREER - Phys","Montipora capitata","Susceptible",4,8,246,15.61989935,NA,0.246,0.541874261276596
"62","205",4,6,945,180,185.942,191.512,188.858,197.807,185.928,191.512,0.6149362079076,-0.0116762761276081,0.626612484035208,2023-09-15,"CAREER - Phys","Montipora capitata","Susceptible",4,8,246,15.61989935,NA,0.246,0.592116508379401
"63","205",4,7,1190,296,191.913,200.838,198.858,213.607,191.913,200.843,0.606073028430415,-0.0238375213938983,0.629910549824313,2023-09-15,"CAREER - Phys","Montipora capitata","Susceptible",4,8,246,15.61989935,NA,0.246,0.595233010602393
"64","206",4,1,0,596,182.156,172.406,245.22,274.976,172.355,182.156,-0.23572339394253,0.0157809834320848,-0.251504377374614,2023-09-15,"CAREER - Phys","Montipora capitata","Resistant",4,5,246,14.22479098,NA,0.246,-0.26096725184002
"65","206",4,2,150,190,177.854,178.683,145.532,154.976,177.458,178.683,0.138895228731751,0.0409882290702117,0.0979069996615391,2023-09-15,"CAREER - Phys","Montipora capitata","Resistant",4,5,246,14.22479098,NA,0.246,0.101590759191902
"66","206",4,3,275,200,178.768,181.345,156.025,165.976,178.623,181.37,0.261565569776455,0.0272478428480824,0.234317726928372,2023-09-15,"CAREER - Phys","Montipora capitata","Resistant",4,5,246,14.22479098,NA,0.246,0.243133952149135
"67","206",4,4,530,220,181.64,185.728,167.026,177.976,181.592,185.737,0.399085855072501,0.0136029466426858,0.385482908429815,2023-09-15,"CAREER - Phys","Montipora capitata","Resistant",4,5,246,14.22479098,NA,0.246,0.399986736987826
"68","206",4,5,730,180,186.146,190.06,179.026,187.976,186.142,190.06,0.426641920475961,0.000918049300417384,0.425723871175544,2023-09-15,"CAREER - Phys","Montipora capitata","Resistant",4,5,246,14.22479098,NA,0.246,0.441741769519557
"69","206",4,6,945,180,190.448,194.464,189.026,197.975,190.448,194.596,0.460787925158044,-0.0116762761276081,0.472464201285652,2023-09-15,"CAREER - Phys","Montipora capitata","Resistant",4,5,246,14.22479098,NA,0.246,0.490240708688166
"70","206",4,7,1190,292,195.058,202.175,199.026,213.576,195.058,202.23,0.490537142552871,-0.0238375213938983,0.514374663946769,2023-09-15,"CAREER - Phys","Montipora capitata","Resistant",4,5,246,14.22479098,NA,0.246,0.533728056217408
"71","209",3,1,0,419,162.826,156.779,93.266,114.163,156.779,162.943,-0.282891914800836,0.0157809834320848,-0.298672898232921,2023-09-15,"CAREER - Phys","Montipora capitata","Susceptible",3,2,243,21.48497365,NA,0.243,-0.202683555827214
"72","209",3,2,150,181,166.788,168.196,0.197,9.197,165.916,168.196,0.301747925825273,0.0409882290702117,0.260759696755062,2023-09-15,"CAREER - Phys","Montipora capitata","Susceptible",3,2,243,21.48497365,NA,0.243,0.176955133416643
"73","209",3,3,275,201,168.444,172.97,10.196,20.197,168.432,172.97,0.466459746287268,0.0272478428480824,0.439211903439186,2023-09-15,"CAREER - Phys","Montipora capitata","Susceptible",3,2,243,21.48497365,NA,0.243,0.298055266739567
"74","209",3,4,530,201,173.463,180.173,21.197,31.197,173.435,180.173,0.689092209001437,0.0136029466426858,0.675489262358751,2023-09-15,"CAREER - Phys","Montipora capitata","Susceptible",3,2,243,21.48497365,NA,0.243,0.45839634740211
"75","209",3,5,730,161,180.656,186.908,32.197,40.196,180.656,186.984,0.810574760508566,0.000918049300417384,0.809656711208149,2023-09-15,"CAREER - Phys","Montipora capitata","Susceptible",3,2,243,21.48497365,NA,0.243,0.549444232128011
"76","209",3,6,945,181,187.885,195.852,41.197,50.197,187.885,195.852,0.876026476831618,-0.0116762761276081,0.887702752959226,2023-09-15,"CAREER - Phys","Montipora capitata","Susceptible",3,2,243,21.48497365,NA,0.243,0.602407354506833
"77","209",3,7,1190,257,196.622,208.494,51.197,64.397,196.622,208.494,0.893458349449472,-0.0238375213938983,0.91729587084337,2023-09-15,"CAREER - Phys","Montipora capitata","Susceptible",3,2,243,21.48497365,NA,0.243,0.622489653223119
"78","210",3,1,0,417,161.486,148.195,93.217,114.009,148.18,161.486,-0.643064949422911,0.0157809834320848,-0.658845932854996,2023-09-15,"CAREER - Phys","Montipora capitata","Resistant",3,5,243,22.84494431,NA,0.243,-0.420485756965535
"79","210",3,2,150,180,168.751,172.112,0.042,8.992,168.451,172.191,0.492192310067957,0.0409882290702117,0.451204080997745,2023-09-15,"CAREER - Phys","Montipora capitata","Resistant",3,5,243,22.84494431,NA,0.243,0.287965486441018
"80","210",3,3,275,200,172.717,180.293,10.043,19.992,172.71,180.342,0.797864441540645,0.0272478428480824,0.770616598692563,2023-09-15,"CAREER - Phys","Montipora capitata","Resistant",3,5,243,22.84494431,NA,0.243,0.491819540309379
"81","210",3,4,530,200,181.142,190.868,21.042,30.992,181.142,190.868,0.957843572450549,0.0136029466426858,0.944240625807863,2023-09-15,"CAREER - Phys","Montipora capitata","Resistant",3,5,243,22.84494431,NA,0.243,0.602629104166927
"82","210",3,5,730,160,191.808,200.162,32.042,39.993,191.808,200.283,1.06692551559898,0.000918049300417384,1.06600746629857,2023-09-15,"CAREER - Phys","Montipora capitata","Resistant",3,5,243,22.84494431,NA,0.243,0.680342602184837
"83","210",3,6,945,180,201.408,211.498,41.043,49.992,201.408,211.498,1.10547861052979,-0.0116762761276081,1.1171548866574,2023-09-15,"CAREER - Phys","Montipora capitata","Resistant",3,5,243,22.84494431,NA,0.243,0.712985684116331
"84","210",3,7,1190,251,212.616,227.917,51.042,64.043,212.616,228.043,1.18677306549137,-0.0238375213938983,1.21061058688527,2023-09-15,"CAREER - Phys","Montipora capitata","Resistant",3,5,243,22.84494431,NA,0.243,0.772630570566151
"85","211",2,1,0,467,184.517,181.419,222.384,245.685,181.345,184.645,-0.132076953265436,0.0157809834320848,-0.147857936697521,2023-09-14,"CAREER - Phys","Montipora capitata","Susceptible",2,8,246,15.44132248,NA,0.246,-0.141333953000599
"86","211",2,2,150,194,182.976,184.431,132.051,141.702,182.954,184.603,0.161935721671466,0.0409882290702117,0.120947492601255,2023-09-14,"CAREER - Phys","Montipora capitata","Susceptible",2,8,246,15.44132248,NA,0.246,0.115610887157284
"87","211",2,3,275,181,184.818,187.028,142.702,151.702,184.665,187.028,0.253521483979543,0.0272478428480824,0.226273641131461,2023-09-14,"CAREER - Phys","Montipora capitata","Susceptible",2,8,246,15.44132248,NA,0.246,0.21628969587457
"88","211",2,4,530,181,187.391,190.429,152.702,161.702,187.156,190.429,0.361226666387195,0.0136029466426858,0.34762371974451,2023-09-14,"CAREER - Phys","Montipora capitata","Susceptible",2,8,246,15.44132248,NA,0.246,0.332285405610476
"89","211",2,5,730,181,190.768,194.387,162.702,171.702,190.756,194.414,0.404285614924323,0.000918049300417384,0.403367565623905,2023-09-14,"CAREER - Phys","Montipora capitata","Susceptible",2,8,246,15.44132248,NA,0.246,0.385569647698261
"90","211",2,6,945,181,194.865,198.379,172.702,181.701,194.734,198.379,0.406112560165414,-0.0116762761276081,0.417788836293023,2023-09-14,"CAREER - Phys","Montipora capitata","Susceptible",2,8,246,15.44132248,NA,0.246,0.399354603964272
"91","211",2,7,1190,389,198.712,205.949,182.702,202.102,198.712,205.949,0.364836401440004,-0.0238375213938983,0.388673922833902,2023-09-14,"CAREER - Phys","Montipora capitata","Susceptible",2,8,246,15.44132248,NA,0.246,0.371524337274795
"92","212",2,1,0,476,185.908,180.643,221.824,245.574,180.592,185.908,-0.209040749426861,0.0157809834320848,-0.224821732858945,2023-09-14,"CAREER - Phys","Montipora capitata","Resistant",2,10,246,13.92379016,NA,0.246,-0.238323670413461
"93","212",2,2,150,191,187.192,188.153,132.099,141.591,186.868,188.22,0.129319620682631,0.0409882290702117,0.0883313916124196,2023-09-14,"CAREER - Phys","Montipora capitata","Resistant",2,10,246,13.92379016,NA,0.246,0.0936362387839457
"94","212",2,3,275,180,188.287,190.137,142.642,151.591,188.188,190.137,0.197292229215073,0.0272478428480824,0.17004438636699,2023-09-14,"CAREER - Phys","Montipora capitata","Resistant",2,10,246,13.92379016,NA,0.246,0.180256604985835
"95","212",2,4,530,180,190.269,192.706,152.641,161.591,190.269,192.76,0.275285855005508,0.0136029466426858,0.261682908362822,2023-09-14,"CAREER - Phys","Montipora capitata","Resistant",2,10,246,13.92379016,NA,0.246,0.277398587816355
"96","212",2,5,730,180,192.905,195.631,162.641,171.591,192.905,195.641,0.304756282780831,0.000918049300417384,0.303838233480414,2023-09-14,"CAREER - Phys","Montipora capitata","Resistant",2,10,246,13.92379016,NA,0.246,0.322085601308064
"97","212",2,6,945,180,195.903,198.583,172.641,181.591,195.815,198.709,0.307480752898965,-0.0116762761276081,0.319157029026573,2023-09-14,"CAREER - Phys","Montipora capitata","Resistant",2,10,246,13.92379016,NA,0.246,0.338324385408018
"98","212",2,7,1190,390,199.023,204.616,182.642,202.091,198.876,204.668,0.290070668663243,-0.0238375213938983,0.313908190057141,2023-09-14,"CAREER - Phys","Montipora capitata","Resistant",2,10,246,13.92379016,NA,0.246,0.332760321148319
"99","213",1,1,0,531,149.968,171.712,79.244,105.749,145.536,171.712,-0.175741156704731,0.0157809834320848,-0.191522140136816,2023-09-14,"CAREER - Phys","Montipora capitata","Susceptible",1,7,246,17.98726514,"No SA values recorded for this frag; avged the Mcap SAs from other frags to get SA for 213",0.246,-0.157159343925666
"100","213",1,2,150,96,152.244,152.682,0,4.749,152.195,152.789,0.0913697552447551,0.0409882290702117,0.0503815261745434,2023-09-14,"CAREER - Phys","Montipora capitata","Susceptible",1,7,246,17.98726514,"No SA values recorded for this frag; avged the Mcap SAs from other frags to get SA for 213",0.246,0.0413421006778055
"101","213",1,3,275,180,152.699,154.79,5.799,14.749,152.699,154.962,0.24717360934591,0.0272478428480824,0.219925766497828,2023-09-14,"CAREER - Phys","Montipora capitata","Susceptible",1,7,246,17.98726514,"No SA values recorded for this frag; avged the Mcap SAs from other frags to get SA for 213",0.246,0.180466807390817
"102","213",1,4,530,180,155.052,158.185,15.799,24.749,155.052,158.247,0.345587741880914,0.0136029466426858,0.331984795238228,2023-09-14,"CAREER - Phys","Montipora capitata","Susceptible",1,7,246,17.98726514,"No SA values recorded for this frag; avged the Mcap SAs from other frags to get SA for 213",0.246,0.272420267315648
"103","213",1,5,730,180,158.591,161.758,25.799,34.749,158.535,161.959,0.365635686530177,0.000918049300417384,0.36471763722976,2023-09-14,"CAREER - Phys","Montipora capitata","Susceptible",1,7,246,17.98726514,"No SA values recorded for this frag; avged the Mcap SAs from other frags to get SA for 213",0.246,0.299280200942835
"104","213",1,6,945,180,162.198,165.425,35.799,44.749,162.03,165.473,0.375256971019858,-0.0116762761276081,0.386933247147466,2023-09-14,"CAREER - Phys","Montipora capitata","Susceptible",1,7,246,17.98726514,"No SA values recorded for this frag; avged the Mcap SAs from other frags to get SA for 213",0.246,0.31750989844455
"105","213",1,7,1190,214,165.899,169.832,45.799,56.449,165.774,169.832,0.364778300335775,-0.0238375213938983,0.388615821729674,2023-09-14,"CAREER - Phys","Montipora capitata","Susceptible",1,7,246,17.98726514,"No SA values recorded for this frag; avged the Mcap SAs from other frags to get SA for 213",0.246,0.31889058642797
"106","214",1,1,0,529,182.786,182.068,79.251,105.654,176.652,182.788,-0.218739886134022,0.0157809834320848,-0.234520869566107,2023-09-14,"CAREER - Phys","Montipora capitata","Resistant",1,9,245,16.11632924,NA,0.245,-0.213910793908661
"107","214",1,2,150,94,184.973,185.298,0,4.654,184.808,185.471,0.111392173103538,0.0409882290702117,0.0704039440333258,2023-09-14,"CAREER - Phys","Montipora capitata","Resistant",1,9,245,16.11632924,NA,0.245,0.0642167308620887
"108","214",1,3,275,181,185.613,188.382,5.654,14.654,185.463,188.452,0.333441478455421,0.0272478428480824,0.306193635607339,2023-09-14,"CAREER - Phys","Montipora capitata","Resistant",1,9,245,16.11632924,NA,0.245,0.279284840635825
"109","214",1,4,530,181,188.882,193.142,15.654,24.654,188.816,193.142,0.490817533758317,0.0136029466426858,0.477214587115632,2023-09-14,"CAREER - Phys","Montipora capitata","Resistant",1,9,245,16.11632924,NA,0.245,0.435276192620137
"110","214",1,5,730,181,193.67,198.31,25.654,34.654,193.447,198.399,0.563612575203213,0.000918049300417384,0.562694525902795,2023-09-14,"CAREER - Phys","Montipora capitata","Resistant",1,9,245,16.11632924,NA,0.245,0.513244015283662
"111","214",1,6,945,181,198.964,203.657,35.654,44.654,198.85,203.657,0.520056280355823,-0.0116762761276081,0.531732556483431,2023-09-14,"CAREER - Phys","Montipora capitata","Resistant",1,9,245,16.11632924,NA,0.245,0.485003034121834
"112","214",1,7,1190,216,204.145,209.256,45.654,56.404,204.127,209.401,0.489019980216011,-0.0238375213938983,0.512857501609909,2023-09-14,"CAREER - Phys","Montipora capitata","Resistant",1,9,245,16.11632924,NA,0.245,0.46778674978631
"113","219",1,1,0,536,191.339,221.313,79.082,105.827,186.149,221.634,-0.140064855094023,0.0157809834320848,-0.155845838526108,2023-09-14,"CAREER - Phys","Montipora capitata","Susceptible",1,5,246,14.68375978,NA,0.246,-0.156655012824335
"114","219",1,2,150,98,192.275,192.555,0,4.844,192.085,192.555,0.0532051209523102,0.0409882290702117,0.0122168918820985,2023-09-14,"CAREER - Phys","Montipora capitata","Susceptible",1,5,246,14.68375978,NA,0.246,0.0122803237645838
"115","219",1,3,275,180,192.357,193.784,5.894,14.844,192.335,193.864,0.16435616743983,0.0272478428480824,0.137108324591747,2023-09-14,"CAREER - Phys","Montipora capitata","Susceptible",1,5,246,14.68375978,NA,0.246,0.137820210987828
"116","219",1,4,530,180,193.996,195.759,15.893,24.843,193.91,195.908,0.231965259204163,0.0136029466426858,0.218362312561477,2023-09-14,"CAREER - Phys","Montipora capitata","Susceptible",1,5,246,14.68375978,NA,0.246,0.219496081500688
"117","219",1,5,730,180,196.135,198.094,25.894,34.844,196.041,198.198,0.236788706970987,0.000918049300417384,0.235870657670569,2023-09-14,"CAREER - Phys","Montipora capitata","Susceptible",1,5,246,14.68375978,NA,0.246,0.237095332488312
"118","219",1,6,945,180,198.403,200.565,35.894,44.844,198.352,200.661,0.234618440505389,-0.0116762761276081,0.246294716632997,2023-09-14,"CAREER - Phys","Montipora capitata","Susceptible",1,5,246,14.68375978,NA,0.246,0.247573514683515
"119","219",1,7,1190,213,200.855,203.206,45.894,56.493,200.695,203.346,0.224699217764207,-0.0238375213938983,0.248536739158105,2023-09-14,"CAREER - Phys","Montipora capitata","Susceptible",1,5,246,14.68375978,NA,0.246,0.249827178116205
"120","220",1,1,0,542,214.362,250.366,79.773,106.817,203.423,252.807,-0.406468990458363,0.0157809834320848,-0.422249973890448,2023-09-14,"CAREER - Phys","Montipora capitata","Resistant",1,1,245,16.3527826,"Chamber vol for Sept 2023 from https://docs.google.com/spreadsheets/d/1ER5cb2uHWlQ6L5Ifs1Rq18BrPqLYbu8kD4qvk5cz5Ts/edit?gid=0#gid=0; SA for Sept 2023 from Phys_T0_frags_20230914_mesh_measure",0.245,-0.379572991827677
"121","220",1,2,150,117,218.439,219.084,0,5.8,218.357,219.239,0.119974563541538,0.0409882290702117,0.0789863344713266,2023-09-14,"CAREER - Phys","Montipora capitata","Resistant",1,1,245,16.3527826,"Chamber vol for Sept 2023 from https://docs.google.com/spreadsheets/d/1ER5cb2uHWlQ6L5Ifs1Rq18BrPqLYbu8kD4qvk5cz5Ts/edit?gid=0#gid=0; SA for Sept 2023 from Phys_T0_frags_20230914_mesh_measure",0.245,0.0710031524988597
"122","220",1,3,275,180,219.295,222.166,6.85,15.8,219.235,222.281,0.347901780543195,0.0272478428480824,0.320653937695112,2023-09-14,"CAREER - Phys","Montipora capitata","Resistant",1,1,245,16.3527826,"Chamber vol for Sept 2023 from https://docs.google.com/spreadsheets/d/1ER5cb2uHWlQ6L5Ifs1Rq18BrPqLYbu8kD4qvk5cz5Ts/edit?gid=0#gid=0; SA for Sept 2023 from Phys_T0_frags_20230914_mesh_measure",0.245,0.288245309646454
"123","220",1,4,530,180,222.606,227.099,16.85,25.8,222.492,227.218,0.540609781933506,0.0136029466426858,0.52700683529082,2023-09-14,"CAREER - Phys","Montipora capitata","Resistant",1,1,245,16.3527826,"Chamber vol for Sept 2023 from https://docs.google.com/spreadsheets/d/1ER5cb2uHWlQ6L5Ifs1Rq18BrPqLYbu8kD4qvk5cz5Ts/edit?gid=0#gid=0; SA for Sept 2023 from Phys_T0_frags_20230914_mesh_measure",0.245,0.47374203328399
"124","220",1,5,730,180,227.97,233.43,26.85,35.8,227.838,233.58,0.633775623338486,0.000918049300417384,0.632857574038069,2023-09-14,"CAREER - Phys","Montipora capitata","Resistant",1,1,245,16.3527826,"Chamber vol for Sept 2023 from https://docs.google.com/spreadsheets/d/1ER5cb2uHWlQ6L5Ifs1Rq18BrPqLYbu8kD4qvk5cz5Ts/edit?gid=0#gid=0; SA for Sept 2023 from Phys_T0_frags_20230914_mesh_measure",0.245,0.568894393444674
"125","220",1,6,945,180,234.206,239.977,36.851,45.801,234.206,240.006,0.646390988104281,-0.0116762761276081,0.658067264231889,2023-09-14,"CAREER - Phys","Montipora capitata","Resistant",1,1,245,16.3527826,"Chamber vol for Sept 2023 from https://docs.google.com/spreadsheets/d/1ER5cb2uHWlQ6L5Ifs1Rq18BrPqLYbu8kD4qvk5cz5Ts/edit?gid=0#gid=0; SA for Sept 2023 from Phys_T0_frags_20230914_mesh_measure",0.245,0.591556129671092
"126","220",1,7,1190,205,240.645,247.386,46.85,57.05,240.645,247.456,0.663051834900008,-0.0238375213938983,0.686889356293907,2023-09-14,"CAREER - Phys","Montipora capitata","Resistant",1,1,245,16.3527826,"Chamber vol for Sept 2023 from https://docs.google.com/spreadsheets/d/1ER5cb2uHWlQ6L5Ifs1Rq18BrPqLYbu8kD4qvk5cz5Ts/edit?gid=0#gid=0; SA for Sept 2023 from Phys_T0_frags_20230914_mesh_measure",0.245,0.617465160792905
"127","221",1,1,0,538,144.029,167.223,79.105,105.964,138.807,167.674,-0.170895856354076,0.0157809834320848,-0.186676839786161,2023-09-14,"CAREER - Phys","Montipora capitata","Susceptible",1,3,245.5,15.39503037,NA,0.2455,-0.17861282400641
"128","221",1,2,150,101,146.363,146.712,0,4.997,146.323,146.787,0.0788236661775689,0.0409882290702117,0.0378354371073572,2023-09-14,"CAREER - Phys","Montipora capitata","Susceptible",1,3,245.5,15.39503037,NA,0.2455,0.0362010320991249
"129","221",1,3,275,181,146.759,148.637,5.996,14.997,146.759,148.637,0.212989830311948,0.0272478428480824,0.185741987463866,2023-09-14,"CAREER - Phys","Montipora capitata","Susceptible",1,3,245.5,15.39503037,NA,0.2455,0.177718355182611
"130","221",1,4,530,181,148.747,151.202,15.997,24.997,148.717,151.235,0.281310574682157,0.0136029466426858,0.267707628039472,2023-09-14,"CAREER - Phys","Montipora capitata","Susceptible",1,3,245.5,15.39503037,NA,0.2455,0.256143266122145
"131","221",1,5,730,181,151.407,154.24,25.997,34.997,151.407,154.271,0.288784532659195,0.000918049300417384,0.287866483358777,2023-09-14,"CAREER - Phys","Montipora capitata","Susceptible",1,3,245.5,15.39503037,NA,0.2455,0.275431304646058
"132","221",1,6,945,181,154.549,157.535,35.997,44.997,154.549,157.535,0.312908973237377,-0.0116762761276081,0.324585249364985,2023-09-14,"CAREER - Phys","Montipora capitata","Susceptible",1,3,245.5,15.39503037,NA,0.2455,0.310563903301104
"133","221",1,7,1190,212,157.905,161.184,45.997,56.547,157.801,161.484,0.322002830290341,-0.0238375213938983,0.345840351684239,2023-09-14,"CAREER - Phys","Montipora capitata","Susceptible",1,3,245.5,15.39503037,NA,0.2455,0.330900833442711
"134","225",5,1,0,600,183.322,170.931,403.494,433.441,170.931,183.322,-0.378947374481755,0.0157809834320848,-0.394728357913839,2023-09-15,"CAREER - Phys","Porites compressa","Susceptible",5,8,245,14.89756981,NA,0.245,-0.389493517086156
"135","225",5,2,150,167,175.899,176.202,310.507,318.807,175.614,176.202,0.0481088856848584,0.0409882290702117,0.0071206566146467,2023-09-15,"CAREER - Phys","Porites compressa","Susceptible",5,8,245,14.89756981,NA,0.245,0.0070262233082502
"136","225",5,3,275,180,176.061,178.555,319.858,328.808,176.061,178.639,0.314501345318515,0.0272478428480824,0.287253502470433,2023-09-15,"CAREER - Phys","Porites compressa","Susceptible",5,8,245,14.89756981,NA,0.245,0.283443980472636
"137","225",5,4,530,240,178.987,185.358,329.858,341.807,178.987,185.406,0.59471911631757,0.0136029466426858,0.581116169674884,2023-09-15,"CAREER - Phys","Porites compressa","Susceptible",5,8,245,14.89756981,NA,0.245,0.573409475717758
"138","225",5,5,730,180,186.074,192.427,342.858,351.808,186.007,192.427,0.733901497418011,0.000918049300417384,0.732983448117594,2023-09-15,"CAREER - Phys","Porites compressa","Susceptible",5,8,245,14.89756981,NA,0.245,0.723262708263733
"139","225",5,6,945,180,193.431,200.115,352.858,361.808,193.164,200.115,0.764772049747726,-0.0116762761276081,0.776448325875334,2023-09-15,"CAREER - Phys","Porites compressa","Susceptible",5,8,245,14.89756981,NA,0.245,0.766151159949987
"140","225",5,7,1190,279,200.922,212.48,362.858,376.758,200.922,212.577,0.840884670179014,-0.0238375213938983,0.864722191572913,2023-09-15,"CAREER - Phys","Porites compressa","Susceptible",5,8,245,14.89756981,NA,0.245,0.853254348074226
"141","226",3,1,0,420,185.554,175.604,92.708,113.662,175.604,185.634,-0.470405408415083,0.0157809834320848,-0.486186391847168,2023-09-15,"CAREER - Phys","Porites compressa","Resistant",3,1,244,18.51332616,NA,0.244,-0.384467313713796
"142","226",3,2,150,174,189.907,191.076,0,8.645,189.432,191.076,0.178459688978617,0.0409882290702117,0.137471459908405,2023-09-15,"CAREER - Phys","Porites compressa","Resistant",3,1,244,18.51332616,NA,0.244,0.108709918232167
"143","226",3,3,275,200,191.299,196.276,9.695,19.645,191.168,196.335,0.55042940080521,0.0272478428480824,0.523181557957127,2023-09-15,"CAREER - Phys","Porites compressa","Resistant",3,1,244,18.51332616,NA,0.244,0.4137224149943
"144","226",3,4,530,200,196.815,205.64,20.695,30.645,196.815,205.64,0.920271246340172,0.0136029466426858,0.906668299697487,2023-09-15,"CAREER - Phys","Porites compressa","Resistant",3,1,244,18.51332616,NA,0.244,0.716976722219169
"145","226",3,5,730,160,206.567,215.148,31.695,39.645,206.567,215.148,1.10673371385441,0.000918049300417384,1.105815664554,2023-09-15,"CAREER - Phys","Porites compressa","Resistant",3,1,244,18.51332616,NA,0.244,0.874458818969487
"146","226",3,6,945,180,216.216,227.218,40.695,49.645,216.216,227.218,1.21587230518527,-0.0116762761276081,1.22754858131288,2023-09-15,"CAREER - Phys","Porites compressa","Resistant",3,1,244,18.51332616,NA,0.244,0.970722984897735
"147","226",3,7,1190,259,228.358,245.895,50.695,63.945,228.358,245.933,1.3679471103609,-0.0238375213938983,1.3917846317548,2023-09-15,"CAREER - Phys","Porites compressa","Resistant",3,1,244,18.51332616,NA,0.244,1.10059785220628
"148","233",4,1,0,592,172.961,161.439,245.197,274.754,161.318,172.961,-0.379269361982233,0.0157809834320848,-0.395050345414317,2023-09-15,"CAREER - Phys","Porites compressa","Susceptible",4,9,245,15.22419622,NA,0.245,-0.381448057662414
"149","233",4,2,150,185,176.7,173.087,145.542,154.737,170.412,176.7,-0.389958159722393,0.0409882290702117,-0.430946388792605,2023-09-15,"CAREER - Phys","Porites compressa","Susceptible",4,9,245,15.22419622,NA,0.245,-0.416108136265948
"150","233",4,3,275,200,173.932,174.5,155.786,165.737,173.932,179.13,-0.285526685819997,0.0272478428480824,-0.312774528668079,2023-09-15,"CAREER - Phys","Porites compressa","Susceptible",4,9,245,15.22419622,NA,0.245,-0.302005143981306
"151","233",4,4,530,220,174.997,182.019,166.787,177.736,174.997,182.019,0.660770732609332,0.0136029466426858,0.647167785966646,2023-09-15,"CAREER - Phys","Porites compressa","Susceptible",4,9,245,15.22419622,NA,0.245,0.624884645221007
"152","233",4,5,730,180,182.603,189.276,178.787,187.736,182.603,189.276,0.760967894661787,0.000918049300417384,0.760049845361369,2023-09-15,"CAREER - Phys","Porites compressa","Susceptible",4,9,245,15.22419622,NA,0.245,0.733879974046481
"153","233",4,6,945,180,190.141,197.651,188.787,197.736,190.073,197.688,0.899901618322755,-0.0116762761276081,0.911577894450363,2023-09-15,"CAREER - Phys","Porites compressa","Susceptible",4,9,245,15.22419622,NA,0.245,0.880190642236765
"154","233",4,7,1190,297,198.513,212.343,198.786,213.586,198.513,212.343,0.931075053001701,-0.0238375213938983,0.954912574395599,2023-09-15,"CAREER - Phys","Porites compressa","Susceptible",4,9,245,15.22419622,NA,0.245,0.922033231887451
"155","234",4,1,0,594,139.415,128.17,245.207,274.863,128.149,139.436,-0.400596682971079,0.0157809834320848,-0.416377666403164,2023-09-15,"CAREER - Phys","Porites compressa","Resistant",4,7,244,17.66764385,NA,0.244,-0.345024446264368
"156","234",4,2,150,188,136.718,137.835,145.554,154.897,135.947,137.93,0.252051174588414,0.0409882290702117,0.211062945518203,2023-09-15,"CAREER - Phys","Porites compressa","Resistant",4,7,244,17.66764385,NA,0.244,0.174893808626694
"157","234",4,3,275,201,138.136,143.551,155.896,165.897,138.05,143.555,0.603742738129549,0.0272478428480824,0.576494895281467,2023-09-15,"CAREER - Phys","Porites compressa","Resistant",4,7,244,17.66764385,NA,0.244,0.477702931900604
"158","234",4,4,530,221,144.23,154.655,166.897,177.897,144.23,154.655,1.00815853072361,0.0136029466426858,0.99455558408092,2023-09-15,"CAREER - Phys","Porites compressa","Resistant",4,7,244,17.66764385,NA,0.244,0.824121986755165
"159","234",4,5,730,181,155.648,166.467,178.896,187.896,155.648,166.467,1.22924430999953,0.000918049300417384,1.22832626069912,2023-09-15,"CAREER - Phys","Porites compressa","Resistant",4,7,244,17.66764385,NA,0.244,1.01783218007505
"160","234",4,6,945,181,167.745,179.817,188.896,197.897,167.745,179.817,1.36705978899606,-0.0116762761276081,1.37873606512367,2023-09-15,"CAREER - Phys","Porites compressa","Resistant",4,7,244,17.66764385,NA,0.244,1.14246676946743
"161","234",4,7,1190,295,181.139,202.036,198.897,213.597,181.139,202.036,1.42366298560545,-0.0238375213938983,1.44750050699935,2023-09-15,"CAREER - Phys","Porites compressa","Resistant",4,7,244,17.66764385,NA,0.244,1.19944728354203
"162","235",1,1,0,532,185.611,212.775,79.241,105.795,178.522,212.963,-0.290348123641458,0.0157809834320848,-0.306129107073542,2023-09-14,"CAREER - Phys","Porites compressa","Susceptible",1,6,246,13.25828415,NA,0.246,-0.340803196649356
"163","235",1,2,150,97,189.89,190.124,0,4.796,189.75,190.173,0.0691398174586433,0.0409882290702117,0.0281515883884316,2023-09-14,"CAREER - Phys","Porites compressa","Susceptible",1,6,246,13.25828415,NA,0.246,0.0313402126483502
"164","235",1,3,275,180,190.064,192.409,5.846,14.795,190.052,192.511,0.302730942792555,0.0272478428480824,0.275483099944473,2023-09-14,"CAREER - Phys","Porites compressa","Susceptible",1,6,246,13.25828415,NA,0.246,0.30668603185582
"165","235",1,4,530,180,192.775,196.684,15.846,24.795,192.724,196.841,0.460699669983107,0.0136029466426858,0.447096723340421,2023-09-14,"CAREER - Phys","Porites compressa","Susceptible",1,6,246,13.25828415,NA,0.246,0.497737683235927
"166","235",1,5,730,180,197.207,202.302,25.846,34.795,197.207,202.5,0.539827042076616,0.000918049300417384,0.538908992776198,2023-09-14,"CAREER - Phys","Porites compressa","Susceptible",1,6,246,13.25828415,NA,0.246,0.599949182215761
"167","235",1,6,945,180,203.026,209.031,35.845,44.796,203.026,209.031,0.661936546256705,-0.0116762761276081,0.673612822384313,2023-09-14,"CAREER - Phys","Porites compressa","Susceptible",1,6,246,13.25828415,NA,0.246,0.749910406648846
"168","235",1,7,1190,213,209.598,217.386,45.845,56.445,209.598,217.386,0.719551499885567,-0.0238375213938983,0.743389021279465,2023-09-14,"CAREER - Phys","Porites compressa","Susceptible",1,6,246,13.25828415,NA,0.246,0.827589892473749
"169","236",1,1,0,530,182.734,205.781,79.242,105.685,171.594,205.781,-0.314880455469836,0.0157809834320848,-0.33066143890192,2023-09-14,"CAREER - Phys","Porites compressa","Resistant",1,8,245,16.30973371,NA,0.245,-0.298025905161037
"170","236",1,2,150,95,186.369,187.183,0,4.701,186.29,187.183,0.161873661955902,0.0409882290702117,0.12088543288569,2023-09-14,"CAREER - Phys","Porites compressa","Resistant",1,8,245,16.30973371,NA,0.245,0.10895431495182
"171","236",1,3,275,181,187.262,190.353,5.701,14.702,187.146,190.353,0.355595871064769,0.0272478428480824,0.328348028216687,2023-09-14,"CAREER - Phys","Porites compressa","Resistant",1,8,245,16.30973371,NA,0.245,0.295940822861252
"172","236",1,4,530,181,190.599,195.007,15.702,24.702,190.599,195.007,0.503995218049004,0.0136029466426858,0.490392271406318,2023-09-14,"CAREER - Phys","Porites compressa","Resistant",1,8,245,16.30973371,NA,0.245,0.441991666930341
"173","236",1,5,730,181,195.612,200.65,25.702,34.702,195.482,200.65,0.576864390188937,0.000918049300417384,0.57594634088852,2023-09-14,"CAREER - Phys","Porites compressa","Resistant",1,8,245,16.30973371,NA,0.245,0.519101743878885
"174","236",1,6,945,181,201.076,206.624,35.702,44.701,201.076,206.771,0.620571228624223,-0.0116762761276081,0.632247504751831,2023-09-14,"CAREER - Phys","Porites compressa","Resistant",1,8,245,16.30973371,NA,0.245,0.569846110617579
"175","236",1,7,1190,215,207.294,214.456,45.702,56.402,207.294,214.456,0.655967475640216,-0.0238375213938983,0.679804997034114,2023-09-14,"CAREER - Phys","Porites compressa","Resistant",1,8,245,16.30973371,NA,0.245,0.612709786320691
"176","237",2,1,0,470,186.456,174.724,222.362,245.812,174.724,186.456,-0.521027760346139,0.0157809834320848,-0.536808743778224,2023-09-14,"CAREER - Phys","Porites compressa","Susceptible",2,6,244,18.20289831,NA,0.244,-0.431737840594089
"177","237",2,2,150,196,171.702,177.735,132.04,141.795,84.479,177.735,-24.625664164375,0.0409882290702117,-24.6666523934452,2023-09-14,"CAREER - Phys","Porites compressa","Susceptible",2,6,244,18.20289831,NA,0.244,-19.8385875089821
"178","237",2,3,275,180,183.132,192.632,142.846,151.795,183.132,192.831,0.631870732058081,0.0272478428480824,0.604622889209998,2023-09-14,"CAREER - Phys","Porites compressa","Susceptible",2,6,244,18.20289831,NA,0.244,0.486278555606257
"179","237",2,4,530,180,193.468,200.694,152.846,161.795,193.441,200.782,0.862198066166707,0.0136029466426858,0.848595119524021,2023-09-14,"CAREER - Phys","Porites compressa","Susceptible",2,6,244,18.20289831,NA,0.244,0.68249749783015
"180","237",2,5,730,180,201.71,210.584,162.845,171.795,201.686,210.584,1.11235163059965,0.000918049300417384,1.11143358129923,2023-09-14,"CAREER - Phys","Porites compressa","Susceptible",2,6,244,18.20289831,NA,0.244,0.893889937366832
"181","237",2,6,945,180,211.782,221.561,172.846,181.796,211.622,221.561,1.16748640092391,-0.0116762761276081,1.17916267705152,2023-09-14,"CAREER - Phys","Porites compressa","Susceptible",2,6,244,18.20289831,NA,0.244,0.948362249683649
"182","237",2,7,1190,386,222.537,245.967,182.845,202.096,222.537,245.967,1.1973002987167,-0.0238375213938983,1.2211378201106,2023-09-14,"CAREER - Phys","Porites compressa","Susceptible",2,6,244,18.20289831,NA,0.244,0.982121494168757
"183","238",2,1,0,472,191.759,180.358,222.354,245.908,180.358,193.027,-0.428396934755081,0.0157809834320848,-0.444177918187166,2023-09-14,"CAREER - Phys","Porites compressa","Susceptible",2,4,245,17.00661431,NA,0.245,-0.383933878803378
"184","238",2,2,150,198,189.888,191.433,132.044,141.892,189.781,191.608,0.170140937607115,0.0409882290702117,0.129152708536903,2023-09-14,"CAREER - Phys","Porites compressa","Susceptible",2,4,245,17.00661431,NA,0.245,0.111635671914787
"185","238",2,3,275,180,191.616,195.315,142.942,151.892,191.616,195.401,0.442894853459808,0.0272478428480824,0.415647010611726,2023-09-14,"CAREER - Phys","Porites compressa","Susceptible",2,4,245,17.00661431,NA,0.245,0.359272630320054
"186","238",2,4,530,180,195.975,201.925,152.942,161.892,195.819,201.925,0.69752037393926,0.0136029466426858,0.683917427296575,2023-09-14,"CAREER - Phys","Porites compressa","Susceptible",2,4,245,17.00661431,NA,0.245,0.591157416638071
"187","238",2,5,730,180,202.64,210.221,162.941,171.892,202.64,210.221,0.842233278081728,0.000918049300417384,0.841315228781311,2023-09-14,"CAREER - Phys","Porites compressa","Susceptible",2,4,245,17.00661431,NA,0.245,0.727207287567708
"188","238",2,6,945,180,211.038,219.253,172.942,181.892,211.038,219.253,0.909461995306963,-0.0116762761276081,0.921138271434571,2023-09-14,"CAREER - Phys","Porites compressa","Susceptible",2,4,245,17.00661431,NA,0.245,0.796203897099387
"189","238",2,7,1190,384,220.059,238.012,182.942,202.092,220.059,238.077,0.944998237194314,-0.0238375213938983,0.968835758588212,2023-09-14,"CAREER - Phys","Porites compressa","Susceptible",2,4,245,17.00661431,NA,0.245,0.837432153845718
"190","239",4,1,0,591,174.237,163.276,246.541,276.046,163.238,174.237,-0.368752639354809,0.0157809834320848,-0.384533622786894,2023-09-15,"CAREER - Phys","Porites compressa","Susceptible",4,10,244,16.25144609,NA,0.244,-0.346404388041762
"191","239",4,2,150,184,173.915,174.481,146.89,156.046,172.862,174.575,0.0769573837486394,0.0409882290702117,0.0359691546784277,2023-09-15,"CAREER - Phys","Porites compressa","Susceptible",4,10,244,16.25144609,NA,0.244,0.0324025579985899
"192","239",4,3,275,200,174.747,178.778,157.096,167.045,174.713,178.778,0.430282840412455,0.0272478428480824,0.403034997564373,2023-09-15,"CAREER - Phys","Porites compressa","Susceptible",4,10,244,16.25144609,NA,0.244,0.363071220349624
"193","239",4,4,530,220,179.263,186.071,168.095,179.046,179.212,186.071,0.634923574490137,0.0136029466426858,0.621320627847451,2023-09-15,"CAREER - Phys","Porites compressa","Susceptible",4,10,244,16.25144609,NA,0.244,0.559712282913937
"194","239",4,5,730,180,186.803,192.605,180.095,189.046,186.723,192.634,0.681732047709355,0.000918049300417384,0.680813998408937,2023-09-15,"CAREER - Phys","Porites compressa","Susceptible",4,10,244,16.25144609,NA,0.244,0.613306464022294
"195","239",4,6,945,180,193.387,199.797,190.096,199.046,193.377,199.797,0.716815834602778,-0.0116762761276081,0.728492110730386,2023-09-15,"CAREER - Phys","Porites compressa","Susceptible",4,10,244,16.25144609,NA,0.244,0.656256953506151
"196","239",4,7,1190,287,200.527,210.887,200.096,214.396,200.517,210.946,0.727174732467078,-0.0238375213938983,0.751012253860976,2023-09-15,"CAREER - Phys","Porites compressa","Susceptible",4,10,244,16.25144609,NA,0.244,0.676544064794956
"197","240",4,1,0,597,197.439,168.303,245.228,275.035,168.189,197.439,-0.586068303316,0.0157809834320848,-0.601849286748085,2023-09-15,"CAREER - Phys","Porites compressa","Resistant",4,4,243,18.72882124,NA,0.243,-0.468527222740852
"198","240",4,2,150,191,177.126,176.799,145.543,155.035,176.036,177.126,0.0985488808498992,0.0409882290702117,0.0575606517796875,2023-09-15,"CAREER - Phys","Porites compressa","Resistant",4,4,243,18.72882124,NA,0.243,0.0448097769845469
"199","240",4,3,275,200,176.858,182.194,156.085,166.036,176.85,182.194,0.580873530689451,0.0272478428480824,0.553625687841369,2023-09-15,"CAREER - Phys","Porites compressa","Resistant",4,4,243,18.72882124,NA,0.243,0.430986148316035
"200","240",4,4,530,220,182.74,193.645,167.085,178.035,182.74,193.703,1.09361480336037,0.0136029466426858,1.08001185671768,2023-09-15,"CAREER - Phys","Porites compressa","Resistant",4,4,243,18.72882124,NA,0.243,0.840766894464939
"201","240",4,5,730,180,194.946,206.342,179.085,188.035,194.946,206.348,1.29858982809227,0.000918049300417384,1.29767177879186,2023-09-15,"CAREER - Phys","Porites compressa","Resistant",4,4,243,18.72882124,NA,0.243,1.01021064232152
"202","240",4,6,945,180,207.843,221.645,189.085,198.035,207.843,221.684,1.60365394775826,-0.0116762761276081,1.61533022388587,2023-09-15,"CAREER - Phys","Porites compressa","Resistant",4,4,243,18.72882124,NA,0.243,1.25750117225509
"203","240",4,7,1190,291,223.389,247.021,199.086,213.586,223.389,247.021,1.64650419900818,-0.0238375213938983,1.67034172040208,2023-09-15,"CAREER - Phys","Porites compressa","Resistant",4,4,243,18.72882124,NA,0.243,1.30032648458672
"204","241",4,1,0,601,221.98,188.3,244.678,274.678,188.3,221.98,-0.471293634058016,0.0157809834320848,-0.487074617490101,2023-09-15,"CAREER - Phys","Porites compressa","Susceptible",4,1,245,16.51704508,NA,0.245,-0.43349139282633
"205","241",4,2,150,195,198.466,197.801,144.971,154.678,197.352,198.466,0.047058528856612,0.0409882290702117,0.00607029978640034,2023-09-15,"CAREER - Phys","Porites compressa","Susceptible",4,1,245,16.51704508,NA,0.245,0.00540250428741247
"206","241",4,3,275,201,197.887,201.4,155.678,165.678,197.828,201.407,0.400684884880737,0.0272478428480824,0.373437042032654,2023-09-15,"CAREER - Phys","Porites compressa","Susceptible",4,1,245,16.51704508,NA,0.245,0.332355121106203
"207","241",4,4,530,221,201.766,208.728,166.678,177.679,201.76,208.75,0.677184997192174,0.0136029466426858,0.663582050549489,2023-09-15,"CAREER - Phys","Porites compressa","Susceptible",4,1,245,16.51704508,NA,0.245,0.590581190269263
"208","241",4,5,730,181,209.485,216.958,178.678,187.678,209.468,216.958,0.859831536638273,0.000918049300417384,0.858913487337855,2023-09-15,"CAREER - Phys","Porites compressa","Susceptible",4,1,245,16.51704508,NA,0.245,0.764424157148724
"209","241",4,6,945,181,217.634,226.805,188.678,197.679,217.634,226.805,1.03335053634249,-0.0116762761276081,1.04502681247009,2023-09-15,"CAREER - Phys","Porites compressa","Susceptible",4,1,245,16.51704508,NA,0.245,0.930063099598345
"210","241",4,7,1190,288,227.803,244.023,198.679,213.028,227.743,244.141,1.14956028458575,-0.0238375213938983,1.17339780597965,2023-09-15,"CAREER - Phys","Porites compressa","Susceptible",4,1,245,16.51704508,NA,0.245,1.04431196163453
"211","242",4,1,0,595,185.473,165.193,245.22,274.924,165.036,185.473,-0.371644663899693,0.0157809834320848,-0.387425647331778,2023-09-15,"CAREER - Phys","Porites compressa","Resistant",4,6,245,15.24890162,NA,0.245,-0.373479818920697
"212","242",4,2,150,188,186.081,174.984,145.572,154.924,174.71,186.081,0.069469949401457,0.0409882290702117,0.0284817203312453,2023-09-15,"CAREER - Phys","Porites compressa","Resistant",4,6,245,15.24890162,NA,0.245,0.0274564882968473
"213","242",4,3,275,200,175.099,178.596,155.974,165.924,175.037,178.596,0.356610079575598,0.0272478428480824,0.329362236727516,2023-09-15,"CAREER - Phys","Porites compressa","Resistant",4,6,245,15.24890162,NA,0.245,0.31750646705887
"214","242",4,4,530,220,178.939,186.018,166.974,177.924,178.884,186.02,0.660297869786975,0.0136029466426858,0.646694923144289,2023-09-15,"CAREER - Phys","Porites compressa","Resistant",4,6,245,15.24890162,NA,0.245,0.623416401201823
"215","242",4,5,730,180,186.751,194.094,178.974,187.924,186.751,194.094,0.806691119691125,0.000918049300417384,0.805773070390708,2023-09-15,"CAREER - Phys","Porites compressa","Resistant",4,6,245,15.24890162,NA,0.245,0.77676834895492
"216","242",4,6,945,180,194.808,203.15,188.974,197.924,194.808,203.209,0.9463216363957,-0.0116762761276081,0.957997912523309,2023-09-15,"CAREER - Phys","Porites compressa","Resistant",4,6,245,15.24890162,NA,0.245,0.923513684134624
"217","242",4,7,1190,294,204.17,219.371,198.974,213.624,204.17,219.458,1.05039310516597,-0.0238375213938983,1.07423062655987,2023-09-15,"CAREER - Phys","Porites compressa","Resistant",4,6,245,15.24890162,NA,0.245,1.0355624689531
"218","243",2,1,0,466,183.519,176.365,222.407,245.654,176.262,183.519,-0.292258506050551,0.0157809834320848,-0.308039489482636,2023-09-14,"CAREER - Phys","Porites compressa","Resistant",2,9,245,15.69865511,NA,0.245,-0.288443848448541
"219","243",2,2,150,192,182.673,183.831,132.088,141.638,182.511,183.945,0.174469058884511,0.0409882290702117,0.1334808298143,2023-09-14,"CAREER - Phys","Porites compressa","Resistant",2,9,245,15.69865511,NA,0.245,0.124989572961591
"220","243",2,3,275,180,183.946,187.081,142.688,151.637,183.946,187.129,0.363821265116883,0.0272478428480824,0.3365734222688,2023-09-14,"CAREER - Phys","Porites compressa","Resistant",2,9,245,15.69865511,NA,0.245,0.315162622064341
"221","243",2,4,530,180,187.507,192.177,152.688,161.638,187.239,192.177,0.552026778079561,0.0136029466426858,0.538423831436875,2023-09-14,"CAREER - Phys","Porites compressa","Resistant",2,9,245,15.69865511,NA,0.245,0.5041725081966
"222","243",2,5,730,180,192.794,198.886,162.688,171.637,192.794,198.986,0.672857347487187,0.000918049300417384,0.67193929818677,2023-09-14,"CAREER - Phys","Porites compressa","Resistant",2,9,245,15.69865511,NA,0.245,0.629194514697859
"223","243",2,6,945,180,199.604,206.366,172.688,181.638,199.604,206.366,0.73538924035133,-0.0116762761276081,0.747065516478938,2023-09-14,"CAREER - Phys","Porites compressa","Resistant",2,9,245,15.69865511,NA,0.245,0.699541649605703
"224","243",2,7,1190,389,206.995,221.728,182.687,202.087,206.962,221.936,0.769725126713524,-0.0238375213938983,0.793562648107422,2023-09-14,"CAREER - Phys","Porites compressa","Resistant",2,9,245,15.69865511,NA,0.245,0.743080910144226
"225","244",2,1,0,474,188.649,176.735,224.144,247.8,176.735,188.717,-0.513316042238397,0.0157809834320848,-0.529097025670482,2023-09-14,"CAREER - Phys","Porites compressa","Resistant",2,2,245,16.63741579,NA,0.245,-0.467484035713703
"226","244",2,2,150,201,188.118,188.989,133.841,143.834,187.957,189.103,0.0733577758251214,0.0409882290702117,0.0323695467549097,2023-09-14,"CAREER - Phys","Porites compressa","Resistant",2,2,245,16.63741579,NA,0.245,0.0286001349790858
"227","244",2,3,275,181,189.025,193.567,144.833,153.833,188.922,193.659,0.569403009294005,0.0272478428480824,0.542155166445923,2023-09-14,"CAREER - Phys","Porites compressa","Resistant",2,2,245,16.63741579,NA,0.245,0.479021564848147
"228","244",2,4,530,181,194.135,202.652,154.833,163.834,194.135,202.652,0.985691099622491,0.0136029466426858,0.972088152979806,2023-09-14,"CAREER - Phys","Porites compressa","Resistant",2,2,245,16.63741579,NA,0.245,0.858889146557967
"229","244",2,5,730,181,203.672,215.621,164.833,173.833,203.672,215.621,1.31085104688569,0.000918049300417384,1.30993299758527,2023-09-14,"CAREER - Phys","Porites compressa","Resistant",2,2,245,16.63741579,NA,0.245,1.15739218803905
"230","244",2,6,945,181,216.94,230.547,174.833,183.833,216.94,230.547,1.53762620792852,-0.0116762761276081,1.54930248405613,2023-09-14,"CAREER - Phys","Porites compressa","Resistant",2,2,245,16.63741579,NA,0.245,1.36888726008242
"231","244",2,7,1190,383,232.074,264.114,184.833,203.934,232.074,264.114,1.69309156165625,-0.0238375213938983,1.71692908305015,2023-09-14,"CAREER - Phys","Porites compressa","Resistant",2,2,245,16.63741579,NA,0.245,1.51699385526009
"232","247",1,1,0,537,189.526,217.351,79.087,105.892,179.923,217.537,-0.369888746477421,0.0157809834320848,-0.385669729909506,2023-09-14,"CAREER - Phys","Porites compressa","Susceptible",1,4,245,16.78110869,NA,0.245,-0.33784090994227
"233","247",1,2,150,99,193.185,193.703,0,4.909,193.011,193.713,0.123241575561161,0.0409882290702117,0.0822533464909489,2023-09-14,"CAREER - Phys","Porites compressa","Susceptible",1,4,245,16.78110869,NA,0.245,0.0720527001971852
"234","247",1,3,275,180,193.759,197.471,5.958,14.908,193.759,197.471,0.417935777489648,0.0272478428480824,0.390687934641566,2023-09-14,"CAREER - Phys","Porites compressa","Susceptible",1,4,245,16.78110869,NA,0.245,0.342236782165256
"235","247",1,4,530,180,197.896,203.447,15.959,24.908,197.894,203.485,0.645899675047104,0.0136029466426858,0.632296728404418,2023-09-14,"CAREER - Phys","Porites compressa","Susceptible",1,4,245,16.78110869,NA,0.245,0.553882468628773
"236","247",1,5,730,180,204.225,210.466,25.959,34.908,204.051,210.604,0.730361567223859,0.000918049300417384,0.729443517923442,2023-09-14,"CAREER - Phys","Porites compressa","Susceptible",1,4,245,16.78110869,NA,0.245,0.638981601964381
"237","247",1,6,945,180,211.276,218.172,35.958,44.909,211.276,218.172,0.769590895436587,-0.0116762761276081,0.781267171564195,2023-09-14,"CAREER - Phys","Porites compressa","Susceptible",1,4,245,16.78110869,NA,0.245,0.684378346755924
"238","247",1,7,1190,212,218.998,227.477,45.958,56.508,218.998,227.477,0.79377673180817,-0.0238375213938983,0.817614253202068,2023-09-14,"CAREER - Phys","Porites compressa","Susceptible",1,4,245,16.78110869,NA,0.245,0.716217846156528
"239","248",1,1,0,540,189.04,211.388,80.884,107.834,176.432,211.581,-0.426121259875081,0.0157809834320848,-0.441902243307166,2023-09-14,"CAREER - Phys","Porites compressa","Resistant",1,2,245,16.07244613,NA,0.245,-0.404167662101559
"240","248",1,2,150,116,191.348,192.131,1.083,6.833,191.255,192.252,0.138861273911989,0.0409882290702117,0.0978730448417778,2023-09-14,"CAREER - Phys","Porites compressa","Resistant",1,2,245,16.07244613,NA,0.245,0.0895155440271575
"241","248",1,3,275,181,192.405,196.308,7.833,16.834,192.225,196.427,0.467159820863793,0.0272478428480824,0.439911978015711,2023-09-14,"CAREER - Phys","Porites compressa","Resistant",1,2,245,16.07244613,NA,0.245,0.402347348034381
"242","248",1,4,530,181,196.904,203.424,17.833,26.834,196.836,203.532,0.764834535530787,0.0136029466426858,0.751231588888101,2023-09-14,"CAREER - Phys","Porites compressa","Resistant",1,2,245,16.07244613,NA,0.245,0.687082990811374
"243","248",1,5,730,181,204.228,212.827,27.833,36.834,204.228,212.827,0.950716510946772,0.000918049300417384,0.949798461646355,2023-09-14,"CAREER - Phys","Porites compressa","Resistant",1,2,245,16.07244613,NA,0.245,0.868693991771457
"244","248",1,6,945,181,213.874,223.469,37.833,46.833,213.786,223.469,1.09732324904915,-0.0116762761276081,1.10899952517676,2023-09-14,"CAREER - Phys","Porites compressa","Resistant",1,2,245,16.07244613,NA,0.245,1.01430067882881
"245","248",1,7,1190,206,224.386,236.869,47.834,58.083,224.386,236.877,1.20425162705305,-0.0238375213938983,1.22808914844695,2023-09-14,"CAREER - Phys","Porites compressa","Resistant",1,2,245,16.07244613,NA,0.245,1.12322109131064
"246","26",3,1,0,418,124.619,118.022,93.266,114.115,118.022,124.651,-0.300786845640369,0.0157809834320848,-0.316567829072454,2023-09-15,"CAREER - Phys","Porites compressa","Susceptible",3,3,245,15.40563432,NA,0.245,-0.30206786625616
"247","26",3,2,150,181,126.635,127.856,0.149,9.149,126.561,127.898,0.176211999303707,0.0409882290702117,0.135223770233496,2023-09-15,"CAREER - Phys","Porites compressa","Susceptible",3,3,245,15.40563432,NA,0.245,0.129030027660191
"248","26",3,3,275,201,128.017,131.342,10.148,20.149,128.01,131.342,0.359897748288393,0.0272478428480824,0.33264990544031,2023-09-15,"CAREER - Phys","Porites compressa","Susceptible",3,3,245,15.40563432,NA,0.245,0.317413324787561
"249","26",3,4,530,201,131.652,136.639,21.149,31.149,131.652,136.639,0.514981047542202,0.0136029466426858,0.501378100899516,2023-09-15,"CAREER - Phys","Porites compressa","Susceptible",3,3,245,15.40563432,NA,0.245,0.478413152625246
"250","26",3,5,730,161,137.058,141.858,32.149,40.148,137.058,141.858,0.612784717991792,0.000918049300417384,0.611866668691374,2023-09-15,"CAREER - Phys","Porites compressa","Susceptible",3,3,245,15.40563432,NA,0.245,0.583840940459451
"251","26",3,6,945,181,142.413,148.184,41.148,50.149,142.413,148.184,0.645906268821005,-0.0116762761276081,0.657582544948613,2023-09-15,"CAREER - Phys","Porites compressa","Susceptible",3,3,245,15.40563432,NA,0.245,0.627462862609646
"252","26",3,7,1190,255,148.852,157.47,51.148,64.282,148.786,157.481,0.684742510059902,-0.0238375213938983,0.7085800314538,2023-09-15,"CAREER - Phys","Porites compressa","Susceptible",3,3,245,15.40563432,NA,0.245,0.676124477967672
"253","27",3,1,0,415,169.01,153.807,93.235,113.941,153.807,169.01,-0.422706423953168,0.0157809834320848,-0.438487407385253,2023-09-15,"CAREER - Phys","Porites compressa","Resistant",3,6,244,17.70534214,NA,0.244,-0.362571679968682
"254","27",3,2,150,180,169.524,168.551,0,8.957,166.831,169.524,0.309569590180359,0.0409882290702117,0.268581361110147,2023-09-15,"CAREER - Phys","Porites compressa","Resistant",3,6,244,17.70534214,NA,0.244,0.222081623476187
"255","27",3,3,275,201,168.793,174.447,9.957,19.957,168.793,174.447,0.611776220623198,0.0272478428480824,0.584528377775115,2023-09-15,"CAREER - Phys","Porites compressa","Resistant",3,6,244,17.70534214,NA,0.244,0.483328443074509
"256","27",3,4,530,201,175.139,182.705,20.957,30.958,175.128,182.705,0.798233325012726,0.0136029466426858,0.78463037837004,2023-09-15,"CAREER - Phys","Porites compressa","Resistant",3,6,244,17.70534214,NA,0.244,0.64878660059248
"257","27",3,5,730,161,183.49,190.385,31.958,39.958,183.49,190.385,0.881613481942024,0.000918049300417384,0.880695432641607,2023-09-15,"CAREER - Phys","Porites compressa","Resistant",3,6,244,17.70534214,NA,0.244,0.728219823820537
"258","27",3,6,945,181,191.386,199.857,40.958,49.957,191.32,199.923,0.95998192229565,-0.0116762761276081,0.971658198423259,2023-09-15,"CAREER - Phys","Porites compressa","Resistant",3,6,244,17.70534214,NA,0.244,0.803434122449356
"259","27",3,7,1190,250,200.735,213.779,50.957,63.991,200.735,213.779,0.972989561829704,-0.0238375213938983,0.996827083223603,2023-09-15,"CAREER - Phys","Porites compressa","Resistant",3,6,244,17.70534214,NA,0.244,0.824245495116625
"260","28",4,1,0,598,142.614,123.029,245.257,275.115,123.029,142.614,-0.378317735881841,0.0157809834320848,-0.394098719313926,2023-09-15,"CAREER - Phys","Porites compressa","Susceptible",4,3,244,17.7588614,NA,0.244,-0.324885989073369
"261","28",4,2,150,192,132.251,131.08,145.567,155.115,130.884,132.251,-0.0177131009640373,0.0409882290702117,-0.058701330034249,2023-09-15,"CAREER - Phys","Porites compressa","Susceptible",4,3,244,17.7588614,NA,0.244,-0.0483920366483296
"262","28",4,3,275,200,131.045,133.298,156.165,166.115,130.98,133.363,0.264809302484753,0.0272478428480824,0.237561459636671,2023-09-15,"CAREER - Phys","Porites compressa","Susceptible",4,3,244,17.7588614,NA,0.244,0.195840245089185
"263","28",4,4,530,220,133.697,139.172,167.165,178.115,133.641,139.175,0.552268506455934,0.0136029466426858,0.538665559813248,2023-09-15,"CAREER - Phys","Porites compressa","Susceptible",4,3,244,17.7588614,NA,0.244,0.444063592706791
"264","28",4,5,730,180,139.854,145.846,179.165,188.115,139.843,145.846,0.681209259059159,0.000918049300417384,0.680291209758742,2023-09-15,"CAREER - Phys","Porites compressa","Susceptible",4,3,244,17.7588614,NA,0.244,0.560816545979011
"265","28",4,6,945,180,146.602,154.169,189.165,198.115,146.602,154.169,0.880931662680875,-0.0116762761276081,0.892607938808483,2023-09-15,"CAREER - Phys","Porites compressa","Susceptible",4,3,244,17.7588614,NA,0.244,0.735845611372145
"266","28",4,7,1190,290,155.101,169.612,199.165,213.615,155.101,169.612,1.01249718279485,-0.0238375213938983,1.03633470418875,2023-09-15,"CAREER - Phys","Porites compressa","Susceptible",4,3,244,17.7588614,NA,0.244,0.854330676251764
"267","29",3,1,0,412,171.774,149.558,93.227,113.77,149.558,171.774,-0.401667792732698,0.0157809834320848,-0.417448776164783,2023-09-15,"CAREER - Phys","Porites compressa","Resistant",3,9,245,16.02065751,NA,0.245,-0.383036526796228
"268","29",3,2,150,176,165.68,165.048,0,8.753,163.126,165.68,0.259091265907566,0.0409882290702117,0.218103036837354,2023-09-15,"CAREER - Phys","Porites compressa","Resistant",3,9,245,16.02065751,NA,0.245,0.200123786399395
"269","29",3,3,275,200,165.473,169.99,9.803,19.753,165.341,169.99,0.501638886768756,0.0272478428480824,0.474391043920674,2023-09-15,"CAREER - Phys","Porites compressa","Resistant",3,9,245,16.02065751,NA,0.245,0.435284777873883
"270","29",3,4,530,200,170.474,178.551,20.803,30.753,170.474,178.551,0.839781657734848,0.0136029466426858,0.826178711092162,2023-09-15,"CAREER - Phys","Porites compressa","Resistant",3,9,245,16.02065751,NA,0.245,0.758072947098086
"271","29",3,5,730,160,179.592,187.754,31.803,39.753,179.579,187.754,1.06112362720117,0.000918049300417384,1.06020557790075,2023-09-15,"CAREER - Phys","Porites compressa","Resistant",3,9,245,16.02065751,NA,0.245,0.972807887904287
"272","29",3,6,945,180,188.807,199.718,40.803,49.753,188.772,199.854,1.24926775339592,-0.0116762761276081,1.26094402952353,2023-09-15,"CAREER - Phys","Porites compressa","Resistant",3,9,245,16.02065751,NA,0.245,1.15699853282712
"273","29",3,7,1190,244,201.26,218.38,50.803,63.604,201.26,218.38,1.33488461862618,-0.0238375213938983,1.35872214002008,2023-09-15,"CAREER - Phys","Porites compressa","Resistant",3,9,245,16.02065751,NA,0.245,1.24671633769263
"274","3",3,1,0,414,125.597,120.258,93.229,113.88,120.258,125.597,-0.247993647352812,0.0157809834320848,-0.263774630784896,2023-09-15,"CAREER - Phys","Montipora capitata","Susceptible",3,7,245,18.19752998,NA,0.245,-0.21307765816567
"275","3",3,2,150,179,130.373,131.456,0,8.897,129.443,131.536,0.264240531339574,0.0409882290702117,0.223252302269363,2023-09-15,"CAREER - Phys","Montipora capitata","Susceptible",3,7,245,18.19752998,NA,0.245,0.180343642624384
"276","3",3,3,275,201,131.816,136.055,9.896,19.897,131.816,136.055,0.446459695044383,0.0272478428480824,0.419211852196301,2023-09-15,"CAREER - Phys","Montipora capitata","Susceptible",3,7,245,18.19752998,NA,0.245,0.338640146990192
"277","3",3,4,530,201,136.553,142.482,20.897,30.897,136.517,142.482,0.590726177538143,0.0136029466426858,0.577123230895457,2023-09-15,"CAREER - Phys","Montipora capitata","Susceptible",3,7,245,18.19752998,NA,0.245,0.466201264868762
"278","3",3,5,730,161,143.12,148.155,31.896,39.896,143.075,148.155,0.632387543835818,0.000918049300417384,0.631469494535401,2023-09-15,"CAREER - Phys","Montipora capitata","Susceptible",3,7,245,18.19752998,NA,0.245,0.510102282005989
"279","3",3,6,945,181,148.766,154.87,40.897,49.897,148.726,154.87,0.673113134678928,-0.0116762761276081,0.684789410806536,2023-09-15,"CAREER - Phys","Montipora capitata","Susceptible",3,7,245,18.19752998,NA,0.245,0.553174213748765
"280","3",3,7,1190,248,155.489,163.936,50.897,63.863,155.489,164.055,0.642481290324907,-0.0238375213938983,0.666318811718805,2023-09-15,"CAREER - Phys","Montipora capitata","Susceptible",3,7,245,18.19752998,NA,0.245,0.538253627994102
"281","4",3,1,0,417,187.93,163.922,93.231,114.035,163.922,187.93,-0.363765493975498,0.0157809834320848,-0.379546477407583,2023-09-15,"CAREER - Phys","Montipora capitata","Resistant",3,4,245,17.00914233,NA,0.245,-0.328019667873017
"282","4",3,2,150,180,170.7,170.357,0.102,9.052,168.927,173.961,0.222924691500406,0.0409882290702117,0.181936462430194,2023-09-15,"CAREER - Phys","Montipora capitata","Resistant",3,4,245,17.00914233,NA,0.245,0.157236969732845
"283","4",3,3,275,200,170.661,174.155,10.102,20.052,170.572,174.217,0.365293818493045,0.0272478428480824,0.338045975644963,2023-09-15,"CAREER - Phys","Montipora capitata","Resistant",3,4,245,17.00914233,NA,0.245,0.29215322827985
"284","4",3,4,530,200,174.658,179.323,21.102,31.052,174.617,179.374,0.486338691539467,0.0136029466426858,0.472735744896782,2023-09-15,"CAREER - Phys","Montipora capitata","Resistant",3,4,245,17.00914233,NA,0.245,0.408557663588126
"285","4",3,5,730,160,179.859,184.11,32.102,40.052,179.859,184.11,0.52779202706339,0.000918049300417384,0.526873977762973,2023-09-15,"CAREER - Phys","Montipora capitata","Resistant",3,4,245,17.00914233,NA,0.245,0.455346149902886
"286","4",3,6,945,180,184.507,189.244,41.102,50.052,184.507,189.257,0.527262761789169,-0.0116762761276081,0.538939037916777,2023-09-15,"CAREER - Phys","Montipora capitata","Resistant",3,4,245,17.00914233,NA,0.245,0.465773270848785
"287","4",3,7,1190,253,189.832,196.463,51.102,64.168,189.819,196.463,0.499844006424816,-0.0238375213938983,0.523681527818714,2023-09-15,"CAREER - Phys","Montipora capitata","Resistant",3,4,245,17.00914233,NA,0.245,0.452587103428342
"288","41",5,1,0,602,193.661,174.67,403.466,433.519,174.662,193.661,-0.504190866300159,0.0157809834320848,-0.519971849732244,2023-09-15,"CAREER - Phys","Porites compressa","Susceptible",5,4,243,17.8726339,NA,0.243,-0.4241786415765
"289","41",5,2,150,172,184.511,184.24,310.508,319.052,183.691,184.511,0.0701448544854457,0.0409882290702117,0.0291566254152341,2023-09-15,"CAREER - Phys","Porites compressa","Susceptible",5,4,243,17.8726339,NA,0.243,0.0237851679239126
"290","41",5,3,275,180,184.325,187.269,320.102,329.052,184.28,187.269,0.371320329754431,0.0272478428480824,0.344072486906349,2023-09-15,"CAREER - Phys","Porites compressa","Susceptible",5,4,243,17.8726339,NA,0.243,0.280684810485296
"291","41",5,4,530,240,187.706,194.58,330.102,342.052,187.639,194.709,0.622234499862224,0.0136029466426858,0.608631553219538,2023-09-15,"CAREER - Phys","Porites compressa","Susceptible",5,4,243,17.8726339,NA,0.243,0.496504773476105
"292","41",5,5,730,180,195.301,200.99,343.102,352.052,195.301,200.99,0.619577084906679,0.000918049300417384,0.618659035606261,2023-09-15,"CAREER - Phys","Porites compressa","Susceptible",5,4,243,17.8726339,NA,0.243,0.504684916034636
"293","41",5,6,945,180,201.616,206.703,353.102,362.052,201.587,206.785,0.591989906547143,-0.0116762761276081,0.603666182674751,2023-09-15,"CAREER - Phys","Porites compressa","Susceptible",5,4,243,17.8726339,NA,0.243,0.492454161632991
"294","41",5,7,1190,275,207.407,215.073,363.102,376.802,207.313,215.174,0.567178589971874,-0.0238375213938983,0.591016111365772,2023-09-15,"CAREER - Phys","Porites compressa","Susceptible",5,4,243,17.8726339,NA,0.243,0.482134583628044
"295","42",4,1,0,599,194.266,164.113,245.255,275.163,164.043,194.266,-0.435668553613158,0.0157809834320848,-0.451449537045243,2023-09-15,"CAREER - Phys","Porites compressa","Resistant",4,2,245,14.09270789,NA,0.245,-0.470903693340164
"296","42",4,2,150,194,172.699,172.282,145.53,155.18,171.793,172.699,0.0249510803777329,0.0409882290702117,-0.0160371486924787,2023-09-15,"CAREER - Phys","Porites compressa","Resistant",4,2,245,14.09270789,NA,0.245,-0.0167282319068516
"297","42",4,3,275,200,172.238,174.792,156.23,166.18,172.187,174.792,0.275028842384302,0.0272478428480824,0.24778099953622,2023-09-15,"CAREER - Phys","Porites compressa","Resistant",4,2,245,14.09270789,NA,0.245,0.25845853909787
"298","42",4,4,530,220,174.985,180.421,167.23,178.18,174.985,180.574,0.551389562787306,0.0136029466426858,0.537786616144621,2023-09-15,"CAREER - Phys","Porites compressa","Resistant",4,2,245,14.09270789,NA,0.245,0.5609612658569
"299","42",4,5,730,180,181.187,186.79,179.23,188.18,181.118,186.848,0.653901802422926,0.000918049300417384,0.652983753122508,2023-09-15,"CAREER - Phys","Porites compressa","Resistant",4,2,245,14.09270789,NA,0.245,0.681122552587079
"300","42",4,6,945,180,187.551,194.476,189.23,198.18,187.551,194.476,0.800144704956723,-0.0116762761276081,0.811820981084331,2023-09-15,"CAREER - Phys","Porites compressa","Resistant",4,2,245,14.09270789,NA,0.245,0.846804497410162
"301","42",4,7,1190,289,195.19,207.951,199.23,213.63,195.19,207.951,0.893155207805066,-0.0238375213938983,0.916992729198964,2023-09-15,"CAREER - Phys","Porites compressa","Resistant",4,2,245,14.09270789,NA,0.245,0.95650837471696
"302","43",5,1,0,603,187.743,170.421,403.457,433.563,170.421,187.743,-0.542790032968634,0.0157809834320848,-0.558571016400719,2023-09-15,"CAREER - Phys","Porites compressa","Susceptible",5,2,243,19.40321854,NA,0.243,-0.419722398236848
"303","43",5,2,150,175,182.114,180.774,310.478,319.18,179.399,182.114,0.19261796564634,0.0409882290702117,0.151629736576129,2023-09-15,"CAREER - Phys","Porites compressa","Susceptible",5,2,243,19.40321854,NA,0.243,0.11393787864227
"304","43",5,3,275,180,181.111,185.842,320.23,329.18,180.895,185.91,0.635536337209301,0.0272478428480824,0.608288494361219,2023-09-15,"CAREER - Phys","Porites compressa","Susceptible",5,2,243,19.40321854,NA,0.243,0.457081191427253
"305","43",5,4,530,240,186.58,198.657,330.23,342.18,186.57,198.657,1.11817500636904,0.0136029466426858,1.10457205972635,2023-09-15,"CAREER - Phys","Porites compressa","Susceptible",5,2,243,19.40321854,NA,0.243,0.829999445587351
"306","43",5,5,730,180,199.868,212.466,343.23,352.18,199.868,212.581,1.41525650823979,0.000918049300417384,1.41433845893937,2023-09-15,"CAREER - Phys","Porites compressa","Susceptible",5,2,243,19.40321854,NA,0.243,1.06276464849506
"307","43",5,6,945,180,214.215,228.338,353.23,362.18,214.195,228.405,1.61687323075187,-0.0116762761276081,1.62854950687948,2023-09-15,"CAREER - Phys","Porites compressa","Susceptible",5,2,243,19.40321854,NA,0.243,1.22372748424978
"308","43",5,7,1190,273,230.11,254.418,363.23,376.83,230.11,254.418,1.79434569779517,-0.0238375213938983,1.81818321918906,2023-09-15,"CAREER - Phys","Porites compressa","Susceptible",5,2,243,19.40321854,NA,0.243,1.36622237600054
"309","44",5,1,0,601,191.075,174.197,403.476,433.474,174.131,191.075,-0.353949609683879,0.0157809834320848,-0.369730593115964,2023-09-15,"CAREER - Phys","Porites compressa","Resistant",5,6,245,14.93810056,NA,0.245,-0.363837403354893
"310","44",5,2,150,170,184.55,181.424,310.499,318.958,180.647,184.55,0.164206160123783,0.0409882290702117,0.123217931053571,2023-09-15,"CAREER - Phys","Porites compressa","Resistant",5,6,245,14.93810056,NA,0.245,0.121253942508437
"311","44",5,3,275,181,181.526,185.315,319.958,328.957,181.526,185.324,0.45096243450168,0.0272478428480824,0.423714591653597,2023-09-15,"CAREER - Phys","Porites compressa","Resistant",5,6,245,14.93810056,NA,0.245,0.41696094307909
"312","44",5,4,530,241,185.752,193.757,329.958,341.957,185.752,193.757,0.710390647521478,0.0136029466426858,0.696787700878792,2023-09-15,"CAREER - Phys","Porites compressa","Resistant",5,6,245,14.93810056,NA,0.245,0.685681500253486
"313","44",5,5,730,181,194.362,202.062,342.957,351.958,194.362,202.062,0.847560152614761,0.000918049300417384,0.846642103314344,2023-09-15,"CAREER - Phys","Porites compressa","Resistant",5,6,245,14.93810056,NA,0.245,0.833147351547944
"314","44",5,6,945,181,202.707,210.754,352.958,361.957,202.707,210.847,0.924869113162507,-0.0116762761276081,0.936545389290115,2023-09-15,"CAREER - Phys","Porites compressa","Resistant",5,6,245,14.93810056,NA,0.245,0.921617655957504
"315","44",5,7,1190,278,211.853,225.139,362.957,376.808,211.824,225.139,0.972074006408075,-0.0238375213938983,0.995911527801973,2023-09-15,"CAREER - Phys","Porites compressa","Resistant",5,6,245,14.93810056,NA,0.245,0.98003754894317
"316","45",5,1,0,601,147.564,137.987,403.473,433.48,137.987,147.564,-0.31620420735199,0.0157809834320848,-0.331985190784075,2023-09-15,"CAREER - Phys","Porites compressa","Susceptible",5,7,244,16.52711027,NA,0.244,-0.294078221399733
"317","45",5,2,150,169,143.506,144.564,310.489,318.897,143.502,144.594,0.126862482269924,0.0409882290702117,0.0858742531997128,2023-09-15,"CAREER - Phys","Porites compressa","Susceptible",5,7,244,16.52711027,NA,0.244,0.0760688980895748
"318","45",5,3,275,181,144.621,147.22,319.897,328.897,144.611,147.232,0.320035200982406,0.0272478428480824,0.292787358134324,2023-09-15,"CAREER - Phys","Porites compressa","Susceptible",5,7,244,16.52711027,NA,0.244,0.259356103581349
"319","45",5,4,530,241,147.517,153.581,329.897,341.897,147.517,153.65,0.542395176260489,0.0136029466426858,0.528792229617803,2023-09-15,"CAREER - Phys","Porites compressa","Susceptible",5,7,244,16.52711027,NA,0.244,0.468413298824359
"320","45",5,5,730,181,154.233,160.221,342.897,351.897,154.233,160.305,0.66906364800406,0.000918049300417384,0.668145598703643,2023-09-15,"CAREER - Phys","Porites compressa","Susceptible",5,7,244,16.52711027,NA,0.244,0.591854922319783
"321","45",5,6,945,181,160.947,167.522,352.897,361.897,160.947,167.609,0.74184524307024,-0.0116762761276081,0.753521519197848,2023-09-15,"CAREER - Phys","Porites compressa","Susceptible",5,7,244,16.52711027,NA,0.244,0.667482388683578
"322","45",5,7,1190,278,168.263,179.443,362.897,376.747,168.263,179.449,0.808717085310673,-0.0238375213938983,0.832554606704571,2023-09-15,"CAREER - Phys","Porites compressa","Susceptible",5,7,244,16.52711027,NA,0.244,0.73749126393134
"323","46",3,1,0,413,156.215,148.99,93.244,113.841,148.944,156.244,-0.367792254259129,0.0157809834320848,-0.383573237691214,2023-09-15,"CAREER - Phys","Porites compressa","Resistant",3,8,244,19.41592567,NA,0.244,-0.289221966299347
"324","46",3,2,150,177,162.887,165.649,0,8.808,162.669,165.691,0.341621203359126,0.0409882290702117,0.300632974288914,2023-09-15,"CAREER - Phys","Porites compressa","Resistant",3,8,244,19.41592567,NA,0.244,0.226683332970841
"325","46",3,3,275,200,166.059,172.777,9.858,19.808,166.059,172.777,0.707188683134715,0.0272478428480824,0.679940840286633,2023-09-15,"CAREER - Phys","Porites compressa","Resistant",3,8,244,19.41592567,NA,0.244,0.512689122887248
"326","46",3,4,530,200,173.452,182.953,20.857,30.808,173.375,182.953,0.986453477236204,0.0136029466426858,0.972850530593518,2023-09-15,"CAREER - Phys","Porites compressa","Resistant",3,8,244,19.41592567,NA,0.244,0.733548943787706
"327","46",3,5,730,160,183.954,193.057,31.858,39.808,183.954,193.057,1.17080211281164,0.000918049300417384,1.16988406351122,2023-09-15,"CAREER - Phys","Porites compressa","Resistant",3,8,244,19.41592567,NA,0.244,0.88211620609301
"328","46",3,6,945,180,194.135,205.406,40.858,49.808,194.123,205.521,1.26875333251582,-0.0116762761276081,1.28042960864343,2023-09-15,"CAREER - Phys","Porites compressa","Resistant",3,8,244,19.41592567,NA,0.244,0.965469779249509
"329","46",3,7,1190,246,206.762,223.552,50.858,63.741,206.762,223.552,1.28920090386437,-0.0238375213938983,1.31303842525827,2023-09-15,"CAREER - Phys","Porites compressa","Resistant",3,8,244,19.41592567,NA,0.244,0.990057485411719
