Colony_ID,Run,Interval,Light_Value,N_points,O2_start,O2_end,DeltaT_min,DeltaT_max,O2_min,O2_max,Slope,Avg_Blank_Slope,Blank_Corrected_Slope
1,6,1,0,533,212.421,184.513,556.047,582.645,184.457,212.421,-1.008871590315869,-0.041732685665987465,-0.9671389046498815
1,6,2,150,170,283.831,300.659,471.198,479.645,283.831,300.659,1.4050265573043943,0.35090320333479835,1.054123353969596
1,6,3,275,180,302.144,321.217,480.695,489.645,301.967,321.217,2.3174478732276436,0.46242180109472414,1.8550260721329195
1,6,4,530,220,323.479,354.535,490.695,501.645,323.479,354.535,2.9482773309884376,0.547823591086577,2.4004537399018604
1,6,5,730,180,357.877,383.999,502.695,511.645,357.754,383.999,2.914397425041559,0.5758706214681443,2.338526803573415
1,6,6,945,180,386.928,411.323,512.695,521.645,386.615,411.323,2.774446402653953,0.5658108965110179,2.2086355061429352
1,6,7,1190,201,413.535,438.331,522.695,532.695,413.535,438.331,2.5859350144239794,0.5531831177695788,2.0327518966544007
201,6,1,0,532,192.565,175.217,556.616,583.164,175.21,192.565,-0.37316189595021115,-0.041732685665987465,-0.3314292102842237
201,6,2,150,168,253.001,259.817,471.809,480.164,253.001,259.817,0.33740832831135875,0.35090320333479835,-0.013494875023439601
201,6,3,275,180,259.988,265.594,481.213,490.163,259.664,265.594,0.7149249086539208,0.46242180109472414,0.25250310755919664
201,6,4,530,220,266.703,278.034,491.213,502.163,266.352,278.034,1.0928707974685243,0.547823591086577,0.5450472063819474
201,6,5,730,180,279.458,290.792,503.213,512.164,279.17,290.792,1.310099177206857,0.5758706214681443,0.7342285557387128
201,6,6,945,180,292.149,304.032,513.214,522.163,292.149,304.032,1.3368451309151639,0.5658108965110179,0.771034234404146
201,6,7,1190,202,305.588,316.424,523.214,533.263,305.414,316.599,1.0931111293870888,0.5531831177695788,0.5399280116175099
28,6,1,0,531,145.356,125.522,556.615,583.116,125.522,145.356,-0.5818149685532417,-0.041732685665987465,-0.5400822828872542
28,6,2,150,168,190.436,198.14,471.805,480.148,190.436,198.153,0.5907794626990318,0.35090320333479835,0.23987625936423346
28,6,3,275,181,198.654,206.924,481.148,490.148,198.654,206.966,1.0112537362424412,0.46242180109472414,0.5488319351477171
28,6,4,530,221,207.963,221.876,491.149,502.149,207.951,221.876,1.308473366764204,0.547823591086577,0.7606497756776269
28,6,5,730,181,222.963,235.551,503.149,512.149,222.963,235.551,1.403478490459484,0.5758706214681443,0.8276078689913396
28,6,6,945,181,236.768,249.339,513.149,522.149,236.768,249.409,1.4258359185751077,0.5658108965110179,0.8600250220640898
28,6,7,1190,204,250.794,264.9,523.148,533.298,250.794,264.983,1.416483847678925,0.5531831177695788,0.8633007299093461
29,6,1,0,530,193.678,162.278,556.595,583.052,162.278,193.678,-0.8716589988958462,-0.041732685665987465,-0.8299263132298588
29,6,2,150,164,249.932,254.706,471.924,480.069,249.903,254.71,0.590209700318222,0.35090320333479835,0.2393064969834236
29,6,3,275,181,255.34,265.374,481.068,490.068,255.105,265.379,1.2311958621434087,0.46242180109472414,0.7687740610486846
29,6,4,530,221,266.825,288.067,491.069,502.069,266.808,288.067,2.0013279414070424,0.547823591086577,1.4535043503204654
29,6,5,730,181,290.473,312.918,503.069,512.069,290.43,312.918,2.539892279091511,0.5758706214681443,1.9640216576233667
29,6,6,945,181,315.599,340.315,513.069,522.069,315.599,340.315,2.7516158999398717,0.5658108965110179,2.185805003428854
29,6,7,1190,206,343.074,362.226,523.069,533.318,343.074,362.68,2.164682590929711,0.5531831177695788,1.6114994731601322
2,6,1,0,529,187.142,151.736,556.591,582.992,151.736,187.142,-1.1935143621638444,-0.041732685665987465,-1.151781676497857
2,6,2,150,163,252.177,265.272,471.91,480.009,252.177,265.429,1.6417052994262722,0.35090320333479835,1.290802096091474
2,6,3,275,181,266.864,291.437,481.009,490.009,266.864,291.437,2.9242141014101195,0.46242180109472414,2.461792300315395
2,6,4,530,221,294.536,334.66,491.009,502.009,294.343,334.705,3.7906787559152115,0.547823591086577,3.242855164828635
2,6,5,730,181,338.579,371.004,503.009,512.009,338.579,371.004,3.751328158382048,0.5758706214681443,3.1754575369139038
2,6,6,945,181,374.442,403.995,513.009,522.009,374.442,404.14,3.2085753154890897,0.5658108965110179,2.642764418978072
2,6,7,1190,205,407.208,420.5,523.009,533.209,407.208,423.762,3.0627575755862733,0.5531831177695788,2.5095744578166945
12,6,1,0,528,191.809,172.465,556.589,582.941,172.399,191.809,-0.43905363586828,-0.041732685665987465,-0.3973209502022925
12,6,2,150,162,239.146,249.956,471.9,479.957,239.034,250.019,0.853903605695624,0.35090320333479835,0.5030004023608257
12,6,3,275,181,250.701,256.784,480.957,489.957,250.626,256.784,0.714350180917449,0.46242180109472414,0.2519283798227248
12,6,4,530,221,257.636,267.691,490.958,501.958,257.324,267.691,0.9738782011318481,0.547823591086577,0.4260546100452711
12,6,5,730,181,268.792,278.628,502.958,511.957,268.792,278.876,1.11626765216305,0.5758706214681443,0.5403970306949056
12,6,6,945,181,279.755,289.634,512.957,521.958,279.751,289.64,1.0901726898330402,0.5658108965110179,0.5243617933220223
12,6,7,1190,207,290.832,301.069,522.957,533.257,290.789,301.182,1.0045727928944077,0.5531831177695788,0.45138967512482886
225,6,1,0,527,143.161,113.609,556.585,582.88,113.546,143.161,-1.104075130254941,-0.041732685665987465,-1.0623424445889535
225,6,2,150,161,191.032,197.076,471.9,479.897,191.025,197.076,0.7819860685905283,0.35090320333479835,0.43108286525573
225,6,3,275,181,197.735,211.859,480.896,489.896,197.68,211.871,1.7548143930579045,0.46242180109472414,1.2923925919631805
225,6,4,530,221,213.904,241.126,490.897,501.897,213.86,241.126,2.6313174023183863,0.547823591086577,2.0834938112318095
225,6,5,730,181,243.896,267.741,502.897,511.897,243.891,267.741,2.6939919441739635,0.5758706214681443,2.1181213227058193
225,6,6,945,181,270.184,293.465,512.897,521.897,270.184,293.549,2.660325109034252,0.5658108965110179,2.0945142125232343
225,6,7,1190,208,296.179,318.897,522.897,533.247,295.007,319.152,2.3786147854647406,0.5531831177695788,1.8254316676951619
4,6,1,0,526,179.79,168.666,556.584,582.841,168.653,179.835,-0.428115998443503,-0.041732685665987465,-0.38638331277751553
4,6,2,150,160,248.6,252.397,471.89,479.841,248.6,252.397,0.42874936587985835,0.35090320333479835,0.07784616254506
4,6,3,275,181,252.697,259.646,480.841,489.841,252.697,259.747,0.8693612535124108,0.46242180109472414,0.40693945241768664
4,6,4,530,221,260.679,273.8,490.841,501.841,260.679,273.8,1.2417544819641488,0.547823591086577,0.6939308908775719
4,6,5,730,181,274.987,286.996,502.841,511.841,274.987,286.996,1.3094117942412322,0.5758706214681443,0.733541172773088
4,6,6,945,181,288.032,297.614,512.841,521.841,288.032,297.614,1.2305509994600894,0.5658108965110179,0.6647401029490715
4,6,7,1190,209,299.121,312.328,522.841,533.242,299.121,312.613,1.2970773233415565,0.5531831177695788,0.7438942055719776
226,6,1,0,525,178.245,136.512,556.563,582.769,136.512,178.245,-1.5718172828149914,-0.041732685665987465,-1.530084597149004
226,6,2,150,159,234.402,241.582,471.868,479.77,234.315,241.582,1.101197976341564,0.35090320333479835,0.7502947730067657
226,6,3,275,181,242.847,263.485,480.77,489.77,242.847,263.485,2.4387622371312454,0.46242180109472414,1.9763404360365213
226,6,4,530,221,265.992,304.723,490.77,501.77,265.992,304.723,3.733292227925793,0.547823591086577,3.185468636839216
226,6,5,730,181,309.716,344.684,502.77,511.77,309.716,344.684,4.101764760002796,0.5758706214681443,3.525894138534652
226,6,6,945,181,350.284,384.374,512.77,521.77,350.268,384.374,3.872381775214187,0.5658108965110179,3.306570878703169
226,6,7,1190,210,387.959,408.613,522.77,533.219,387.838,409.867,2.227123950904154,0.5531831177695788,1.673940833134575
202,6,1,0,523,182.255,172.399,557.967,584.062,172.264,182.255,-0.40832666169377513,-0.041732685665987465,-0.36659397602778765
202,6,2,150,157,249.983,252.935,473.221,481.029,249.842,252.935,0.3868320463838391,0.35090320333479835,0.03592884304904076
202,6,3,275,180,253.305,258.924,482.079,491.029,253.274,259.118,0.6855339394565395,0.46242180109472414,0.22311213836181537
202,6,4,530,220,259.631,269.433,492.079,503.029,259.543,269.433,0.8944858087627425,0.547823591086577,0.34666221767616556
202,6,5,730,180,270.288,278.735,504.079,513.029,270.238,278.948,0.9488339659535311,0.5758706214681443,0.3729633444853868
202,6,6,945,180,279.643,288.214,514.079,523.029,279.607,288.214,0.9430445050124076,0.5658108965110179,0.37723360850138965
202,6,7,1190,201,288.939,297.993,524.079,534.079,288.867,298.007,0.8976966075629658,0.5531831177695788,0.3445134897933869
20,7,1,0,480,204.787,181.681,86.576,110.527,181.681,204.787,-0.8563573899599038,-0.041732685665987465,-0.8146247042939164
20,7,2,150,172,209.905,214.136,0,8.543,206.212,214.136,1.2436599656299296,0.35090320333479835,0.8927567622951313
20,7,3,275,180,215.433,232.164,9.593,18.543,215.433,232.164,1.9113147560379034,0.46242180109472414,1.4488929549431793
20,7,4,530,180,234.172,254.617,19.594,28.544,234.144,254.617,2.3186201336395755,0.547823591086577,1.7707965425529986
20,7,5,730,180,257.15,280.611,29.593,38.544,257.15,280.611,2.664964514373063,0.5758706214681443,2.089093892904919
20,7,6,945,220,283.721,316.291,39.593,50.543,283.721,316.291,3.006581969411609,0.5658108965110179,2.440771072900591
20,7,7,1190,261,319.619,359.326,51.593,64.594,319.619,359.363,3.0819485416345986,0.5531831177695788,2.52876542386502
43,7,1,0,480,188.414,160.377,86.558,110.508,160.377,188.414,-0.6822668293705727,-0.041732685665987465,-0.6405341437045853
43,7,2,150,171,186.104,184.012,0,8.509,178.398,186.104,0.93392029300971,0.35090320333479835,0.5830170896749116
43,7,3,275,180,185.084,200.087,9.558,18.509,185.084,200.087,1.7456541501012146,0.46242180109472414,1.2832323490064905
43,7,4,530,180,201.92,224.28,19.558,28.509,201.885,224.28,2.623965017772506,0.547823591086577,2.076141426685929
43,7,5,730,180,227.364,254.51,29.558,38.508,227.352,254.51,3.0865759769794696,0.5758706214681443,2.5107053555113255
43,7,6,945,220,257.671,295.326,39.559,50.509,257.671,295.326,3.402137042328999,0.5658108965110179,2.8363261458179814
43,7,7,1190,262,298.555,347.288,51.558,64.609,298.555,347.288,3.7514027287460974,0.5531831177695788,3.1982196109765186
207,7,1,0,480,143.576,128.033,86.525,110.475,128.033,143.576,-0.333859885517241,-0.041732685665987465,-0.2921271998512535
207,7,2,150,170,141.652,141.253,0,8.458,137.375,141.652,0.6525340766119482,0.35090320333479835,0.3016308732771498
207,7,3,275,180,142.001,149.525,9.508,18.458,142.001,149.541,0.8446289353817497,0.46242180109472414,0.3822071342870255
207,7,4,530,180,150.38,159.074,19.508,28.458,150.38,159.074,1.000669318550888,0.547823591086577,0.45284572746431095
207,7,5,730,180,160.027,169.012,29.508,38.458,160.027,169.012,1.009731653848924,0.5758706214681443,0.4338610323807798
207,7,6,945,220,170.136,180.999,39.508,50.458,170.029,181.157,1.0140257106923307,0.5658108965110179,0.4482148141813128
207,7,7,1190,262,182.255,195.228,51.508,64.558,182.205,195.228,0.9959287564727879,0.5531831177695788,0.44274563870320904
42,7,1,0,480,179.515,161.522,86.482,110.432,161.522,179.515,-0.7183813727280447,-0.041732685665987465,-0.6766486870620573
42,7,2,150,170,186.837,190.801,0,8.449,182.675,190.801,1.2081359874998951,0.35090320333479835,0.8572327841650969
42,7,3,275,181,191.89,207.459,9.449,18.449,191.89,207.498,1.7674398615148812,0.46242180109472414,1.3050180604201571
42,7,4,530,181,209.393,228.902,19.449,28.449,209.378,228.902,2.223407539017578,0.547823591086577,1.675583947931001
42,7,5,730,181,231.079,253.179,29.449,38.449,231.079,253.179,2.4808441811139996,0.5758706214681443,1.9049735596458555
42,7,6,945,221,255.803,285.038,39.449,50.448,255.803,285.038,2.6635833743935704,0.5658108965110179,2.0977724778825526
42,7,7,1190,264,287.642,324.094,51.449,64.599,287.642,324.094,2.7954063726078164,0.5531831177695788,2.2422232548382377
205,7,1,0,480,179.501,165.367,86.442,110.392,165.366,179.501,-0.5495319950822778,-0.041732685665987465,-0.5077993094162904
205,7,2,150,169,188.428,186.879,0,8.408,181.782,188.428,0.836201195858707,0.35090320333479835,0.48529799252390865
205,7,3,275,181,187.757,199.095,9.409,18.408,187.757,199.095,1.3090695874600118,0.46242180109472414,0.8466477863652877
205,7,4,530,181,200.373,215.163,19.408,28.408,200.358,215.163,1.689692668606512,0.547823591086577,1.141869077519935
205,7,5,730,181,216.778,233.39,29.409,38.408,216.778,233.39,1.8580958666403495,0.5758706214681443,1.2822252451722052
205,7,6,945,221,235.472,257.1,39.408,50.408,235.282,257.1,2.0007288792659628,0.5658108965110179,1.434917982754945
205,7,7,1190,264,259.088,285.501,51.409,64.559,259.088,285.501,1.998410170961829,0.5531831177695788,1.4452270531922502
41,7,1,0,480,187.082,158.292,86.415,110.374,158.248,187.082,-0.7779462633934088,-0.041732685665987465,-0.7362135777274214
41,7,2,150,168,189.608,183.804,0,8.357,180.598,189.608,0.8323920696302796,0.35090320333479835,0.4814888662954812
41,7,3,275,180,184.752,198.134,9.406,18.357,184.752,198.134,1.6024782775011912,0.46242180109472414,1.1400564764064671
41,7,4,530,180,199.784,217.759,19.406,28.357,199.784,217.759,2.141592822885134,0.547823591086577,1.593769231798557
41,7,5,730,180,220.02,241.851,29.406,38.356,220.02,241.851,2.522345903857457,0.5758706214681443,1.9464752823893128
41,7,6,945,220,244.574,274.577,39.407,50.357,244.574,274.593,2.8261956643944464,0.5658108965110179,2.2603847678834286
41,7,7,1190,260,277.336,312.687,51.407,64.356,277.336,312.706,2.7035931075658164,0.5531831177695788,2.1504099897962377
44,7,1,0,478,145.259,129.867,86.449,110.299,129.867,145.259,-0.44218893553192473,-0.041732685665987465,-0.40045624986593725
44,7,2,150,167,139.812,144.537,0,8.3,139.033,144.747,0.7883233108072244,0.35090320333479835,0.43742010747242605
44,7,3,275,180,145.44,154.363,9.349,18.3,145.44,154.374,1.0222271361038415,0.46242180109472414,0.5598053350091174
44,7,4,530,180,155.377,166.674,19.35,28.3,155.377,166.685,1.2923695650702614,0.547823591086577,0.7445459739836844
44,7,5,730,180,168.081,182.005,29.349,38.3,168.081,182.005,1.6413282116411188,0.5758706214681443,1.0654575901729744
44,7,6,945,220,183.797,202.74,39.35,50.3,183.797,202.74,1.7459959986786928,0.5658108965110179,1.180185102167675
44,7,7,1190,266,204.298,228.203,51.35,64.6,204.298,228.317,1.8329703158484527,0.5531831177695788,1.279787198078874
3,7,1,0,477,174.02,164.736,86.463,110.262,164.532,174.157,-0.36516472729357125,-0.041732685665987465,-0.32343204162758377
3,7,2,150,167,176.641,180.033,0,8.295,174.935,180.033,0.7838243324489538,0.35090320333479835,0.4329211291141554
3,7,3,275,181,180.727,189.919,9.296,18.295,180.727,189.919,1.0525848774084932,0.46242180109472414,0.5901630763137691
3,7,4,530,181,191.049,202.57,19.295,28.295,190.94,202.57,1.3238115530063859,0.547823591086577,0.7759879619198089
3,7,5,730,181,203.792,217.092,29.296,38.295,203.792,217.092,1.465678964816937,0.5758706214681443,0.8898083433487928
3,7,6,945,221,218.463,236.03,39.295,50.295,218.463,236.03,1.6231298714765712,0.5658108965110179,1.0573189749655532
3,7,7,1190,265,237.76,258.917,51.296,64.496,237.76,258.917,1.61784233561282,0.5531831177695788,1.064659217843241
19,7,1,0,476,173.166,156.43,86.489,110.245,156.43,173.166,-0.6838308826450273,-0.041732685665987465,-0.6420981969790399
19,7,2,150,166,180.138,185.289,0,8.246,178.201,185.289,1.0897972632061574,0.35090320333479835,0.7388940598713591
19,7,3,275,180,186.312,199.455,9.295,18.245,186.312,199.455,1.5157201060040322,0.46242180109472414,1.053298304909308
19,7,4,530,180,201.111,218.357,19.295,28.245,201.111,218.357,2.0162012933941,0.547823591086577,1.4683777023075228
19,7,5,730,180,220.41,239.829,29.295,38.245,220.41,239.833,2.189827076542594,0.5758706214681443,1.6139564550744496
19,7,6,945,220,242.211,268.228,39.295,50.245,242.211,268.228,2.3586013059225195,0.5658108965110179,1.7927904094115017
19,7,7,1190,266,270.403,300.963,51.295,64.545,270.276,300.994,2.319781653907322,0.5531831177695788,1.7665985361377432
plug conditioned,7,1,0,473,176.978,175.564,86.511,110.118,175.467,176.978,-0.041732685665987465,-0.041732685665987465,0
plug conditioned,7,2,150,165,178.443,180.155,0,8.201,177.785,180.319,0.35090320333479835,0.35090320333479835,0
plug conditioned,7,3,275,180,180.595,184.839,9.252,18.202,180.595,184.839,0.46242180109472414,0.46242180109472414,0
plug conditioned,7,4,530,180,185.23,189.853,19.251,28.202,185.16,189.971,0.547823591086577,0.547823591086577,0
plug conditioned,7,5,730,180,190.502,195.658,29.251,38.201,190.502,195.71,0.5758706214681443,0.5758706214681443,0
plug conditioned,7,6,945,220,196.375,202.494,39.251,50.202,196.274,202.494,0.5658108965110179,0.5658108965110179,0
plug conditioned,7,7,1190,267,203.118,210.337,51.252,64.551,203.038,210.393,0.5531831177695788,0.5531831177695788,0
237,9,1,0,440,202.442,181.937,229.687,251.644,181.937,202.442,-0.6416616830064943,-0.041732685665987465,-0.5999289973405069
237,9,2,150,155,194.882,192.851,148.94,156.644,190.866,194.882,0.4522479531545947,0.35090320333479835,0.10134474981979635
237,9,3,275,180,193.411,202.397,157.694,166.643,193.303,202.397,1.1469744480022113,0.46242180109472414,0.6845526469074872
237,9,4,530,180,203.71,218.181,167.693,176.644,203.662,218.193,1.7194434654647393,0.547823591086577,1.1716198743781623
237,9,5,730,180,220.029,237.448,177.694,186.644,220.029,237.448,1.9994547214211384,0.5758706214681443,1.4235840999529943
237,9,6,945,180,239.601,259.113,187.693,196.644,239.584,259.113,2.1941560914226583,0.5658108965110179,1.6283451949116405
237,9,7,1190,210,261.703,286.431,197.694,208.144,261.525,286.431,2.393683981873796,0.5531831177695788,1.840500864104217
240,10,1,0,475,200.453,181.891,370.951,394.644,181.891,200.453,-0.6036358042770755,-0.041732685665987465,-0.5619031186110881
240,10,2,150,155,200.795,203.711,286.933,294.627,199.935,203.711,0.7593759377604996,0.35090320333479835,0.40847273442570126
240,10,3,275,180,204.572,216.623,295.677,304.627,204.568,216.623,1.375214804063869,0.46242180109472414,0.9127930029691449
240,10,4,530,180,218.05,234.633,305.677,314.627,218.05,234.633,1.928291548024162,0.547823591086577,1.380467956937585
240,10,5,730,180,236.509,255.159,315.677,324.627,236.509,255.159,2.0472705873736787,0.5758706214681443,1.4713999659055346
240,10,6,945,260,257.244,287.117,325.677,338.627,257.211,287.117,2.310413643977456,0.5658108965110179,1.744602747466438
240,10,7,1190,204,289.373,314.692,339.677,349.827,289.339,314.692,2.5009041662562885,0.5531831177695788,1.9477210484867098
203,9,1,0,439,175.913,155.365,229.685,251.584,155.365,175.913,-0.6860444959230113,-0.041732685665987465,-0.6443118102570239
203,9,2,150,154,173.268,173.224,148.93,156.584,167.887,173.32,1.0227986911298574,0.35090320333479835,0.6718954877950591
203,9,3,275,180,174.472,189.188,157.634,166.584,174.472,189.188,1.9050464862146377,0.46242180109472414,1.4426246851199136
203,9,4,530,180,191.29,213.437,167.634,176.585,191.23,213.437,2.564940725814547,0.547823591086577,2.01711713472797
203,9,5,730,180,216.047,241.15,177.634,186.585,216.047,241.195,2.8701683586915676,0.5758706214681443,2.2942977372234235
203,9,6,945,180,244.143,271.007,187.634,196.584,244.143,271.007,3.006596234777547,0.5658108965110179,2.440785338266529
203,9,7,1190,212,274.337,306.091,197.634,208.184,274.204,306.158,3.050087099884808,0.5531831177695788,2.4969039821152292
26,10,1,0,474,173.938,156.133,370.942,394.584,156.121,173.938,-0.6409432651793933,-0.041732685665987465,-0.5992105795134058
26,10,2,150,154,171.782,175.025,286.931,294.584,171.183,175.025,0.5946441369624317,0.35090320333479835,0.24374093362763333
26,10,3,275,180,175.718,186.503,295.635,304.584,175.698,186.503,1.258613189601558,0.46242180109472414,0.7961913885068339
26,10,4,530,180,187.81,201.931,305.634,314.584,187.81,201.984,1.64251420881976,0.547823591086577,1.094690617733183
26,10,5,730,180,203.631,219.518,315.635,324.584,203.631,219.518,1.7694617897790874,0.5758706214681443,1.193591168310943
26,10,6,945,260,221.395,245.701,325.634,338.584,221.395,245.701,1.8996010720064687,0.5658108965110179,1.3337901754954506
26,10,7,1190,205,247.802,268.533,339.634,349.834,247.802,268.533,2.0360833371392184,0.5531831177695788,1.4829002193696397
241,9,1,0,439,146.49,118.989,229.683,251.581,118.989,146.49,-0.5257621532376509,-0.041732685665987465,-0.4840294675716634
241,9,2,150,154,130.189,130.487,148.924,156.582,127.256,130.487,0.6288673146632437,0.35090320333479835,0.2779641113284454
241,9,3,275,181,131.033,141.067,157.582,166.582,131.033,141.067,1.3025354011775057,0.46242180109472414,0.8401136000827816
241,9,4,530,181,142.401,158.098,167.582,176.582,142.401,158.098,1.86121370136032,0.547823591086577,1.313390110273743
241,9,5,730,181,159.944,179.089,177.582,186.582,159.944,179.089,2.173579031879764,0.5758706214681443,1.5977084104116197
241,9,6,945,181,181.285,202.931,187.582,196.582,181.285,202.931,2.405664289681526,0.5658108965110179,1.8398533931705083
241,9,7,1190,213,205.266,233.065,197.582,208.182,205.266,233.065,2.6104189921856227,0.5531831177695788,2.057235874416044
210,10,1,0,474,143.04,119.542,370.934,394.582,119.542,143.04,-0.4954735638258724,-0.041732685665987465,-0.4537408781598849
210,10,2,150,153,133.741,138.307,286.94,294.548,133.307,138.313,0.8693921390328372,0.35090320333479835,0.5184889356980389
210,10,3,275,180,139.31,151.82,295.599,304.549,139.31,151.82,1.5113772493503304,0.46242180109472414,1.0489554482556063
210,10,4,530,180,153.433,170.058,305.598,314.548,153.433,170.058,1.962138426123014,0.547823591086577,1.414314835036437
210,10,5,730,180,172.176,192.254,315.599,324.549,172.176,192.254,2.270760163561292,0.5758706214681443,1.694889542093148
210,10,6,945,260,194.679,225.918,325.599,338.549,194.679,225.986,2.4138140377512882,0.5658108965110179,1.8480031412402704
210,10,7,1190,206,228.427,253.259,339.598,349.849,228.427,253.259,2.442824096819436,0.5531831177695788,1.8896409790498572
236,9,1,0,438,176.803,156.456,229.684,251.53,156.444,176.803,-0.8019445115647985,-0.041732685665987465,-0.7602118258988111
236,9,2,150,153,169.437,174.464,148.918,156.514,169.332,174.464,0.7844695094306896,0.35090320333479835,0.43356630609589125
236,9,3,275,180,175.26,188.599,157.563,166.514,175.26,188.599,1.670978108615278,0.46242180109472414,1.2085563075205539
236,9,4,530,180,190.44,211.024,167.564,176.514,190.44,211.024,2.443562028994038,0.547823591086577,1.8957384379074609
236,9,5,730,180,213.771,238.154,177.563,186.514,213.771,238.154,2.8302816122351544,0.5758706214681443,2.2544109907670102
236,9,6,945,180,241.208,268.658,187.564,196.513,241.208,268.658,3.1093475621155604,0.5658108965110179,2.5435366656045426
236,9,7,1190,213,272.116,306.877,197.564,208.163,272.116,306.889,3.2923523320947017,0.5531831177695788,2.739169214325123
27,10,1,0,473,184.388,153.716,370.929,394.53,153.716,184.388,-0.8857278469476083,-0.041732685665987465,-0.8439951612816209
27,10,2,150,152,175.893,182.599,286.957,294.513,175.522,182.607,1.1291086022048535,0.35090320333479835,0.7782053988700552
27,10,3,275,180,183.909,205.574,295.564,304.514,183.909,205.574,2.6290954877154866,0.46242180109472414,2.1666736866207623
27,10,4,530,180,208.365,239.828,305.563,314.513,208.365,239.828,3.6642719998704583,0.547823591086577,3.1164484087838815
27,10,5,730,180,243.676,280.988,315.564,324.514,243.676,281.012,4.223485660452761,0.5758706214681443,3.647615038984617
27,10,6,945,260,285.673,343.247,325.564,338.514,285.673,343.247,4.492218786918933,0.5658108965110179,3.926407890407915
27,10,7,1190,207,347.752,392.963,339.563,349.863,347.752,392.963,4.36281728184144,0.5531831177695788,3.809634164071861
242,9,1,0,437,177.849,158.063,229.692,251.497,158.063,177.849,-0.6070119558449311,-0.041732685665987465,-0.5652792701789436
242,9,2,150,153,167.986,170.375,148.915,156.514,167.585,170.375,0.4461000365782813,0.35090320333479835,0.09519683324348294
242,9,3,275,181,170.949,179.173,157.514,166.513,170.801,179.177,1.042237354522012,0.46242180109472414,0.579815553427288
242,9,4,530,181,180.171,193.627,167.513,176.514,180.171,193.627,1.577370694154492,0.547823591086577,1.029547103067915
242,9,5,730,181,195.3,211.63,177.514,186.514,195.3,211.68,1.904046853135764,0.5758706214681443,1.3281762316676198
242,9,6,945,181,213.551,232.463,187.514,196.513,213.489,232.501,2.1433943034560374,0.5658108965110179,1.5775834069450196
242,9,7,1190,214,234.727,259.183,197.513,208.163,234.604,259.183,2.305834747089828,0.5531831177695788,1.7526516293202494
248,10,1,0,472,190.862,156.827,370.929,394.48,156.827,190.862,-0.7642634957533321,-0.041732685665987465,-0.7225308100873447
248,10,2,150,151,175.466,182.133,286.979,294.48,175.299,182.133,0.9321945226391816,0.35090320333479835,0.5812913193043832
248,10,3,275,180,182.996,197.71,295.531,304.48,182.996,197.71,1.6792896066535306,0.46242180109472414,1.2168678055588065
248,10,4,530,180,199.407,221.051,305.53,314.48,199.407,221.051,2.4823376024398143,0.547823591086577,1.9345140113532373
248,10,5,730,180,223.645,251.651,315.531,324.48,223.645,251.651,3.144343092837615,0.5758706214681443,2.568472471369471
248,10,6,945,260,255.035,301.276,325.53,338.48,255.035,301.276,3.6907093181757085,0.5658108965110179,3.1248984216646907
248,10,7,1190,207,304.949,345.483,339.53,349.83,304.949,345.483,3.8679814308563527,0.5531831177695788,3.314798313086774
235,9,1,0,436,180.876,156.146,229.685,251.435,156.146,180.876,-0.6815075143001081,-0.041732685665987465,-0.6397748286341207
235,9,2,150,152,170.4,171.59,148.919,156.468,167.494,171.59,0.8132396565183451,0.35090320333479835,0.4623364531835467
235,9,3,275,181,172.58,186.252,157.468,166.468,172.58,186.252,1.683924196089325,0.46242180109472414,1.221502394994601
235,9,4,530,181,188.048,208.714,167.468,176.468,188.026,208.714,2.4942031348622,0.547823591086577,1.9463795437756228
235,9,5,730,181,211.299,237.307,177.468,186.468,211.299,237.307,3.0013214641788832,0.5758706214681443,2.425450842710739
235,9,6,945,181,240.31,269.813,187.468,196.468,240.307,269.813,3.3730146321636845,0.5658108965110179,2.8072037356526667
235,9,7,1190,215,273.287,311.531,197.468,208.168,273.287,311.531,3.58926460648008,0.5531831177695788,3.036081488710501
209,10,1,0,471,181.545,162.398,370.934,394.434,162.39,181.545,-0.4375013678795441,-0.041732685665987465,-0.3957686822135566
209,10,2,150,150,178.697,184.014,286.993,294.452,177.555,184.014,1.2405519546971888,0.35090320333479835,0.8896487513623905
209,10,3,275,180,185.251,200.471,295.501,304.451,185.251,200.471,1.7570798233477198,0.46242180109472414,1.2946580222529958
209,10,4,530,180,202.407,219.884,305.501,314.451,202.266,219.908,2.0235583469303284,0.547823591086577,1.4757347558437515
209,10,5,730,180,221.917,240.659,315.501,324.451,221.917,240.659,2.094758587906454,0.5758706214681443,1.5188879664383097
209,10,6,945,260,242.871,270.489,325.501,338.451,242.857,270.489,2.126908366238675,0.5658108965110179,1.5610974697276574
209,10,7,1190,208,272.597,294.62,339.501,349.852,272.509,294.62,2.151079788416644,0.5531831177695788,1.5978966706470654
211,9,1,0,436,149.407,121.564,229.689,251.434,121.563,149.407,-0.6312624576265612,-0.041732685665987465,-0.5895297719605738
211,9,2,150,151,133.343,137.285,148.925,156.418,132.755,137.285,0.7671885625433671,0.35090320333479835,0.41628535920856874
211,9,3,275,180,138.118,150.606,157.468,166.418,138.063,150.606,1.668743171794946,0.46242180109472414,1.2063213707002218
211,9,4,530,180,152.532,173.302,167.468,176.418,152.433,173.302,2.479023799301125,0.547823591086577,1.931200208214548
211,9,5,730,180,176.045,200.06,177.468,186.418,176.045,200.06,2.772734372620907,0.5758706214681443,2.1968637511527627
211,9,6,945,180,203.116,229.075,187.468,196.419,203.116,229.173,2.9319215850702802,0.5658108965110179,2.3661106885592624
211,9,7,1190,215,232.402,265.039,197.468,208.168,232.402,265.039,3.0670012950585614,0.5531831177695788,2.5138181772889827
247,10,1,0,471,135.024,119.801,370.936,394.435,119.801,135.024,-0.5957793519120103,-0.041732685665987465,-0.5540466662460228
247,10,2,150,149,136.696,143.281,287.01,294.418,136.696,143.311,0.9625304909845928,0.35090320333479835,0.6116272876497943
247,10,3,275,180,144.386,158.74,295.468,304.418,144.386,158.74,1.6904010707149484,0.46242180109472414,1.2279792696202243
247,10,4,530,180,160.553,180.163,305.468,314.418,160.553,180.163,2.266142713068804,0.547823591086577,1.718319121982227
247,10,5,730,180,182.548,205.553,315.468,324.418,182.502,205.553,2.6020772597890973,0.5758706214681443,2.026206638320953
247,10,6,945,260,208.167,244.817,325.468,338.418,208.167,244.817,2.8599383167277503,0.5658108965110179,2.2941274202167325
247,10,7,1190,209,248.128,279.77,339.468,349.868,248.128,279.909,3.096817454647186,0.5531831177695788,2.543634336877607
212,9,1,0,435,168.777,155.753,229.685,251.392,155.698,168.777,-0.4806005241948452,-0.041732685665987465,-0.43886783852885775
212,9,2,150,150,163.121,167.082,148.926,156.375,162.951,167.105,0.6173240551424511,0.35090320333479835,0.2664208518076528
212,9,3,275,180,167.76,177.328,157.426,166.375,167.76,177.328,1.1852593538107772,0.46242180109472414,0.7228375527160531
212,9,4,530,180,178.651,192.352,167.425,176.375,178.432,192.436,1.6187648099640901,0.547823591086577,1.0709412188775131
212,9,5,730,180,194.128,209.657,177.426,186.376,194.128,209.657,1.7820626654841383,0.5758706214681443,1.2061920440159941
212,9,6,945,180,211.493,227.859,187.425,196.376,211.493,227.859,1.8341251022065883,0.5658108965110179,1.2683142056955705
212,9,7,1190,216,229.686,249.411,197.425,208.176,229.686,249.474,1.8454610274121404,0.5531831177695788,1.2922779096425616
233,10,1,0,470,168.476,150.848,370.928,394.376,150.801,168.476,-0.7010092623857382,-0.041732685665987465,-0.6592765767197508
233,10,2,150,148,170.558,174.98,287.022,294.376,170.558,174.98,0.6303718587076498,0.35090320333479835,0.2794686553728514
233,10,3,275,180,175.759,188.332,295.425,304.375,175.709,188.332,1.4873240265888228,0.46242180109472414,1.0249022254940987
233,10,4,530,180,190.052,210.029,305.426,314.376,189.999,210.029,2.361111047188304,0.547823591086577,1.8132874561017271
233,10,5,730,180,212.801,238.754,315.426,324.375,212.757,238.754,2.887857080461544,0.5758706214681443,2.3119864589934
233,10,6,945,260,241.728,280.563,325.425,338.376,241.728,280.618,3.371231726497938,0.5658108965110179,2.8054208299869203
233,10,7,1190,210,283.589,320.491,339.426,349.875,283.589,320.584,3.695108088190308,0.5531831177695788,3.141924970420729
238,9,1,0,434,168.008,154.554,229.714,251.356,154.554,168.057,-0.5759181889774765,-0.041732685665987465,-0.5341855033114891
238,9,2,150,149,164.183,168.72,148.946,156.339,163.911,168.802,0.8426609014107884,0.35090320333479835,0.49175769807599007
238,9,3,275,180,169.616,180.97,157.39,166.339,169.616,180.97,1.3027801902807852,0.46242180109472414,0.8403583891860611
238,9,4,530,180,182.319,197.528,167.389,176.339,182.319,197.528,1.7918061087248498,0.547823591086577,1.2439825176382728
238,9,5,730,180,199.387,217.148,177.389,186.339,199.3,217.148,2.0180913981772215,0.5758706214681443,1.4422207767090773
238,9,6,945,180,218.978,238.489,187.389,196.34,218.978,238.489,2.1720064852975987,0.5658108965110179,1.6061955887865809
238,9,7,1190,217,240.833,265.003,197.389,208.189,240.833,265.006,2.2979121139023633,0.5531831177695788,1.7447289961327845
239,10,1,0,469,167.342,154.315,370.924,394.323,154.188,167.41,-0.5412531248854785,-0.041732685665987465,-0.499520439219491
239,10,2,150,147,170.882,178.037,287.044,294.339,170.816,178.037,1.0882253419158996,0.35090320333479835,0.7373221385811013
239,10,3,275,180,179.086,193.029,295.389,304.339,179.086,193.029,1.601452927881641,0.46242180109472414,1.1390311267869169
239,10,4,530,180,194.887,211.942,305.39,314.339,194.831,211.942,1.9535866943437035,0.547823591086577,1.4057631032571265
239,10,5,730,180,213.951,232.869,315.389,324.339,213.951,232.88,2.1264976334992425,0.5758706214681443,1.5506270120310983
239,10,6,945,260,234.957,263.663,325.389,338.339,234.957,263.7,2.229578078450371,0.5658108965110179,1.6637671819393534
239,10,7,1190,211,266.31,286.193,339.389,349.89,266.31,286.193,2.6077014475941094,0.5531831177695788,2.0545183298245306
204,9,1,0,433,171.57,163.053,229.721,251.319,163.053,171.57,-0.34429034338590064,-0.041732685665987465,-0.30255765771991316
204,9,2,150,156,168.806,175.036,148.565,156.319,168.709,175.036,0.8658376099737084,0.35090320333479835,0.5149344066389101
204,9,3,275,181,175.968,186.866,157.319,166.319,175.863,186.866,1.321007338999888,0.46242180109472414,0.8585855379051639
204,9,4,530,181,188.391,203.336,167.319,176.319,188.391,203.336,1.7582751680085171,0.547823591086577,1.2104515769219402
204,9,5,730,181,205.094,222.116,177.319,186.319,205.058,222.116,1.9258191415766142,0.5758706214681443,1.34994852010847
204,9,6,945,181,223.889,241.987,187.319,196.319,223.889,242.006,2.013577141685223,0.5658108965110179,1.447766245174205
204,9,7,1190,219,243.891,265.532,197.319,208.219,243.891,265.635,2.010115576513177,0.5531831177695788,1.4569324587435983
234,10,1,0,468,170.776,153.843,370.929,394.285,153.843,170.776,-0.7546165442672979,-0.041732685665987465,-0.7128838586013104
234,10,2,150,146,176.85,185.104,287.062,294.319,176.63,185.118,1.2449847314847362,0.35090320333479835,0.8940815281499379
234,10,3,275,181,186.469,204.73,295.319,304.319,186.355,204.73,2.123672165672171,0.46242180109472414,1.661250364577447
234,10,4,530,181,206.914,233.874,305.319,314.319,206.914,233.874,3.237975757575762,0.547823591086577,2.6901521664891854
234,10,5,730,181,237.216,271.665,315.319,324.319,237.216,271.665,3.8754781715000512,0.5758706214681443,3.299607550031907
234,10,6,945,261,275.795,332.041,325.319,338.319,275.795,332.041,4.386806539014231,0.5658108965110179,3.8209956425032128
234,10,7,1190,204,336.397,380.884,339.319,349.469,336.397,381.244,4.429624479431117,0.5531831177695788,3.876441361661538
